ID,right_forefemur,right_foretibia,right_ear
ACGN,13.714,14.2,3.621
ACIU,12.151,12.527,3.045
AGNG,12.167,12.591,2.934
AIZJ,12.406,13.051,3.583
AKPI,12.877,13.876,3.064
AQZC,12.001,12.468,2.648
ASOK,12.3,13.144,3.162
ATEZ,12.019,12.731,3.063
AZJJ,11.016,12.292,2.698
BBRM,12.289,12.735,3.125
BCSB,12.04,12.778,3.187
BLLA,12.899,13.126,3.262
BYLH,12.821,13.09,3.411
BZCS,11.925,12.634,2.847
CAPF,13.955,14.595,3.584
CAXC,11.743,12.248,2.774
CBMA,11.853,12.761,3.475
CBRE,11.205,11.574,2.612
CCQV,12.613,13.44,3.266
CGRD,11.439,11.742,2.47
CHCF,12.001,12.543,2.854
CPWC,10.916,12.455,2.857
CTFK,14.315,14.758,3.67
CVHB,11.469,12.386,2.815
CVLU,9.415,10.765,2.568
CVQJ,11.293,11.852,2.953
CWPJ,13.8,13.921,3.482
CWRT,10.158,11.26,2.386
DESX,12.883,13.698,3.539
DFDF,12.782,13.22,2.851
DFME,10.965,11.946,2.689
DJFZ,14.841,14.998,3.898
DNHH,13.399,,
DOCI,12.329,13.026,3.228
DQAS,11.138,11.815,2.597
DQAV,11.297,12.14,2.978
DSPJ,11.523,12.122,2.831
DUFU,12.757,13.423,3.253
DYFV,13.975,15.006,4.26
EAXA,13.433,13.84,3.223
EAXN,11.179,11.806,2.75
ECHF,13.009,13.436,3.421
ECJN,13.438,13.561,3.353
ECOO,12.685,13.359,2.828
EDIK,11.17,11.779,2.64
EFLR,12.03,13.216,3.016
EJSA,12.183,13.045,3.233
EMIY,12.467,13.318,3.634
EMMR,14.306,15.358,3.691
EWKB,11.327,11.895,2.467
EXFC,9.969,10.803,2.357
FDUO,13.452,14.254,3.725
FFVD,12.086,12.794,3.035
FHEO,12.617,13.585,3.325
FJIV,12.323,12.836,2.482
FKWM,11.595,12.346,3.108
FLUS,12.693,13.359,3.608
FRAY,11.368,12.263,2.777
FRKH,12.295,13.024,2.993
FXZS,13.122,13.69,3.138
FYEF,13.292,14.791,4.292
FZRV,11.933,12.506,3.119
GDWH,13.565,14.111,3.522
GLXO,13.247,14.032,3.568
GMLX,11.718,12.457,2.866
GRAC,11.99,12.774,2.825
GRRD,13.46,14.029,2.853
GVKA,10.15,11.117,2.206
GWYL,10.807,11.814,2.463
GXQD,12.675,13.091,2.944
GYFU,12.108,12.608,3.076
HDAF,14.18,14.325,3.174
HDAI,13.151,13.68,3.509
HDZC,14.115,14.247,3.763
HEDP,11.74,12.054,2.386
HIHW,11.552,11.848,2.184
HKWK,10.002,11.302,2.109
HNNH,12.656,13.382,3.357
HNUV,10.433,11.596,2.567
HOHH,12.9,13.545,3.039
HRBI,10.587,11.71,2.529
HTCT,12.022,12.434,2.708
HZFK,10.696,11.848,2.313
IEAL,12.291,12.862,3.268
IEJY,12.04,12.429,2.814
IEPT,14.477,14.736,3.938
IJNE,11.966,13.081,3.209
ILNB,14.773,15.381,4.337
INPV,12.804,13.628,3.876
IULK,13.54,14.255,3.747
IVIQ,11.571,12.207,3.217
IVMB,12.493,12.875,3.224
JDGM,12.665,13.199,2.707
JDYH,11.591,12.874,2.858
JHFO,12.301,12.887,3.275
JONV,13.694,14.763,3.509
JOYH,13.416,13.832,3.519
JOZD,11.307,11.912,3.01
JPJS,10.928,12.224,2.724
JPJT,12.278,13.347,3.245
JRYP,11.092,11.963,2.476
JUCL,12.536,12.819,3.154
JUGA,11.937,13.011,3.223
JUJH,12.487,14.209,3.937
JUYN,10.983,11.56,2.023
JXVQ,12.955,14.092,3.063
JZEI,11.672,12.113,2.51
JZJE,11.977,12.457,3.167
KAIL,12.007,12.651,2.658
KAOK,12.445,12.981,3.3
KDQD,12.958,13.592,3.474
KECL,12.553,13.59,3.314
KEHR,11.56,13.132,3.484
KEMO,13.243,13.54,2.947
KIIU,13.795,14.208,3.272
KORY,9.396,10.78,2.316
KPNC,11.063,11.968,2.61
KSLC,12.466,13.467,3.566
KTFS,12.731,13.122,3.129
KTNC,11.952,12.482,3.064
KVWU,12.467,13.139,3.551
KWNJ,12.153,13.33,3.182
KYRB,12.526,13.017,2.685
LAZJ,12.394,12.483,2.566
LEZS,12.461,12.931,2.58
LGMD,13.12,13.502,3.375
LHWT,14.445,14.652,3.578
LIHW,11.639,12.497,2.746
LJJN,13.857,14.616,3.728
LKHO,11.596,12.727,2.801
LLJC,13.325,14.765,3.819
LMMX,11.848,12.855,2.812
LNMX,12.243,12.275,1.661
LQLO,12.85,13.64,3.072
LRRL,13.864,14.211,3.176
LRSS,13.051,13.749,3.491
LTEN,11.95,12.821,2.91
LUXM,12.453,13.556,2.691
LYTH,11.999,13.303,3.153
MAKB,13.337,14.136,3.519
MEAE,11.283,12.449,3.016
MEMQ,10.223,11.286,2.348
MJSX,10.222,11.307,2.581
MKMF,12.632,13.503,3.01
MLES,12.448,12.965,2.986
MONY,12.223,12.854,2.851
MQFA,13.288,13.798,4.209
MTZI,12.15,12.619,2.972
MUVY,13.337,14.045,3.167
MVOV,9.862,10.675,2.119
MXAY,12.318,13.383,3.688
MYTW,13.158,14.019,3.826
NACP,12.182,12.701,2.812
NAPZ,11.675,12.649,2.813
NBFT,13.455,14.171,3.256
NDWV,12.679,13.09,2.817
NFQJ,11.817,13.079,3.026
NFZB,12.479,13.151,3.492
NLMH,12.424,13.051,3.177
NMCP,13.223,13.921,3.074
NRDG,11.711,12.251,2.689
NRVV,11.055,11.673,2.506
NSFR,12.152,12.805,2.677
NUDB,12.248,13.188,2.892
NVHP,11.981,12.366,2.365
OCGB,11.899,12.605,2.867
ODLJ,11.214,12.467,2.919
OHRS,12.411,13.048,3.091
OHZZ,11.636,12.445,2.745
OLFY,11.631,12.52,3.029
ONAU,11.084,12.493,3.069
OQDA,11.856,12.493,2.623
OTIL,12.574,13.698,3.224
OVOZ,11.19,12.265,2.985
OWAU,12.317,12.987,2.881
OZHE,10.976,11.935,2.987
PAQJ,10.588,11.701,2.268
PBXK,10.64,11.553,2.562
PFPR,10.377,11.042,2.298
PIKP,13.225,14.31,2.689
PMTK,10.14,11.297,2.473
PQXQ,11.547,12.803,2.682
PTRO,11.675,12.025,2.867
PVUO,12.656,13.024,2.76
PVXU,12.558,12.706,3.178
PWML,10.088,10.915,2.069
PXBQ,11.473,12.201,2.698
PXBW,11.203,11.666,2.352
PZFT,13.104,13.69,3.676
PZMO,10.137,10.849,2.105
PZWX,11.815,12.4,2.617
QDVU,11.804,12.869,2.869
QDXY,13.327,13.673,2.78
QIIV,10.403,11.07,1.926
QMKN,11.932,12.595,3.235
QOGZ,12.202,12.386,2.977
QQJU,10.674,12.736,3.178
QRKY,11.043,11.67,2.634
QSRM,12.712,12.948,3.019
QUAR,10.925,11.222,2.495
QXSG,11.648,12.488,2.674
QYFB,10.411,11.059,2.552
QZHA,11.139,12.031,2.754
RBAX,12.284,12.822,2.931
RBFY,12.888,13.6,3.336
RCMK,,,
RDRL,11.724,12.088,2.258
RIJE,11.052,11.613,2.358
RIWP,12.047,13.447,3.491
RJGO,11.933,12.714,2.724
RJVU,11.493,12.071,2.906
RMQE,11.807,12.896,3.066
RNCJ,11.503,12.096,2.851
RNFD,12.637,13.104,3.101
RPNA,10.988,11.405,2.03
RQME,12.017,12.722,3.068
RSFE,13.399,13.865,3.549
RTXD,12.018,13.087,2.996
RWGW,10.901,11.805,2.509
SBJV,13.462,14.17,3.206
SBJVC,13.201,13.073,2.866
SCBI,13.809,14.395,3.736
SCXD,11.614,13.061,3.062
SDBA,12.543,12.749,2.736
SDVC,13.215,13.735,3.297
SFBL,12.059,12.863,3.19
SGBK,12.588,13.803,3.766
SMVB,11.752,12.443,2.813
SMXT,10.192,10.71,1.966
SNCY,12.511,13.255,3.149
SNDZ,12.648,13.525,3.815
SQCA,13.293,13.739,3.462
SSQG,13.768,14.121,3.689
SVLP,12.308,12.77,2.797
SXDN,11.367,11.896,2.51
SYKW,13.77,14.382,3.753
TABC,12.196,12.738,2.66
TART,11.368,12.594,2.779
TKBC,12.692,12.845,2.515
TKSH,12.918,13.408,3.047
TRCQ,11.845,13.139,2.99
TSNP,12.702,13.405,2.952
TSPY,10.97,11.865,3.135
TWQN,11.053,11.559,2.495
UCYK,11.006,11.562,2.664
UHRS,12.344,13.474,3.138
UKOQ,13.445,14.112,3.427
ULBD,13.391,14.293,3.814
UMXA,11.889,13.066,3.407
UNBX,11.089,12.244,2.43
UPBJ,11.686,12.439,3.025
UQVJ,12.007,12.061,2.467
UWVR,11.288,12.139,2.861
UYSP,13.637,13.683,3.326
VDBS,12.203,12.915,3.638
VDVI,14.011,13.925,3.371
VECM,11.918,12.867,2.308
VFCQ,10.431,11.462,2.918
VFPH,13.146,13.278,3.079
VGLK,12.958,13.677,3.33
VHBT,13.335,,
VJOC,12.073,12.928,3.597
VJTT,11.958,12.91,3.164
VNSP,10.838,12.69,2.742
VNVH,11.436,12.537,3.451
VUNA,12.135,13.11,3.248
WDBI,11.898,12.448,2.828
WHQS,10.721,12.376,3.487
WHVM,13.434,14.139,3.383
WJST,12.166,12.735,3.46
WKXK,12.711,13.462,3.101
WNVZ,12.052,12.058,2.895
WQOI,13.641,14.167,3.606
WQRK,12.104,13.318,2.953
WSXA,10.978,11.708,2.381
WWFJ,10.46,11.392,2.408
XDBU,11.863,13.044,3.178
XKES,12.465,12.945,3.112
XMEN,10.969,11.678,2.416
XNIH,10.884,11.923,2.864
XOAF,11.396,11.96,2.55
XQBJ,13.03,13.149,2.969
XRPL,11.735,12.9,3.088
XVQB,11.459,12.339,2.504
XWCJ,11.484,12.411,2.759
YAKT,9.699,10.74,2.144
YBYC,12.873,13.001,2.638
YCTD,10.271,,
YFAT,13.031,13.666,3.654
YGFO,11.188,11.939,2.435
YMRF,11,12.188,2.632
YNBA,12.576,12.888,3.096
YNFN,11.588,12.299,2.818
YNZS,12.515,13.334,2.961
YRUA,11.749,12.281,3.004
YRUH,12.305,13.141,3.357
YSQQ,9.776,10.792,2.086
YUWR,10.762,11.625,2.356
YYNS,11.796,12.453,3.327
YZUH,10.383,11.166,1.801
ZAQJ,10.014,10.883,2.403
ZAVH,10.3,11.144,2.074
ZFKD,10.159,11.34,2.218
ZFXN,12.372,13.924,2.964
ZIER,13.404,13.504,3.072
ZRDE,13.326,13.833,2.957
ZSUF,10.736,11.778,2.527
ZVNV,13.119,13.329,2.966
ZWYP,11.916,13.275,3.054
