ID,left_midfemur,left_midtibia,right_midfemur,right_midtibia
ACGN,,,12.632,13.88
ACIU,11.651,12.521,11.836,12.611
AGNG,11.847,12.283,11.761,12.115
AIZJ,11.908,12.806,11.677,12.79
AKPI,12.889,13.926,12.668,13.695
AQZC,11.132,11.998,10.931,11.789
ASOK,11.961,13.07,12.053,13.084
ATEZ,11.833,13.228,12.041,13.199
AZJJ,11.175,11.916,11.181,12.285
BBRM,11.068,12.004,11.178,12.291
BCSB,11.855,12.838,11.92,12.838
BLLA,11.5,12.649,11.421,12.473
BYLH,12.167,13.098,12.212,13.379
BZCS,11.258,12.336,11.162,12.436
CAPF,12.912,14.656,12.73,14.619
CAXC,10.944,11.872,10.547,12.029
CBMA,11.247,12.297,11.691,12.422
CBRE,10.491,11.029,10.311,11.059
CCQV,12.116,13.816,12.406,13.694
CGRD,10.651,11.525,10.707,12.187
CHCF,12.441,13.23,12.437,13.26
CPWC,11.024,11.743,10.92,11.652
CTFK,13.144,14.606,13.179,14.386
CVHB,11.074,12.111,11.054,11.922
CVLU,9.001,10.501,9.186,10.536
CVQJ,11.363,11.976,10.883,12.542
CWPJ,12.723,13.845,12.695,13.982
CWRT,9.502,11.055,9.393,11.033
DESX,13.023,13.8,12.957,13.729
DFDF,11.672,12.531,11.683,12.471
DFME,10.436,11.647,10.367,11.531
DJFZ,13.426,14.635,13.383,14.794
DNHH,12.238,14.028,12.158,14.073
DOCI,11.434,12.634,11.598,12.88
DQAS,10.329,11.709,10.467,11.649
DQAV,10.488,11.768,10.49,11.919
DSPJ,10.782,12.069,10.893,11.513
DUFU,11.626,13.305,11.745,12.862
DYFV,12.852,14.716,12.822,14.603
EAXA,12.638,13.466,12.257,13.25
EAXN,10.824,12.193,10.492,11.744
ECHF,11.684,13.044,11.784,12.973
ECJN,12.209,13.321,12.317,13.158
ECOO,11.57,13.66,,
EDIK,10.4,11.77,10.414,11.918
EFLR,11.561,12.682,11.491,12.772
EJSA,11.474,12.533,11.309,11.909
EMIY,12.435,13.211,12.448,13.437
EMMR,12.819,14.46,12.79,14.251
EWKB,10.499,11.254,10.539,11.276
EXFC,9.439,10.799,9.697,10.527
FDUO,12.909,13.637,12.834,13.778
FFVD,11.968,12.939,12.092,13.236
FHEO,12.029,13.115,12.418,13.539
FJIV,11.316,12.48,12.16,12.649
FKWM,10.779,11.58,10.825,11.883
FLUS,12.508,13.762,12.648,
FRAY,11.094,12.391,11.034,12.355
FRKH,11.999,12.916,,
FXZS,12.391,13.86,11.903,13.823
FYEF,12.851,14.149,12.721,14.447
FZRV,11.823,12.566,11.53,12.505
GDWH,12.302,13.584,12.27,13.435
GLXO,12.76,13.793,12.424,13.715
GMLX,10.594,11.997,10.806,12.148
GRAC,10.913,12.436,10.703,12.159
GRRD,13.098,14.211,13.144,14.306
GVKA,,,9.719,10.623
GWYL,10.203,11.834,10.443,11.668
GXQD,11.475,12.53,11.322,12.568
GYFU,11.992,12.638,11.972,12.678
HDAF,13.025,13.937,,
HDAI,12.367,13.58,12.586,13.79
HDZC,12.623,13.861,12.758,14.083
HEDP,10.807,12.361,10.811,12.335
HIHW,10.38,11.25,10.444,11.26
HKWK,9.46,10.614,9.523,10.869
HNNH,12.309,13.511,12.264,13.526
HNUV,9.759,11.055,9.668,10.919
HOHH,12.051,13.228,11.771,13.168
HRBI,10.152,11.217,9.98,11.486
HTCT,11.034,11.435,11.088,12.25
HZFK,10.239,11.153,10.286,11.255
IEAL,12.101,13.236,12.031,13.24
IEJY,10.63,,11.098,12.065
IEPT,13.094,14.544,13.045,14.522
IJNE,11.012,12.317,11.078,12.239
ILNB,13.376,14.874,13.438,14.987
INPV,12.534,13.696,12.589,13.784
IULK,12.361,13.502,12.46,13.495
IVIQ,11.143,11.885,,
IVMB,11.458,12.684,,
JDGM,12.641,13.276,12.576,13.36
JDYH,10.838,12.204,10.842,12.288
JHFO,11.975,13.088,12.37,13.232
JONV,12.363,13.564,12.417,13.488
JOYH,12.119,13.295,12.126,13.286
JOZD,10.092,11.563,10.563,11.264
JPJS,10.589,11.783,10.575,11.432
JPJT,11.919,13.193,12.222,12.919
JRYP,10.708,11.554,10.187,11.485
JUCL,11.813,12.665,11.771,12.278
JUGA,11.296,12.671,10.797,12.188
JUJH,11.757,13.236,12.053,13.422
JUYN,11.104,11.898,11.27,11.943
JXVQ,12.138,13.761,12.037,13.57
JZEI,10.648,11.807,10.687,11.855
JZJE,11.881,13.093,11.972,13.012
KAIL,11.282,11.952,11.381,11.995
KAOK,11.781,12.867,11.936,12.973
KDQD,12.918,13.324,13.089,13.496
KECL,12.268,13.216,12.446,13.093
KEHR,12.154,13.467,12.237,13.299
KEMO,11.972,13.245,12.094,13.363
KIIU,12.636,13.915,12.618,13.825
KORY,9.023,10.321,9.169,10.062
KPNC,10.408,11.596,10.56,11.73
KSLC,12.091,13.522,12.101,13.191
KTFS,11.469,12.727,11.41,12.651
KTNC,11.649,12.859,11.689,12.667
KVWU,12.15,13.881,12.121,13.562
KWNJ,11.523,12.474,11.65,12.615
KYRB,11.454,13.362,11.66,13.093
LAZJ,11.293,12.157,11.179,12.098
LEZS,11.318,12.201,11.383,12.521
LGMD,12.461,13.186,12.465,13.491
LHWT,13.042,13.784,13.166,14.383
LIHW,11.43,12.479,11.647,12.5
LJJN,12.657,14.373,12.781,14.396
LKHO,10.831,12.13,10.769,11.905
LLJC,12.876,13.817,12.985,13.97
LMMX,11.558,12.362,11.586,12.453
LNMX,11.656,12.19,11.758,12.264
LQLO,12.38,13.254,12.407,13.208
LRRL,12.885,13.945,,
LRSS,12.211,13.344,12.247,13.306
LTEN,11.282,12.598,10.944,12.53
LUXM,11.928,13.706,12.189,13.651
LYTH,11.882,12.669,11.686,12.231
MAKB,11.989,13.25,12.023,13.219
MEAE,11.401,11.983,11.377,12.24
MEMQ,10.068,11.094,10.053,11.411
MJSX,9.962,11.029,10.058,11.053
MKMF,11.809,13.925,11.607,13.669
MLES,12.014,13.372,11.954,13.186
MONY,12.204,12.8,12.003,12.831
MQFA,12.829,13.831,12.887,13.671
MTZI,11.581,12.57,11.572,12.505
MUVY,12.579,13.908,12.466,14.018
MVOV,9.499,10.77,9.5,10.738
MXAY,12.036,13.461,11.996,13.481
MYTW,12.719,13.575,12.765,13.522
NACP,10.993,12.26,11.096,12.357
NAPZ,11.134,12.282,11.038,12.313
NBFT,11.964,13.33,11.982,13.464
NDWV,11.924,13.035,11.799,12.879
NFQJ,12.454,13.157,12.479,13.375
NFZB,12.342,13.029,12.217,12.858
NLMH,11.649,12.651,11.752,12.905
NMCP,11.902,13.076,11.985,13.226
NRDG,10.78,11.931,10.964,12.17
NRVV,10.65,11.251,10.597,11.674
NSFR,11.414,12.736,11.677,12.94
NUDB,12.372,13.294,12.313,13.188
NVHP,11.037,12.049,11.061,12.245
OCGB,11.974,12.848,11.738,12.661
ODLJ,11.155,12.126,10.993,12.703
OHRS,12.101,13.308,12.117,13.084
OHZZ,11.546,12.243,11.439,12.611
OLFY,11.55,12.707,11.582,12.751
ONAU,11.311,12.469,11.312,12.446
OQDA,11.292,12.244,11.403,11.804
OTIL,12.455,13.416,12.582,13.503
OVOZ,11.495,12.14,11.341,12.04
OWAU,11.731,12.537,12.045,12.63
OZHE,10.746,12.186,10.716,11.771
PAQJ,10.243,11.433,10.122,11.357
PBXK,10.578,12.216,10.637,11.735
PFPR,9.943,11.103,9.67,10.942
PIKP,12.447,14.043,12.369,14.131
PMTK,9.644,11.028,9.475,10.65
PQXQ,11.481,13.098,11.454,12.792
PTRO,11.183,12.287,11.396,12.314
PVUO,11.965,12.972,12.096,
PVXU,12.321,13.212,12.201,12.668
PWML,9.518,11.138,9.626,10.986
PXBQ,10.792,11.845,10.691,12.015
PXBW,10.979,12.039,11.056,12.099
PZFT,12.262,13.297,12.142,13.631
PZMO,9.779,10.855,9.81,10.698
PZWX,11.28,12.308,11.085,12.215
QDVU,11.684,13.265,11.792,13.08
QDXY,12.715,13.854,12.703,13.959
QIIV,9.963,11.16,10.026,11.118
QMKN,11.828,13.132,11.798,12.944
QOGZ,12.02,12.651,11.863,12.875
QQJU,11.014,12.342,11.146,12.386
QRKY,11.693,12.277,11.411,12.316
QSRM,12.101,13.044,11.872,12.843
QXSG,11.621,13.339,11.68,12.864
QYFB,10.331,11.028,10.355,10.794
QZHA,10.63,11.657,10.702,11.565
RBAX,11.579,13.003,11.424,12.689
RBFY,12.809,13.609,12.849,13.43
RCMK,10.55,11.482,10.406,11.549
RDRL,11.004,11.835,11.145,12.222
RIJE,11.028,11.875,10.955,11.911
RIWP,11.978,13.291,12.196,13.164
RJGO,11.789,13.249,,
RJVU,11.274,12.574,11.387,12.636
RMQE,11.75,12.936,11.585,12.919
RNCJ,11.433,12.393,11.569,12.087
RNFD,13.166,13.618,13.259,13.641
RPNA,10.672,11.47,10.851,11.518
RQME,11.552,12.892,11.515,12.99
RSFE,12.454,13.94,12.665,13.934
RTXD,11.76,13.32,11.863,13.287
RWGW,10.571,12.101,10.354,11.971
SBJV,12.396,14.04,11.896,13.933
SBJVC,12.261,13.248,12.503,13.415
SCBI,12.659,14.423,12.757,14.541
SCXD,11.148,12.673,11.034,12.699
SDBA,11.557,12.36,11.664,12.742
SDVC,12.507,13.677,12.623,13.581
SEVZ,12.823,13.903,12.919,13.813
SFBL,12.449,13.789,12.219,13.665
SGBK,12.459,13.659,12.408,13.932
SMVB,10.94,12.371,10.898,12.329
SMXT,9.656,10.546,9.714,10.316
SNCY,12.518,14.137,12.067,13.825
SNDZ,11.814,13.601,12.066,13.375
SQCA,11.986,13.817,12.094,13.549
SSQG,13.075,14.956,12.845,14.801
SVLP,11.864,12.764,11.748,12.703
SXDN,11.608,12.02,11.735,12.163
SYKW,12.875,14.282,12.76,14.554
TABC,11.668,12.943,11.735,12.801
TART,11.625,12.84,11.671,12.385
TKBC,11.985,13.297,12.026,13.007
TKSH,12.011,13.656,12.253,13.933
TRCQ,12.143,13.499,12.272,13.857
TSNP,12.245,13.541,12.418,13.847
TSPY,10.796,12.034,10.934,12.016
TWQN,10.678,11.673,10.754,11.529
TYRB,11.101,12.238,11.142,12.253
UCYK,10.994,12.269,10.966,12.283
UHRS,12.091,13.36,12.088,13.191
UKOQ,12.684,14.114,12.695,14.09
ULBD,12.351,13.952,12.296,13.593
UMXA,11.667,13.037,11.787,13.136
UNBX,10.769,11.935,10.711,12.037
UPBJ,11.699,12.327,11.877,12.929
UQVJ,10.887,12.438,10.882,12.68
UWVR,11.113,12.458,11.506,12.722
UYSP,12.851,13.987,12.508,13.632
VDBS,12.166,13.287,11.946,13.536
VDVI,12.94,13.551,13.157,14.117
VECM,11.331,12.771,11.2,12.398
VFCQ,10.125,11.072,10.062,11.142
VFPH,12.485,13.822,12.58,13.842
VGLK,12.286,13.599,12.128,13.239
VHBT,12.694,14.042,12.817,14.445
VJOC,12.057,13.465,12.26,13.885
VJTT,11.694,13.193,11.734,12.925
VNSP,10.666,12.448,10.522,12.088
VNVH,11.332,12.288,11.199,11.995
VUNA,11.884,13.743,12.118,13.46
WDBI,11.072,,11.208,12.745
WHQS,11.595,12.818,11.434,12.632
WHVM,12.247,13.55,12.393,13.491
WJST,11.989,12.609,11.841,12.933
WKXK,11.84,12.717,12.072,13.043
WNVZ,11.248,12.519,11.145,12.781
WQOI,12.657,14.447,12.703,14.324
WQRK,11.635,13.075,11.605,12.915
WSXA,10.605,11.253,10.705,11.69
WWFJ,10.175,11.236,10.212,11.227
WYMS,10.004,11.262,10.104,11.193
XDBU,,,11.829,12.655
XKES,12.494,13.455,12.675,13.354
XMEN,10.291,11.808,10.377,11.636
XNIH,11.007,12.368,10.907,12.303
XOAF,10.096,12.005,10.468,11.769
XQBJ,12.226,13.367,12.302,13.233
XQHC,11.547,12.809,11.54,12.497
XRPL,11.68,12.848,11.704,12.73
XVQB,11.228,12.649,11.033,12.376
XWCJ,10.913,12.079,11.03,12.12
YAKT,9.187,10.621,9.546,11.21
YBYC,11.826,12.775,11.935,12.854
YCTD,,,9.852,10.754
YFAT,13.225,14.132,13.256,13.876
YGFO,,,10.685,12.018
YMRF,10.201,11.896,10.092,11.586
YNBA,11.933,12.915,11.831,12.516
YNFN,11.669,12.533,11.541,12.614
YNZS,12.354,13.363,12.486,13.458
YRUA,11.448,12.238,11.367,12.203
YRUH,12.441,13.672,12.15,13.51
YSQQ,9.778,11.369,9.697,11.478
YUWR,10.594,11.985,10.477,11.845
YYNS,11.9,13.044,12.226,13.212
YZUH,10.014,11.256,10.158,11.384
ZAQJ,9.457,10.475,9.362,10.676
ZAVH,9.709,11.088,10.032,11.223
ZFKD,9.7,11.143,9.774,11.002
ZFXN,11.705,13.353,11.682,13.431
ZIER,12.545,13.626,12.878,13.511
ZRDE,12.051,13.62,12.463,14.001
ZSUF,9.882,11.174,10.147,11.41
ZVNV,12.091,13.274,12.268,13.164
ZWYP,12.471,13.765,12.068,13.501
