ID,sex,morph,pronotum,head_length,head_width,forefemur,foretibia,midfemur,midtibia,hindfemur,hindtibia,ear,eye
ACGN,f,female,8.33,13.957,8.778,13.432,13.77,12.632,13.88,21.476,23.678,3.5705,2.5300000000000002
ACIU,f,female,7.704,12.783,7.883,12.155999999999999,12.5115,11.743500000000001,12.566,19.7105,20.563000000000002,2.895,2.3865
AGNG,f,female,7.405,12.019,7.477,12.196,12.6025,11.803999999999998,12.199,19.467,20.2045,2.8115,2.6755
AIZJ,f,female,7.804,11.714,7.889,12.2625,12.902000000000001,11.7925,12.797999999999998,19.455,20.667,3.3205,2.5105000000000004
AKPI,m,tenth,7.192,25.798,12.47,13.370000000000001,14.0175,12.7785,13.810500000000001,20.117,21.4955,2.8890000000000002,3.0155000000000003
AQZC,m,eighth,6.749,18.409,9.902,11.873,12.3415,11.0315,11.8935,17.7905,18.365,2.4645,2.5195
ASOK,f,female,7.599,12.089,7.749,12.2345,13.07,12.007000000000001,13.077,20.712,22.253,2.864,2.6864999999999997
ATEZ,f,female,7.501,12.532,7.886,12.0445,12.776,11.937000000000001,13.2135,20.558,22.605,2.9080000000000004,2.6315
AZJJ,f,female,7.592,11.581,7.535,11.1385,12.3735,11.178,12.1005,19.054499999999997,21.652,2.705,2.5345
BBRM,m,ninth,6.903,20.034,10.194,12.3275,12.8505,11.123000000000001,12.1475,18.287,18.8825,2.915,2.934
BCSB,f,female,7.552,12.352,7.683,11.985,12.7705,11.8875,12.838,19.7235,20.9555,3.0305,2.6395
BLLA,m,ninth,6.691,20.491,10.363,12.736,12.910499999999999,11.4605,12.561,17.796,19.1,3.19,2.541
BYLH,f,female,8.071,12.501,8.167,12.8385,13.237,12.189499999999999,13.2385,20.814,21.497999999999998,3.4435000000000002,2.7865
BZCS,m,ninth,6.869,19.498,9.905,12.118500000000001,12.7345,11.21,12.386,18.572499999999998,19.1965,2.661,2.9154999999999998
CAPF,m,tenth,7.266,24.737,12.276,14.030999999999999,14.585,12.821000000000002,14.6375,20.261000000000003,22.6085,3.346,3.093
CAXC,m,eighth,6.473,16.148,8.853,11.798,12.271999999999998,10.7455,11.9505,17.185000000000002,17.819000000000003,2.697,2.4130000000000003
CBMA,f,female,7.5,11.914,7.763,11.865,12.808,11.469000000000001,12.3595,19.8595,21.049500000000002,3.4295,2.5875000000000004
CBRE,m,eighth,6.46,16.408,8.671,11.155999999999999,11.5765,10.401,11.044,16.825,17.5895,2.582,2.5385
CCQV,f,female,8.37,13.475,8.41,12.536999999999999,13.735,12.261,13.755,21.000999999999998,22.9935,3.158,2.7435
CGRD,m,eighth,6.328,17.017,9.461,11.466999999999999,11.818000000000001,10.679,11.856,17.317,18.849,2.5175,2.6935000000000002
CHCF,f,female,8.282,12.676,7.885,12.418,12.803,12.439,13.245000000000001,20.8645,22.4645,2.9145000000000003,2.7249999999999996
CPWC,f,female,7.108,11.588,7.5,11.1115,12.128499999999999,10.972,11.6975,18.2575,19.8045,2.7140000000000004,2.1795
CTFK,m,tenth,7.122,26.838,12.826,14.314499999999999,14.654,13.1615,14.495999999999999,20.6975,22.375,3.6295,3.2925
CVHB,f,female,7.476,11.795,7.468,11.581,12.4085,11.064,12.0165,19.197,20.612000000000002,2.701,2.402
CVLU,m,eighth,5.88,13.811,7.781,9.4925,10.5685,9.093499999999999,10.5185,15.413,16.1815,2.341,2.455
CVQJ,f,female,7.115,11.173,7.326,11.5255,11.8885,11.123,12.259,18.826999999999998,20.406,2.8145,2.2725
CWPJ,m,ninth,7.733,23.673,12.241,13.9025,13.987,12.709,13.913499999999999,20.3035,21.4205,3.467,3.1109999999999998
CWRT,m,eighth,5.992,13.646,8.33,10.303999999999998,11.0525,9.447500000000002,11.044,14.744,16.674,2.316,2.3665000000000003
DESX,f,female,7.89,13.772,8.405,12.907499999999999,13.594000000000001,12.99,13.7645,21.1415,24.0835,3.367,2.7995
DFDF,m,ninth,6.84,19.521,10.133,12.6735,13.0745,11.6775,12.501000000000001,17.8485,19.395,2.6905,2.6014999999999997
DFME,m,eighth,5.926,14.686,8.208,11.026499999999999,12.04,10.4015,11.589,17.1935,16.5685,2.8325,2.5324999999999998
DJFZ,m,tenth,7.643,26.156,12.783,14.998999999999999,14.9125,13.404499999999999,14.714500000000001,20.8005,22.9435,3.7635,3.5225
DNHH,m,tenth,7.28,24.24,11.685,13.449,14.545,12.198,14.0505,18.820999999999998,21.094,3.596,2.9375
DOCI,m,ninth,6.725,19.216,10.791,12.4,13.065,11.516,12.757000000000001,18.1505,21.131,3.0775,2.753
DQAS,m,eighth,6.335,15.589,8.733,11.280000000000001,11.9265,10.398,11.678999999999998,16.9105,17.3535,2.5220000000000002,2.4235
DQAV,m,eighth,6.565,16.318,9.046,11.243,12.1035,10.489,11.8435,17.097,17.9535,2.5905,2.591
DSPJ,m,eighth,6.187,16.443,8.969,11.523,12.122,10.8375,11.791,17.0205,17.2025,2.831,2.4290000000000003
DUFU,m,ninth,7.234,22.16,11.341,12.699,13.405000000000001,11.6855,13.0835,18.2705,19.706,3.085,3.035
DYFV,m,tenth,7.603,25.875,12.758,13.829,15.121,12.837,14.6595,20.625,22.425,4.066,3.3535
EAXA,m,ninth,6.94,23.399,11.795,13.4245,13.781500000000001,12.4475,13.358,18.822000000000003,20.8015,3.1745,3.0839999999999996
EAXN,m,eighth,6.406,16.246,8.682,11.241,11.834499999999998,10.658000000000001,11.968499999999999,16.6295,17.381999999999998,2.5625,2.398
ECHF,m,ninth,7.1,20.794,10.833,13.0075,13.3945,11.734,13.008500000000002,18.462,19.7935,3.205,2.9154999999999998
ECJN,m,tenth,7.26,24.824,12.285,13.27,13.561,12.263,13.2395,19.6975,20.965,3.3145,3.1125
ECOO,m,ninth,6.688,22.248,11.687,12.7035,13.524000000000001,11.57,13.66,18.4245,20.6055,2.8994999999999997,3.0345
EDIK,m,eighth,6.288,16.078,8.695,11.1845,11.684000000000001,10.407,11.844,15.8895,18.29,2.5695,2.5060000000000002
EFLR,m,ninth,6.666,20.882,10.93,12.113,13.035,11.526,12.727,17.642,19.3405,2.932,2.974
EJSA,m,ninth,6.864,20.491,10.505,12.2135,12.9985,11.3915,12.221,18.4905,19.589,3.122,2.708
EMIY,f,female,8.53,13.405,8.482,12.5555,13.234,12.441500000000001,13.324,20.9555,22.1635,3.464,2.7605
EMMR,m,tenth,7.644,24.245,12.084,14.203,15.097000000000001,12.8045,14.3555,20.174,21.9955,3.5374999999999996,2.995
EWKB,m,ninth,6.396,18.923,10.094,11.4345,11.93,10.519,11.265,17.259999999999998,17.958,2.3705,2.615
EXFC,m,eighth,5.954,13.333,7.562,10.0475,10.8205,9.568,10.663,14.934000000000001,16.3155,2.274,2.2184999999999997
FDUO,f,female,8.232,13.03,8.436,13.554,14.1665,12.871500000000001,13.7075,23.0285,24.1015,3.476,2.8865
FFVD,f,female,7.783,12.699,7.987,12.1475,12.9795,12.030000000000001,13.0875,21.218,22.4085,2.7755,2.6035
FHEO,f,female,8.121,13.173,8.244,12.6735,13.572500000000002,12.2235,13.327,21.112,22.329,3.391,2.5490000000000004
FJIV,m,ninth,6.812,18.828,10.451,12.422,12.9315,11.738,12.564499999999999,18.155,19.7375,2.733,2.5854999999999997
FKWM,m,eighth,6.233,15.281,8.863,11.676,12.3645,10.802,11.7315,16.44,18.037999999999997,3.0090000000000003,2.563
FLUS,f,female,8.197,13.187,8.502,12.881,13.6045,12.578,13.762,21.3905,23.402,3.4325,2.5835
FRAY,f,female,7.418,11.458,7.223,11.3995,12.282499999999999,11.064,12.373000000000001,18.603,19.688499999999998,2.6155,2.5965
FRKH,f,female,8.184,12.24,8.281,12.42,13.000499999999999,11.999,12.916,20.285,21.056,2.8419999999999996,2.6109999999999998
FXZS,m,ninth,7.374,23.797,11.911,13.1725,13.6975,12.147,13.8415,19.484,20.581,3.0229999999999997,2.911
FYEF,f,female,8.19,13.833,8.92,13.371500000000001,14.644,12.786000000000001,14.297999999999998,22.4085,25.573,4.3065,2.817
FZRV,f,female,7.8,11.517,7.77,12.046,12.500499999999999,11.6765,12.5355,20.491500000000002,21.238,3.1315,2.6695
GDWH,m,tenth,7.377,24.154,11.71,13.6745,14.156,12.286,13.5095,19.4105,20.3145,3.4939999999999998,3.1975
GLXO,f,female,8.316,13.411,8.499,13.432500000000001,14.0585,12.591999999999999,13.754,22.252499999999998,23.866500000000002,3.5875000000000004,2.825
GMLX,m,eighth,6.801,17.369,9.272,11.810500000000001,12.381499999999999,10.7,12.0725,16.842,18.4045,2.787,2.7595
GRAC,m,ninth,6.279,18.594,9.852,12.025500000000001,12.893,10.808,12.2975,17.000999999999998,18.7955,2.8285,2.7190000000000003
GRRD,f,female,8.442,14.197,8.339,13.5855,14.053,13.121,14.2585,22.7845,24.316000000000003,2.841,3.009
GVKA,m,eighth,5.872,13.478,7.521,10.1655,11.026,9.719,10.623,15.133,16.374000000000002,2.1734999999999998,2.3495
GWYL,m,eighth,5.92,16.774,8.731,10.914000000000001,11.6735,10.323,11.751,16.380499999999998,18.250999999999998,2.3685,2.7264999999999997
GXQD,m,ninth,6.927,18.852,9.86,12.746500000000001,13.398,11.398499999999999,12.549,18.485500000000002,19.924500000000002,2.9295,2.553
GYFU,f,female,7.837,12.903,8.14,12.2825,12.7065,11.982,12.658000000000001,20.489,22.090000000000003,2.9325,2.7525
HDAF,m,tenth,7.531,26.841,13.06,14.228,14.2835,13.025,13.937,20.3855,22.454500000000003,3.2815,3.261
HDAI,f,female,8.598,13.123,8.376,13.2395,13.594,12.476500000000001,13.684999999999999,21.2285,22.2305,3.3040000000000003,2.6435000000000004
HDZC,m,tenth,7.016,26.317,12.597,14.188500000000001,14.2935,12.6905,13.972000000000001,19.216,21.682000000000002,3.452,3.3075
HEDP,m,eighth,6.63,17.281,9.623,11.7425,12.136,10.809000000000001,12.348,17.186,18.021,2.372,2.668
HIHW,m,eighth,6.642,17.722,9.652,11.617999999999999,11.822,10.412,11.254999999999999,17.735999999999997,17.418,2.2345,2.8165
HKWK,m,eighth,5.941,13.855,7.876,10.115,11.288499999999999,9.4915,10.7415,14.873000000000001,16.634,2.166,2.2824999999999998
HNNH,f,female,7.932,12.877,8.501,12.771,13.3885,12.2865,13.5185,20.2335,22.395,3.2625,2.7115
HNUV,m,eighth,6.209,14.297,7.959,10.4925,11.482,9.7135,10.987,15.4,16.8415,2.4635,2.3935
HOHH,m,ninth,6.835,19.834,10.69,13.0115,13.538499999999999,11.911000000000001,13.198,19.243000000000002,20.935,3.3695000000000004,2.9690000000000003
HRBI,m,eighth,6.366,16.236,8.936,10.8595,11.8585,10.065999999999999,11.351500000000001,16.026,16.828,2.4875,2.661
HTCT,m,ninth,6.883,19.441,10.022,12.1655,12.4205,11.061,11.842500000000001,17.391,19.044,2.7285000000000004,2.8555
HZFK,m,eighth,6.394,15.555,8.729,10.8295,11.875,10.2625,11.204,16.522,18.53,2.3075,2.5535
IEAL,f,female,8.07,12.35,7.855,12.353,13.297,12.066,13.238,20.5385,22.2185,3.5225,2.5090000000000003
IEJY,m,eighth,6.773,17.49,9.377,12.2005,12.4485,10.864,12.065,18.0015,19.688499999999998,2.8665000000000003,2.7675
IEPT,m,tenth,8.315,26.643,13.137,14.4845,14.6935,13.0695,14.533000000000001,20.6805,21.8,3.7465,3.2235
IJNE,m,ninth,6.424,19.308,10.008,11.959499999999998,13.0075,11.045,12.278,17.7025,19.3755,2.9255,2.6609999999999996
ILNB,m,tenth,7.986,28.721,13.475,14.826,15.211500000000001,13.407,14.9305,21.793,23.204,4.2485,3.4415
INPV,f,female,8.313,13.432,8.742,12.872,13.526,12.5615,13.74,21.695999999999998,24.692999999999998,3.7075,2.7184999999999997
IULK,m,ninth,7.44,21.772,11.028,13.452,14.107,12.4105,13.4985,18.819000000000003,20.582500000000003,3.612,2.895
IVIQ,f,female,7.136,11.831,7.485,11.600999999999999,12.4455,11.143,11.885,18.755499999999998,20.777,3.3045,2.331
IVMB,m,ninth,6.781,18.67,10.015,12.5145,12.9055,11.458,12.684,17.556,19.359,2.996,2.8095
JDGM,f,female,8.406,13.539,8.465,12.7275,13.224,12.6085,13.318,21.4675,23.597,2.6755,2.65
JDYH,m,ninth,6.774,19.74,10.168,11.907,12.843,10.84,12.246,17.551499999999997,18.9925,2.9000000000000004,2.792
JHFO,f,female,6.971,12.886,8.017,12.565999999999999,13.074,12.1725,13.16,21.2325,22.9385,3.3155,2.669
JONV,m,ninth,7.342,23.156,11.785,13.6955,14.4025,12.39,13.526,19.381,20.695,3.4595000000000002,2.8935000000000004
JOYH,m,tenth,7.414,24.457,12.21,13.416,13.832,12.122499999999999,13.2905,19.512,21.011,3.519,3.1275
JOZD,m,eighth,7.256,16.209,9.412,11.2775,11.95,10.3275,11.413499999999999,17.057,17.9255,3.1285,2.7855
JPJS,f,female,6.995,10.969,6.936,10.9785,11.803,10.582,11.6075,17.6415,19.595,2.6265,2.1685
JPJT,f,female,7.835,13.111,8.49,12.345500000000001,13.317499999999999,12.0705,13.056000000000001,21.186,22.896,3.0140000000000002,2.9145000000000003
JRYP,m,eighth,6.363,16.788,8.989,11.1125,11.924499999999998,10.4475,11.5195,16.532,17.594,2.634,2.576
JUCL,m,ninth,6.851,19.717,10.705,12.4775,12.639500000000002,11.792000000000002,12.471499999999999,18.661,19.8905,3.168,2.7439999999999998
JUGA,f,female,8.045,11.889,7.778,11.904,12.875499999999999,11.0465,12.4295,19.1545,21.112,3.0694999999999997,2.622
JUJH,m,ninth,6.96,22.524,11.538,12.855,13.918,11.905000000000001,13.329,18.9465,20.903,3.578,2.946
JUYN,f,female,7.093,11.163,7.346,11.2405,11.627500000000001,11.187,11.9205,19.03,19.717,2.2695,2.4425
JXVQ,m,tenth,7.569,24.528,11.963,13.0375,14.0435,12.0875,13.6655,18.5095,20.92,3.125,2.8555
JZEI,m,ninth,6.3,19.836,10.188,11.535,12.032,10.6675,11.831,17.2205,18.424,2.469,2.6265
JZJE,f,female,7.86,13.206,8.405,11.9265,12.425,11.9265,13.0525,20.567,21.443,3.0065,2.821
KAIL,m,ninth,6.203,20.802,10.235,11.967500000000001,12.533,11.3315,11.9735,17.9195,18.843,2.4604999999999997,2.7845
KAOK,f,female,8.294,13.678,8.876,12.49,12.916,11.8585,12.920000000000002,20.641,21.37,3.1959999999999997,2.747
KDQD,f,female,8.386,13.123,8.707,13.0765,13.543,13.003499999999999,13.41,21.6925,23.844,3.5055,2.5869999999999997
KECL,f,female,7.976,13.375,8.381,12.505500000000001,13.3605,12.357,13.154499999999999,21.4985,23.137999999999998,3.1295,2.558
KEHR,f,female,8.418,13.77,8.728,11.7695,13.222,12.1955,13.383,20.781,23.427500000000002,3.378,2.573
KEMO,m,tenth,6.988,24.995,12.657,13.3995,13.462499999999999,12.033,13.303999999999998,19.667,21.167,2.866,2.9855
KIIU,m,tenth,7.58,25.714,12.751,13.7775,14.068000000000001,12.626999999999999,13.87,19.7915,21.3825,3.3605,2.9025
KORY,m,eighth,5.808,13.152,7.449,9.427,10.875,9.096,10.1915,14.8015,16.798000000000002,2.3735,2.2115
KPNC,f,female,7.211,11.288,7.282,11.056000000000001,11.888,10.484,11.663,18.0255,20.3535,2.527,2.399
KSLC,f,female,8.268,13.01,8.361,12.593,13.395,12.096,13.3565,20.659,22.532,3.477,2.8339999999999996
KTFS,m,ninth,6.697,19.238,10.176,12.693999999999999,13.2935,11.439499999999999,12.689,17.930500000000002,20.328000000000003,3.0685000000000002,2.572
KTNC,f,female,7.763,11.825,7.794,12.0405,12.475,11.669,12.763,19.643500000000003,21.127499999999998,3.0145,2.4085
KVWU,f,female,8.087,13.519,8.519,12.531500000000001,13.136,12.1355,13.721499999999999,21.7855,23.061,3.3055000000000003,2.5359999999999996
KWNJ,f,female,7.611,13.072,8.163,12.127500000000001,12.9605,11.586500000000001,12.5445,20.3485,21.337,3.082,2.6740000000000004
KYRB,m,ninth,6.86,20.106,10.316,12.75,13.0545,11.557,13.2275,18.8615,20.122500000000002,2.7305,2.6574999999999998
LAZJ,m,ninth,6.897,23.07,11.614,12.329,12.5445,11.236,12.127500000000001,18.7345,20.194,2.6814999999999998,3.0010000000000003
LEZS,m,eighth,6.478,17.353,9.359,12.491,12.8715,11.3505,12.361,17.8905,19.2015,2.566,2.3685
LGMD,f,female,8.013,13.444,8.454,13.1555,13.464500000000001,12.463000000000001,13.3385,21.694499999999998,22.1895,3.3200000000000003,2.7535
LHWT,m,tenth,7.689,26.757,12.899,14.4475,14.914,13.104,14.0835,20.8675,22.2285,3.7489999999999997,3.0835
LIHW,f,female,7.769,12.258,7.699,11.8575,12.4515,11.538499999999999,12.4895,19.965000000000003,21.009,2.7845,2.6550000000000002
LJJN,m,tenth,7.873,27.681,13.043,13.927499999999998,14.5155,12.719000000000001,14.3845,19.988,22.311999999999998,3.542,3.5460000000000003
LKHO,m,eighth,6.561,17.2,9.208,11.656500000000001,12.6955,10.8,12.0175,17.203,19.075499999999998,2.6285,2.5665
LLJC,m,tenth,7.639,27.183,13.245,13.469,14.7275,12.930499999999999,13.8935,19.615,21.677,3.9895,3.287
LMMX,f,female,7.522,12.976,8.052,11.896,12.7725,11.572,12.407499999999999,20.5615,22.112000000000002,2.8019999999999996,2.6965000000000003
LNMX,f,female,7.902,11.632,7.499,12.2955,12.595,11.707,12.227,19.897,21.826,2.52,2.4945000000000004
LQLO,f,female,7.954,12.748,8.189,12.962,13.579,12.3935,13.231,21.075,22.270000000000003,3.016,2.543
LRRL,m,tenth,7.505,25.553,12.528,13.938500000000001,14.567,12.885,13.945,19.5425,20.4675,3.1710000000000003,3.193
LRSS,m,ninth,7.33,21.951,11.401,13.243500000000001,13.6845,12.229,13.325,20.1825,21.399500000000003,3.3115,2.6390000000000002
LTEN,f,female,7.65,13.47,8.255,11.7775,12.7425,11.113,12.564,20.3205,21.467,2.9615,2.5625
LUXM,f,female,8.022,12.93,8.356,12.6065,13.5785,12.0585,13.6785,20.079,22.414,2.9204999999999997,2.773
LYTH,f,female,7.491,12.545,7.675,11.9865,13.262,11.783999999999999,12.45,20.6205,22.0245,2.9825,2.4255
MAKB,m,tenth,7.277,24.642,12.115,13.383,13.9925,12.006,13.2345,19.493000000000002,21.207500000000003,3.4375,3.034
MEAE,f,female,7.273,11.746,7.406,11.431999999999999,12.3805,11.389,12.1115,19.9845,20.1925,2.939,2.5465
MEMQ,m,eighth,6.196,15.978,8.865,10.5075,11.341999999999999,10.060500000000001,11.2525,16.558999999999997,17.62,2.2525,2.4735
MJSX,m,eighth,6.586,13.104,8.215,10.418,11.3995,10.01,11.041,16.310499999999998,17.945,2.69,2.176
MKMF,m,ninth,6.892,21.856,10.745,12.788,13.597000000000001,11.707999999999998,13.797,19.055,21.194000000000003,2.771,2.6065
MLES,f,female,8.022,12.805,8.17,12.4115,12.891,11.984,13.279,20.3185,21.9535,2.8355,2.614
MONY,m,eighth,6.874,18.497,9.554,12.4495,12.940999999999999,12.1035,12.8155,18.463,19.6055,2.8345000000000002,2.606
MQFA,f,female,8.529,13.63,8.524,13.3725,13.805,12.858,13.751,21.999499999999998,23.792,3.968,2.7215
MTZI,f,female,7.343,12.001,7.452,11.899000000000001,12.416,11.5765,12.537500000000001,19.4875,20.011499999999998,2.767,2.6595
MUVY,m,tenth,7.374,25.853,12.644,13.5175,14.065000000000001,12.5225,13.963000000000001,19.707500000000003,22.128500000000003,3.1265,3.0345
MVOV,m,eighth,6.187,13.219,8.007,9.8585,10.659,9.499500000000001,10.754,15.1625,16.192500000000003,2.101,2.2735000000000003
MXAY,f,female,7.548,12.119,7.941,12.378,13.273499999999999,12.016,13.471,20.625999999999998,23.344,3.6175,2.5345
MYTW,f,female,8.093,13.536,8.881,13.21,13.807,12.742,13.5485,21.47,22.64,3.7030000000000003,2.891
NACP,m,ninth,6.378,19.432,9.991,12.2,12.6295,11.0445,12.308499999999999,18.1735,19.4185,2.735,2.5835
NAPZ,m,ninth,6.444,19.13,9.955,11.615,12.6695,11.086,12.2975,17.508499999999998,19.121,2.734,2.6845
NBFT,m,ninth,7.232,22.166,11.334,13.4985,14.178999999999998,11.972999999999999,13.397,18.3905,20.2765,3.123,2.7615
NDWV,m,ninth,6.768,22.145,11.591,12.6065,13.026,11.8615,12.957,18.1355,20.575499999999998,2.7825,2.7735000000000003
NFQJ,f,female,8.18,13.722,8.71,12.432500000000001,13.095500000000001,12.4665,13.266,20.536,22.0185,2.8025,2.607
NFZB,f,female,8.037,13.2,8.405,12.4005,13.023,12.2795,12.9435,20.5525,21.365499999999997,3.3425000000000002,2.7945
NLMH,f,female,7.911,13.532,8.443,12.5015,12.876000000000001,11.7005,12.777999999999999,21.066000000000003,23.358,3.311,2.546
NMCP,m,ninth,7.237,22.578,11.322,13.261500000000002,13.841,11.9435,13.151,19.005,20.4285,3.093,3.0164999999999997
NRDG,m,eighth,6.364,15.594,8.86,11.647,12.189499999999999,10.872,12.0505,16.368000000000002,18.118000000000002,2.638,2.5439999999999996
NRVV,m,eighth,6.223,16.524,8.97,11.1995,11.82,10.6235,11.462499999999999,16.8245,18.485500000000002,2.4755,2.5890000000000004
NSFR,m,ninth,6.882,21.072,10.902,12.32,12.8895,11.5455,12.838000000000001,18.278,19.6755,2.6950000000000003,2.8095
NUDB,f,female,8.325,13.515,8.315,12.5085,13.176,12.342500000000001,13.241,21.674999999999997,24.115499999999997,2.81,2.7
NVHP,m,eighth,6.63,17.934,9.571,12.063500000000001,12.484,11.049,12.146999999999998,16.759999999999998,18.7815,2.499,2.7234999999999996
OCGB,f,female,7.318,11.977,7.437,11.7265,12.629000000000001,11.856,12.7545,19.3355,20.8935,2.8440000000000003,2.514
ODLJ,m,eighth,6.399,16.864,9.409,11.519,12.47,11.074,12.4145,17.421,18.859,2.9355,2.4000000000000004
OHRS,f,female,7.854,13.107,8.015,12.458,13.346499999999999,12.109000000000002,13.196,21.0965,22.381,3.18,2.771
OHZZ,m,eighth,6.78,17.619,9.462,11.9265,12.532499999999999,11.4925,12.427,17.46,18.2325,2.8585000000000003,2.4595000000000002
OLFY,f,female,7.604,11.899,7.391,11.8965,12.607,11.566,12.729,19.442,20.9405,2.961,2.4255
ONAU,f,female,7.438,11.382,7.124,11.3995,12.564499999999999,11.311499999999999,12.4575,19.151,20.570999999999998,3.016,2.325
OQDA,m,ninth,7.01,19.668,10.283,12.0715,12.4785,11.3475,12.024000000000001,18.287,19.242,2.672,2.7005
OTIL,f,female,7.725,12.984,8.18,12.91,13.720500000000001,12.5185,13.4595,21.756999999999998,23.307499999999997,3.1405000000000003,2.8265000000000002
OVOZ,f,female,6.859,11.577,7.088,11.3655,12.4925,11.418,12.09,18.307000000000002,20.063,2.9585,2.2409999999999997
OWAU,m,ninth,6.859,22.281,11.248,12.720500000000001,12.877500000000001,11.888,12.5835,19.094,20.686999999999998,2.6094999999999997,2.9835000000000003
OZHE,f,female,7.074,10.994,7.082,11.119,11.813,10.731,11.9785,18.214,19.2825,2.874,2.2845
PAQJ,m,ninth,6.322,18.731,9.473,10.928,11.72,10.182500000000001,11.395,16.6485,18.3905,2.2365,2.6109999999999998
PBXK,m,eighth,6.786,16.509,9.14,11.009,11.934999999999999,10.6075,11.9755,16.556,17.7575,2.4745,2.527
PFPR,m,eighth,6.048,15.255,8.383,10.5875,11.213000000000001,9.8065,11.0225,15.8185,16.868000000000002,2.3585000000000003,2.487
PIKP,m,tenth,7.657,25.808,12.814,13.437,14.281,12.408,14.087,19.162,21.762500000000003,2.8994999999999997,3.0425
PMTK,m,eighth,6.097,14.922,8.338,10.3385,11.157,9.5595,10.839,15.248,17.235500000000002,2.4059999999999997,2.3975
PQXQ,f,female,7.399,12.589,8.092,11.8065,12.8615,11.467500000000001,12.945,19.941000000000003,21.566000000000003,2.846,2.7125
PTRO,f,female,7.38,11.8,7.429,11.755,11.985,11.2895,12.3005,18.948999999999998,19.778,2.7110000000000003,2.559
PVUO,m,ninth,6.915,20.205,10.555,12.5585,13.378,12.0305,12.972,18.906,20.0565,3.0715,2.919
PVXU,f,female,7.726,12.694,8.024,12.6005,12.7835,12.261,12.94,20.8615,22.200000000000003,3.117,2.689
PWML,m,eighth,5.861,14.381,7.991,10.073,11.0125,9.572,11.062000000000001,14.8295,16.5455,2.002,2.3535
PXBQ,m,eighth,6.598,18.131,9.48,11.676,12.313500000000001,10.7415,11.93,16.7535,19.075,2.5345,2.7984999999999998
PXBW,m,eighth,6.693,16.881,9.384,11.3895,11.822,11.017499999999998,12.068999999999999,17.364,17.8555,2.5380000000000003,2.7195
PZFT,m,ninth,6.962,23.843,11.726,13.2975,13.7725,12.202,13.464,19.563000000000002,20.985,3.5585,3.1055
PZMO,m,eighth,5.991,14.349,8.032,10.2865,11.092500000000001,9.7945,10.7765,15.5825,16.672,2.193,2.3565
PZWX,m,eighth,6.873,17.052,9.27,12.122499999999999,12.5915,11.182500000000001,12.2615,17.976,18.634,2.834,2.5774999999999997
QDVU,f,female,7.674,12.175,8.015,11.9465,12.875,11.738,13.1725,19.481,21.5945,2.9415,2.293
QDXY,m,ninth,7.613,23.862,11.444,13.6055,13.8645,12.709,13.9065,19.709,21.222,2.88,3.093
QIIV,m,eighth,5.947,14.201,8.016,10.574,11.3355,9.994499999999999,11.139,15.535499999999999,17.0225,2.072,2.234
QMKN,f,female,7.647,12.315,7.639,12.184000000000001,12.833,11.812999999999999,13.038,21.1665,22.8405,3.211,2.6095
QOGZ,f,female,7.437,11.836,7.681,12.339,12.515,11.9415,12.763,19.337,20.2045,3.054,2.481
QQJU,m,ninth,7.124,20.466,10.728,11.056999999999999,12.921,11.08,12.364,17.488999999999997,19.42,3.1135,2.6665
QRKY,f,female,7.762,11.798,7.79,11.3615,11.972,11.552,12.2965,20.338,20.503,2.7824999999999998,2.569
QSRM,m,ninth,7.046,22.9,11.347,12.9225,13.150500000000001,11.9865,12.9435,17.7925,20.333,3.1015,2.7865
QUAR,m,eighth,6.544,15.959,8.818,10.925,11.222,,,,,2.495,2.3505000000000003
QXSG,f,female,7.736,12.745,8.075,11.9595,12.784500000000001,11.650500000000001,13.101500000000001,21.175,23.508,2.8375,2.818
QYFB,f,female,7.126,11.143,7.243,10.584499999999998,11.1755,10.343,10.911000000000001,17.9185,18.701,2.5355,2.3579999999999997
QZHA,m,eighth,6.662,16.89,9.094,11.215499999999999,12.271,10.666,11.611,16.811500000000002,17.676499999999997,2.7569999999999997,2.4495
RBAX,m,ninth,6.677,19.692,10.349,12.4515,13.035,11.5015,12.846,17.5285,20.968,2.823,2.606
RBFY,f,female,8.371,13.667,8.625,12.8935,13.433499999999999,12.829,13.5195,20.718,22.320999999999998,3.2329999999999997,2.71
RCMK,m,eighth,6.334,15.19,8.629,11.132,11.599,10.478000000000002,11.5155,16.726,17.575,2.194,2.457
RDRL,m,eighth,6.74,17.552,9.405,11.849,12.2265,11.0745,12.028500000000001,17.424500000000002,17.4235,2.474,2.7655000000000003
RIJE,f,female,7.69,11.625,7.416,11.3635,11.8875,10.9915,11.893,18.539,19.6455,2.4585,2.5919999999999996
RIWP,m,ninth,6.941,19.517,10.604,12.234,13.359,12.087,13.2275,18.5745,20.4995,3.629,2.6784999999999997
RJGO,f,female,7.657,12.789,7.997,12.164,12.8855,11.789,13.249,19.6605,21.708,2.8920000000000003,2.771
RJVU,f,female,7.683,12.109,7.685,11.673,12.3325,11.3305,12.605,19.371000000000002,20.5475,2.987,2.6845
RMQE,f,female,8.094,12.848,7.865,11.991,13,11.6675,12.9275,20.424500000000002,21.325499999999998,3.004,2.713
RNCJ,f,female,7.555,12.446,7.816,11.645,12.3275,11.501000000000001,12.24,19.2065,20.0835,2.9335,2.6079999999999997
RNFD,f,female,8.219,13.689,8.711,12.9435,13.305,13.2125,13.6295,22.244,23.84,3.1325000000000003,2.6870000000000003
RPNA,m,eighth,6.39,17.927,9.447,11.2865,11.7235,10.761500000000002,11.494,16.695999999999998,18.175,2.1159999999999997,2.7075
RQME,m,ninth,6.735,19.876,10.146,12.18,13.151499999999999,11.5335,12.940999999999999,17.9205,19.6035,3.108,2.694
RSFE,m,tenth,7.484,26.64,13.488,13.657,14.035499999999999,12.5595,13.937,20.999499999999998,22.174,3.566,3.3785
RTXD,m,eighth,6.976,18.452,10.528,12.3445,13.1965,11.811499999999999,13.3035,18.585,20.295499999999997,3.035,2.628
RWGW,m,eighth,6.105,15.679,8.506,11.1135,11.936,10.462499999999999,12.036000000000001,16.186,17.435499999999998,2.593,2.6405000000000003
SBJV,m,tenth,7.486,26.997,12.715,13.6935,14.145,12.146,13.9865,19.179499999999997,20.728,3.3015,3.2845
SBJVC,m,ninth,6.497,23.893,12.284,13.336500000000001,13.358,12.382,13.331499999999998,19.18,21.249000000000002,3.1325000000000003,3.083
SCBI,m,tenth,8.018,26.219,13.339,14.0855,14.683,12.708,14.482,19.556,22.0385,3.7305,3.416
SCXD,m,ninth,7.215,20.147,10.41,11.892,13.155000000000001,11.091000000000001,12.686,17.4755,18.258499999999998,3.0454999999999997,2.613
SDBA,m,ninth,6.925,20.561,10.144,12.616,12.880500000000001,11.6105,12.551,18.561500000000002,19.6385,2.7190000000000003,2.9475
SDVC,m,ninth,7.158,22.423,11.32,13.482,13.889,12.565,13.629,19.799500000000002,21.649,2.9765,3.0195
SEVZ,f,female,8.389,13.706,8.851,13.321,14.369,12.871,13.858,21.5105,24.5195,3.529,2.8265000000000002
SFBL,f,female,8.098,13.091,8.133,12.2465,13.049,12.334,13.727,20.901,22.9935,3.0700000000000003,2.7195
SGBK,m,ninth,6.939,21.57,10.906,12.9785,13.8335,12.433499999999999,13.7955,19.2225,20.5245,3.5655,3.098
SMVB,m,eighth,6.867,18.044,9.605,11.9315,12.455,10.919,12.350000000000001,15.525,16.313000000000002,2.7065,2.755
SMXT,m,eighth,5.744,12.156,7.891,10.303,10.7595,9.685,10.431000000000001,15.433,16.095,1.996,2.2430000000000003
SNCY,f,female,8.379,13.165,8.55,12.811499999999999,13.651,12.2925,13.981,21.2685,23.223,3.198,2.822
SNDZ,m,ninth,7.488,19.541,10.706,12.8195,13.6485,11.940000000000001,13.488,18.637500000000003,21.3585,3.7439999999999998,2.551
SQCA,m,tenth,7.59,25.214,12.477,13.524000000000001,14.0355,12.04,13.683,19.8295,21.622500000000002,3.184,3.224
SSQG,m,tenth,7.689,25.91,12.393,13.901,14.5805,12.96,14.878499999999999,19.8045,21.711,3.536,2.925
SVLP,m,ninth,6.834,19.358,10.085,12.531500000000001,12.99,11.806000000000001,12.7335,18.063499999999998,20.4315,2.8360000000000003,2.6895
SXDN,f,female,7.555,11.905,7.706,11.582,12.0535,11.6715,12.0915,19.615000000000002,21.139499999999998,2.5625,2.588
SYKW,m,tenth,7.078,25.874,12.88,14.0205,14.459,12.817499999999999,14.418,19.7595,22.225499999999997,3.6535,3.3525
TABC,m,ninth,7.063,20.5,10.691,12.253,12.7985,11.7015,12.872,18.2955,20.46,2.507,2.8760000000000003
TART,f,female,7.81,13.129,8.195,11.485,12.535499999999999,11.648,12.6125,20.8375,23.871,2.855,2.5475000000000003
TKBC,m,ninth,7.242,23.755,12.282,12.856,13.011500000000002,12.0055,13.152000000000001,19.136000000000003,21.079,2.5615,2.8064999999999998
TKSH,m,ninth,7.189,21.423,11.301,13.167,13.388,12.132,13.7945,19.6005,22.3575,2.6975,3.115
TRCQ,f,female,7.792,12.377,7.845,12.1385,13.2815,12.2075,13.678,20.0245,21.576999999999998,3.1695,2.5215
TSNP,m,tenth,7.302,24.837,12.365,13.0085,13.680499999999999,12.331499999999998,13.693999999999999,19.058500000000002,21.1635,2.8979999999999997,3.1710000000000003
TSPY,f,female,7.082,10.461,6.892,10.9875,11.811499999999999,10.864999999999998,12.025,18.07,19.739,3.0789999999999997,2.4370000000000003
TWQN,m,eighth,6.038,15.802,8.783,11.053,11.559,10.716000000000001,11.600999999999999,16.979,,2.495,2.4524999999999997
TYRB,m,eighth,7.488,16.907,9.596,12.237,12.459,11.121500000000001,12.2455,18.244999999999997,18.698,3.157,2.5415
UCYK,f,female,7.358,11.6,7.603,11.2,11.7925,10.98,12.276,18.677500000000002,20.7605,2.7245,2.614
UHRS,m,ninth,7.047,18.62,10.853,12.5485,13.7635,12.0895,13.275500000000001,18.722,20.311999999999998,3.181,2.927
UKOQ,m,tenth,7.438,26.978,12.939,13.5745,14.244,12.689499999999999,14.102,19.551000000000002,21.6545,3.3760000000000003,3.2065
ULBD,m,ninth,7.331,22.949,11.905,13.375499999999999,14.3005,12.3235,13.7725,19.3745,21.3795,3.8,2.9225000000000003
UMXA,f,female,8.342,13.39,8.565,11.873,12.999500000000001,11.727,13.086500000000001,19.8095,21.789,3.3825000000000003,2.644
UNBX,m,eighth,6.437,16.453,9.195,11.173,12.506,10.74,11.986,16.4795,18.2405,2.4145000000000003,2.7125
UPBJ,f,female,7.773,13.34,8.44,11.975,12.788,11.788,12.628,20.5805,21.701,3.1710000000000003,2.543
UQVJ,m,ninth,6.663,20.062,10.446,12.045,12.117,10.8845,12.559000000000001,17.347,19.4805,2.6574999999999998,2.6445
UWVR,f,female,7.505,12.629,7.934,11.469000000000001,12.305499999999999,11.3095,12.59,19.329,21.2145,2.8295000000000003,2.4459999999999997
UYSP,m,tenth,7.95,26.57,12.62,13.749,13.94,12.6795,13.8095,19.698999999999998,20.93,3.4685,3.3545
VDBS,f,female,7.984,12.905,8.43,12.3475,13.085,12.056000000000001,13.4115,20.82,23.0375,3.638,2.614
VDVI,m,tenth,7.624,26,12.603,14.0195,14.191,13.0485,13.834,20.8075,22.163,3.6395,3.299
VECM,m,ninth,7.074,19.196,10.295,12.039,12.9925,11.2655,12.5845,17.9895,19.339,2.4219999999999997,2.6630000000000003
VFCQ,m,eighth,5.713,15.057,8.296,10.4285,11.4165,10.093499999999999,11.107,16.2835,17.0465,2.683,2.4210000000000003
VFPH,m,ninth,7.425,24.147,12.393,13.282,13.544,12.532499999999999,13.832,20.076,20.8155,3.007,3.0540000000000003
VGLK,m,ninth,6.791,20.267,10.42,12.958,13.677,12.207,13.419,18.555500000000002,20.646,3.33,2.7584999999999997
VHBT,m,tenth,8.111,26.878,13.09,13.549,15.029,12.755500000000001,14.243500000000001,20.319499999999998,23.47,3.291,3.286
VJOC,f,female,8.117,13.024,8.601,12.104,12.883500000000002,12.1585,13.675,21.012,22.5865,3.363,2.469
VJTT,f,female,8.134,12.758,8.164,12.0015,12.755500000000001,11.714,13.059000000000001,19.5295,21.8465,3.0985,2.54
VNSP,m,eighth,6.392,18.458,9.43,11.1465,12.718499999999999,10.594000000000001,12.268,16.6545,19.1545,2.6635,2.774
VNVH,f,female,7.883,13.483,8.593,11.4115,12.4565,11.2655,12.1415,19.369,21.753500000000003,3.3195,2.677
VUNA,f,female,7.965,12.812,8.414,12.3385,13.19,12.001000000000001,13.601500000000001,20.0845,23.0195,3.193,2.7495000000000003
WDBI,m,ninth,6.52,19.023,10.36,11.721499999999999,12.5945,11.14,12.745,18.188,19.172,2.8514999999999997,2.6334999999999997
WHQS,f,female,7.482,12.007,7.561,11.104,12.621500000000001,11.5145,12.725,19.436,21.57,3.511,2.5335
WHVM,m,tenth,7.382,25.282,12.289,13.561499999999999,14.265,12.32,13.5205,18.847,19.8945,3.351,3.087
WJST,f,female,8.133,12.557,7.809,12.2775,12.8005,11.915,12.771,20.0135,21.705,3.4690000000000003,2.8289999999999997
WKXK,m,ninth,7.255,23.899,11.507,12.704,13.028500000000001,11.956,12.879999999999999,18.999000000000002,20.545,3.101,2.83
WNVZ,m,ninth,7.017,19.242,10.117,12.021,12.3975,11.1965,12.65,17.118499999999997,18.269,2.8979999999999997,2.635
WQOI,m,ninth,7.152,23.9,12.061,13.7635,14.2805,12.68,14.3855,19.9685,22.1175,3.581,3.0615
WQRK,m,ninth,7.222,20.953,10.415,12.286999999999999,13.2925,11.620000000000001,12.995,17.560499999999998,20.431,3.05,2.857
WSXA,m,eighth,6.222,14.539,8.082,10.975,11.775500000000001,10.655000000000001,11.471499999999999,16.576999999999998,17.7815,2.38,2.2355
WWFJ,m,eighth,6.773,15.47,8.732,10.760000000000002,11.5685,10.1935,11.2315,16.305999999999997,17.351,2.3609999999999998,2.364
WYMS,m,eighth,6.189,17.471,9.43,11.012,11.462,10.053999999999998,11.2275,16.1385,17.2,2.578,2.5380000000000003
XDBU,f,female,7.463,12.481,7.828,12.134,13.2605,11.829,12.655,20.194499999999998,21.5025,3.1685,2.409
XKES,f,female,8.183,14.226,8.891,12.602,13.2945,12.5845,13.404499999999999,21.603,24.2335,3.1165000000000003,2.6535
XMEN,m,eighth,6.713,15.675,8.762,11.167,11.927,10.334,11.722,16.6425,18.069000000000003,2.4185,2.4035
XNIH,f,female,7.144,11.436,7.453,11.0205,12.122,10.957,12.3355,18.822499999999998,20.542,2.8785,2.4755
XOAF,m,ninth,6.989,19.1,10.228,11.5045,12.104,10.282,11.887,17.9925,19.955,2.5895,2.7055
XQBJ,m,tenth,7.139,25.668,12.88,13.3015,13.4925,12.264,13.3,20.5875,21.4435,3.0919999999999996,3.0975
XQHC,m,ninth,6.576,18.516,9.762,12.55,13.729,11.5435,12.652999999999999,17.843,19.387,3.056,2.7569999999999997
XRPL,m,eighth,7.164,18.377,10.717,12.1305,13.0425,11.692,12.789000000000001,18.4315,19.7075,3.0645,2.634
XVQB,m,ninth,6.811,20.394,10.841,11.683,12.5875,11.1305,12.5125,17.092,19.206000000000003,2.7005,2.5725
XWCJ,m,eighth,6.176,16.224,8.741,11.818999999999999,12.411,10.971499999999999,12.099499999999999,16.4425,17.551000000000002,2.759,2.4385
YAKT,m,eighth,5.852,13.189,7.468,10.0185,10.937999999999999,9.366499999999998,10.915500000000002,16.891,19.0195,2.2199999999999998,2.2535
YBYC,m,ninth,6.919,21.106,10.603,13.077,13.176,11.880500000000001,12.814499999999999,17.740499999999997,19.5885,2.6959999999999997,2.4025
YCTD,m,eighth,6.04,14.576,7.82,10.325500000000002,11.547,9.852,10.754,16.204,16.22,2.445,2.3034999999999997
YFAT,f,female,8.576,13.88,8.873,13.251000000000001,14.128499999999999,13.2405,14.004,22.3185,23.802500000000002,3.742,2.724
YGFO,m,eighth,6.708,17.202,9.184,11.188,11.939,10.685,12.018,16.9855,18.661,2.435,2.7750000000000004
YMRF,m,eighth,6.313,16.32,8.967,11.003,12.418,10.1465,11.741,16.615000000000002,17.849,2.438,2.5805
YNBA,m,ninth,7.613,19.932,11.51,12.657,12.905999999999999,11.882,12.715499999999999,19.479,19.02,3.266,3.1635
YNFN,f,female,7.681,12.978,8.206,11.930499999999999,12.5045,11.605,12.5735,19.142,21.7275,2.8655,2.6710000000000003
YNZS,f,female,7.828,13.901,8.793,12.681000000000001,13.4515,12.42,13.410499999999999,20.817,23.2045,3.005,2.6959999999999997
YRUA,f,female,7.401,12.633,7.675,11.789000000000001,12.185500000000001,11.4075,12.2205,19.3035,21.005000000000003,2.9045,2.5445
YRUH,f,female,8.094,12.915,8.12,12.2545,13.0755,12.2955,13.591000000000001,20.587,22.8305,3.145,2.6115000000000004
YSQQ,m,eighth,5.778,14.376,8.27,9.866,11.146,9.7375,11.4235,14.994,16.217,2.324,2.1925
YUWR,m,eighth,6.409,16.218,8.652,11.0165,11.9,10.535499999999999,11.915,16.607,18.386499999999998,2.511,2.4124999999999996
YYNS,f,female,7.254,12.992,8.16,12.233,12.921,12.063,13.128,19.849,22.375,3.472,2.5060000000000002
YZUH,m,eighth,6.293,15.195,8.306,10.6585,11.34,10.085999999999999,11.32,16.4875,16.921,1.9689999999999999,2.4105
ZAQJ,m,eighth,6.09,13.583,7.527,10.058,11.008,9.409500000000001,10.5755,14.666,16.2135,2.3535,2.2615
ZAVH,m,eighth,6.355,15.115,8.541,10.4525,11.387,9.8705,11.1555,16.3965,17.253999999999998,2.2285,2.3505000000000003
ZFKD,m,eighth,6.225,16.372,8.969,10.293500000000002,11.4195,9.736999999999998,11.072500000000002,15.452,17.231,2.302,2.484
ZFXN,m,ninth,7.041,21.004,10.869,12.663499999999999,13.939499999999999,11.6935,13.392,18.394,20.875999999999998,3.1995,2.6340000000000003
ZIER,m,tenth,7.789,26.584,12.816,13.5485,13.643,12.711500000000001,13.5685,19.945999999999998,21.2905,2.8680000000000003,3.2475
ZRDE,m,ninth,7.122,24.105,11.822,13.4945,13.967,12.257,13.8105,19.2475,21.3265,3.1304999999999996,3.061
ZSUF,m,eighth,6.048,15.317,8.304,10.717,11.551,10.0145,11.292,15.8315,17.049500000000002,2.362,2.6790000000000003
ZVNV,m,ninth,6.967,23.168,11.715,13.529499999999999,13.6795,12.1795,13.219,19.795499999999997,20.875,2.9770000000000003,3.0605
ZWYP,f,female,8.046,12.946,8.203,12.2485,13.3385,12.2695,13.633,21.192500000000003,22.411,3.085,2.8795
