ID,year,sex,Category,testes,head length,1st left femur,1st right femur,1.femur,1st left tibia,1st right tibia,1.tibia,1st left tarsus,1st right tarsus,1.tarsus,left ear,right ear,ear,2nd left femur,2nd right femur,2.femur,2nd left tibia,2nd right tibia,2.tibia,2nd left tarsus,2nd right tarsus,2.tarsus,3rd left femur,3rd right femur,3.femur,3rd left tibia,3rd right tibia,3.tibia,3rd left tarsus,3rd right tarsus,3.tarsus,pronotum,head width,left eye,right eye,best eye clarity
m01,2006,Male,nine,0.01957,19.29,10.88,10.94,10.91,12.62,12.98,12.8,3.67,3.58,3.625,3.06,3.11,3.085,10.64,10.72,10.68,12.45,12.46,12.455,3.58,3.46,3.52,17.71,17.75,17.73,19.41,19.29,19.35,3.62,3.71,3.665,6.31,10.02,3.9,3.66,"neither, maybe right"
m02,2006,Male,ten,0.01862,28.88,13.63,12.97,13.3,15.39,15.23,15.31,4.23,4.52,4.375,4.18,4.15,4.165,13.26,13.04,13.15,14.9,15.06,14.98,4.01,4.23,4.12,19.73,22.56,21.145,23.61,23.4,23.505,4.01,4.09,4.05,7.19,13.53,4.44,4.97,neither
m03,2006,Male,eight,0.00753,18.54,11.18,11.19,11.185,11.23,12.8,12.015,3.26,no tarsus,3.26,,2.74,2.74,10.77,11.03,10.9,11.82,12.25,12.035,no tarsus,no tarsus,,17.36,18.53,17.945,18.59,19.34,18.965,3.56,3.62,3.59,6.35,9.28,3.45,3.04,right
m34,2006,Male,nine,0.01271,21.52,11.72,11.47,11.595,13.64,13.48,13.56,3.91,3.72,3.815,3.01,3.01,3.01,11.16,11.21,11.185,12.76,12.82,12.79,3.48,3.35,3.415,18.63,,18.63,19.57,,19.57,3.87,no picture,3.87,6.31,10.64,3.44,2.55,left
m35,2006,Male,nine,0.02487,23.54,11.82,11.66,11.74,14.42,13.87,14.145,3.9,3.41,3.655,3.3,3.11,3.205,11.66,11.5,11.58,13.01,13.15,13.08,3.93,3.82,3.875,19.44,19.81,19.625,20.4,20.86,20.63,no tarsus,4.15,4.15,6.79,11.75,,,no picture
m37,2006,Male,nine,0.01981,19.61,11.19,11.18,11.185,12.42,12.6,12.51,3.41,no tarsus,3.41,3.19,3.32,3.255,10.41,10.15,10.28,12.12,11.97,12.045,3.56,2.54,3.05,17.72,18.21,17.965,18.13,19.14,18.635,no tarsus,no tarsus,3.49,6.3,9.78,3.12,2.72,neither
m38,2006,Male,nine,0.01257,20.53,10.91,11.43,11.17,13.02,13.18,13.1,no tarsus,3.75,3.75,3.33,3.2,3.265,no picture,10.73,10.73,no picture,12.63,12.63,no picture,3.67,3.67,18.09,17.72,17.905,19.24,19.04,19.14,no tarsus,2.23,2.23,6.46,10.32,3.92,3.49,left
m39,2006,Male,nine,0.02548,20.17,11.71,11.54,11.625,13.52,13.41,13.465,3.93,4.01,3.97,2.87,3.12,2.995,11.35,11.28,11.315,12.42,12.56,12.49,3.86,3.84,3.85,18.19,19.11,18.65,19.88,18.98,19.43,no tarsus,4.01,4.01,6.71,10.2,3.39,2.75,left
m42,2006,Male,nine,0.01503,23.18,11.74,12.07,11.905,13.51,13.6,13.555,3.82,3.99,3.905,3.07,3.2,3.135,11.16,10.85,11.005,12.83,12.53,12.68,3.78,3.01,3.395,19.37,19.68,19.525,20.56,20.25,20.405,no tarsus,3.77,3.77,7.41,11.45,4.17,3.66,both
m43,2006,Male,nine,0.01502,20.68,10.83,11.17,11,12.84,12.41,12.625,3.53,3.58,3.555,2.97,3.11,3.04,10.51,10.42,10.465,12.2,12,12.1,3.5,3.44,3.47,17.77,18.42,18.095,18.35,18.89,18.62,3.41,3.71,3.56,6.32,10.35,2.73,1.89,left
m44,2006,Male,ten,0.01754,24.89,12.58,12.96,12.77,13.93,14.09,14.01,3.85,4.04,3.945,3.44,3.27,3.355,11.51,11.87,11.69,13.14,13.16,13.15,3.88,3.93,3.905,20.55,20.13,20.34,20.99,19.98,20.485,3.74,4,3.87,7.33,12.4,3.39,3.71,left
m47,2006,Male,ten,0.02411,24.36,12.77,13.04,12.905,13.77,14.02,13.895,3.95,4.49,4.22,3.67,3.64,3.655,11.92,11.93,11.925,13.18,13.14,13.16,4.05,3.93,3.99,19.4,19.55,19.475,20.18,20.58,20.38,no tarsus,no tarsus,3.08,6.79,11.78,4.17,4.3,both
m52,2006,Male,nine,0.02049,20.24,11.62,11.46,11.54,12.95,13.26,13.105,3.52,3.74,3.63,2.64,2.94,2.79,11,11.29,11.145,12.12,12.41,12.265,3.56,3.65,3.605,18.01,18.26,18.135,18.55,17.91,18.23,3.61,no tarsus,3.61,6.88,10.43,3.3,3,left
m58,2006,Male,nine,0.0143,24.03,11.89,11.18,11.535,13.16,12.59,12.875,3.39,3.82,3.605,3.11,3.07,3.09,11.66,11.75,11.705,12.54,12.28,12.41,3.59,3.99,3.79,18.66,18.8,18.73,19.81,19.86,19.835,4.03,3.8,3.915,7.08,11.76,4.25,3.58,left
m61,2006,Male,nine,0.01337,21.63,11.74,11.6,11.67,12.9,12.36,12.63,3.47,3.57,3.52,2.78,2.73,2.755,10.88,10.79,10.835,11.53,11.33,11.43,3.54,3.49,3.515,17.88,18.22,18.05,18.12,17.88,18,3.59,3.3,3.445,6.29,10.79,3.6,3.72,right
m62,2006,Male,nine,0.01356,19.76,11.63,11.62,11.625,13.02,13.56,13.29,3.63,3.81,3.72,3.16,3.31,3.235,11.24,11.1,11.17,12.57,12.25,12.41,3.83,3.72,3.775,18.61,18.23,18.42,18.4,18.88,18.64,3.33,3.76,3.545,6.84,10.29,3.41,2.96,both
m65,2006,Male,eight,0.01516,18.02,10.78,10.77,10.775,12.28,12.62,12.45,3.16,3.51,3.335,2.72,2.92,2.82,10.1,9.97,10.035,11.59,11.55,11.57,3.45,no tarsus,3.45,17.72,17.51,17.615,18.27,18.33,18.3,3.75,3.93,3.84,6.55,9.44,2.99,2.65,right
m66,2006,Male,nine,0.0143,19.58,11.18,10.97,11.075,12.52,12.4,12.46,,3.34,3.34,3.19,2.89,3.04,10.86,10.76,10.81,11.81,11.9,11.855,3.62,3.51,3.565,18.14,18.1,18.12,18.5,18.37,18.435,3.61,3.74,3.675,6.48,9.88,3.15,2.59,both
m67,2006,Male,eight,0.01719,17.49,10.62,10.6,10.61,11.85,12.22,12.035,3.43,3.5,3.465,2.82,2.74,2.78,10.15,10.13,10.14,11.14,11.19,11.165,3.43,3.44,3.435,17.41,16.92,17.165,17.97,18.4,18.185,3.37,3.28,3.325,5.9,9.27,2.9,2.66,right
m68,2006,Male,ten,0.01966,24.38,11.94,11.96,11.95,13.48,13.3,13.39,3.99,3.97,3.98,3.39,3.11,3.25,11.18,11.57,11.375,12.59,12.72,12.655,3.83,3.9,3.865,19.29,18.64,18.965,20.36,20.19,20.275,3.86,3.84,3.85,6.53,11.57,4.3,3.18,left
B83,2006,Male,eight,0.01105,17.09,10.5,10.15,10.325,11.99,11.88,11.935,3.04,2.98,3.01,2.81,2.7,2.755,10.3,10.15,10.225,11.69,11.55,11.62,3.27,3.34,3.305,17.34,17.44,17.39,17.19,17.11,17.15,2.75,3,2.875,6.26,8.68,2.75,1.99,right
B84,2006,Male,ten,0.02088,27.18,12.98,12.53,12.755,15.03,14.52,14.775,3.78,3.79,3.785,4.24,3.33,3.785,12.5,12.28,12.39,14.08,14.25,14.165,4.05,4.11,4.08,19.82,20.27,20.045,21.39,21.26,21.325,3.89,4.1,3.995,7.23,13.16,3.08,2.88,neither
B85,2006,Male,nine,0.03831,19.65,10.2,10.25,10.225,12.03,11.97,12,3.88,3.58,3.73,,,,11.19,11.41,11.3,13.32,13.03,13.175,3.9,no tarsus,3.9,18.83,18.14,18.485,19.78,19.29,19.535,3.48,no tarsus,3.48,6.67,10.52,3.15,3.1,neither
B86,2006,Male,nine,0.0416,22.3,12.23,12.1,12.165,13.96,13.98,13.97,3.7,3.61,3.655,3.74,3.33,3.535,11.89,11.57,11.73,12.95,13.1,13.025,3.76,3.67,3.715,19.66,19.58,19.62,20.12,20.24,20.18,3.69,3.26,3.475,6.9,11.25,2.33,2.52,neither
B87,2006,Male,nine,0.01666,24.11,11.71,12.71,12.21,13.15,13.74,13.445,3.54,3.78,3.66,2.93,3.14,3.035,11.59,11.67,11.63,13.19,13.72,13.455,3.67,3.96,3.815,19.16,19.48,19.32,19.62,20.32,19.97,3.84,4.2,4.02,7.34,12.04,3.34,2.98,neither
B88,2006,Male,ten,0.02792,27.18,13.12,13,13.06,15.61,15.92,15.765,4.29,4.22,4.255,3.97,4.01,3.99,13,12.99,12.995,14.71,15.17,14.94,4.34,4.34,4.34,21.86,22.15,22.005,25.18,25.15,25.165,no tarsus,4.19,4.19,7.07,13.7,5.03,3.87,neither
B89,2006,Male,ten,0.01929,28.46,13.57,13.58,13.575,15.45,14.93,15.19,4.48,,4.48,3.29,3.02,3.155,13.35,12.99,13.17,14.92,14.93,14.925,3.99,4.28,4.135,21.61,21.01,21.31,22.87,22.23,22.55,4.64,4.34,4.49,7.44,13.7,4.94,4.72,both
B90,2006,Male,nine,0.03208,19.14,11.45,11.49,11.47,13.24,12.8,13.02,3.74,3.73,3.735,3.44,3.7,3.57,11.29,11.2,11.245,12.61,12.6,12.605,no tarsus,3.38,3.38,18.02,17.96,17.99,18.37,18.64,18.505,3.47,2.09,2.78,6.75,10.13,3.25,3.21,both
B91,2006,Male,ten,0.03368,29.89,13.44,13.41,13.425,15.37,14.96,15.165,4.35,4.32,4.335,4.08,4.03,4.055,12.85,13.01,12.93,14.8,15.07,14.935,4,4.23,4.115,21.85,21.85,21.85,23.07,22.78,22.925,4.66,4.4,4.53,8.16,14.73,4.75,4.52,neither
B92,2006,Male,eight,0.035,14.26,8.64,9.56,9.1,11.29,11.62,11.455,3.22,3.33,3.275,2.83,2.79,2.81,7.01,9.32,8.165,8.07,10.77,9.42,2.71,3.08,2.895,15.03,15.35,15.19,16.74,16.31,16.525,no tarsus,3.21,3.21,5.74,7.57,2.27,1.83,left
B93,2006,Male,nine,0.01712,19.83,11.7,11.18,11.44,12.84,13.03,12.935,3.63,3.7,3.665,3.31,3.52,3.415,10.74,11.22,10.98,12.04,12.74,12.39,2.54,3.39,2.965,18.49,17.76,18.125,19.85,20.19,20.02,3.7,3.61,3.655,6.35,10.48,3.2,2.7,left
B94,2006,Male,nine,0.01576,21.83,11.5,11.75,11.625,12.57,13.29,12.93,3.82,3.94,3.88,3.13,3.14,3.135,10.57,11.31,10.94,12.45,12.67,12.56,3.63,3.72,3.675,18.49,18.48,18.485,20.72,20.9,20.81,3.99,3.86,3.925,6.41,10.89,3.55,2.9,left
B95,2006,Male,ten,0.01352,31.85,13.83,13.92,13.875,15.64,15.98,15.81,4.34,4.46,4.4,4.67,4.41,4.54,13.7,13.7,13.7,14.89,14.75,14.82,4.4,4.29,4.345,20.53,21.3,20.915,23.01,23.26,23.135,4.11,2.86,3.485,7.57,14.71,5.33,3.51,neither
B96,2006,Male,ten,0.01102,26.19,12.38,12.32,12.35,,14.62,14.62,,4.27,4.27,3.77,3.63,3.7,11.94,11.93,11.935,13.05,13.38,13.215,4.21,3.84,4.025,19.25,20.05,19.65,20.48,20.33,20.405,3.74,3.74,3.74,7.1,12.73,2.82,3.29,right
B98,2006,Male,eight,0.01269,17.85,10.94,10.86,10.9,12.98,12.71,12.845,3.5,3.4,3.45,2.94,3.07,3.005,10.54,10.76,10.65,12.12,11.86,11.99,3.09,3.4,3.245,16.82,17.43,17.125,18.22,18.16,18.19,3.21,3.28,3.245,6.33,9.14,2.82,2.67,both
B99,2006,Male,nine,0.01167,19.41,12.45,12.11,12.28,15.08,14.72,14.9,4.22,,4.22,3.6,3.71,3.655,11.96,11.86,11.91,13.63,13.64,13.635,4.05,3.89,3.97,18.8,19.01,18.905,20.54,19.93,20.235,3.87,no tarsus,3.87,6.91,9.94,3.12,3.52,both
Found #1,2006,Male,ten,0.01253,27.59,12.93,13.19,13.06,15.14,14.97,15.055,4.25,4.38,4.315,4.36,4.31,4.335,12.29,12.14,12.215,14.45,14.37,14.41,4.26,4.22,4.24,20.82,20.83,20.825,21.8,22.02,21.91,4.12,4.48,4.3,,13.97,3.83,3.59,neither
Y01,2006,Male,ten,0.00566,26.82,12.82,12.95,12.885,15.03,14.91,14.97,4.33,4.47,4.4,3.7,3.69,3.695,12.78,12.65,12.715,14.53,14.48,14.505,3.89,4.29,4.09,20.46,20.54,20.5,21.99,22.34,22.165,3.74,4.61,4.175,7.77,13.42,5.28,3.84,right
Y03,2006,Male,nine,0.01226,19.57,10.97,10.65,10.81,12.63,12.42,12.525,3.63,3.74,3.685,2.58,2.78,2.68,10.25,10.26,10.255,12.12,11.97,12.045,3.51,3.47,3.49,17.58,17.2,17.39,18.41,18.39,18.4,3.48,no tarsus,3.48,6.2,9.97,3.75,2.95,both
Y04,2006,Male,nine,0.0193,20.65,11.74,12.01,11.875,14.01,13.87,13.94,,3.96,3.96,3.81,3.77,3.79,11.66,11.31,11.485,12.99,12.98,12.985,4,3.98,3.99,19.89,19.65,19.77,20.32,20.08,20.2,4.1,3.95,4.025,6.91,10.87,3.87,3.07,both
Y06,2006,Male,ten,0.029,29.99,13.76,13.69,13.725,15.47,15.45,15.46,4.45,4.36,4.405,4.66,4.49,4.575,12.76,12.72,12.74,14.76,14.73,14.745,4.28,4.21,4.245,21.64,20.78,21.21,23.62,23.39,23.505,4.44,4.27,4.355,7.51,14.2,6.41,4.96,both
Y07,2006,Male,eight,0.01008,18.75,11.08,10.47,10.775,13.36,12.43,12.895,3.51,3.38,3.445,3.25,2.94,3.095,10.54,10.44,10.49,12,11.89,11.945,3.55,3.56,3.555,17.31,18.02,17.665,18.26,18.58,18.42,no tarsus,3.64,3.64,6.34,9.49,3.28,2.54,both
Y08,2006,Male,eight,0.03019,18.75,11.22,11.21,11.215,12.32,12.61,12.465,3.15,3.64,3.395,2.64,2.79,2.715,10.84,10.73,10.785,11.94,11.89,11.915,3.61,3.46,3.535,18,17.63,17.815,16.65,17.7,17.175,no tarsus,no tarsus,3.495,6.71,9.7,3.42,2.8,both
Y10,2006,Male,eight,0.00926,13.62,9.49,9.82,9.655,11.67,11.46,11.565,2.96,3.08,3.02,2.41,2.47,2.44,9.41,9.99,9.7,10.81,11.19,11,no tarsus,3.32,3.32,15.52,15.47,15.495,16.15,16.59,16.37,3.23,3.24,3.235,5.85,7.52,1.82,2.01,neither
Y11,2006,Male,ten,0.01276,24.38,11.94,12.03,11.985,13.92,13.75,13.835,4.11,3.96,4.035,2.64,4.29,3.465,11.56,11.71,11.635,13.4,13.19,13.295,3.91,3.98,3.945,19.89,20.33,20.11,20.5,20.16,20.33,4.08,2.93,3.505,7.3,11.79,4.72,3.79,left
Y12,2006,Male,ten,0.01333,26.38,12.78,12.89,12.835,14.39,13.87,14.13,4.16,no tarsus,4.16,3.64,3.35,3.495,12.14,11.99,12.065,13.81,13.94,13.875,4.09,4.04,4.065,19.66,20.12,19.89,20.65,20.49,20.57,3.78,4.2,3.99,7.54,12.97,5.56,4.07,left
Y13,2006,Male,eight,0.01564,15.55,9.9,9.65,9.775,11.89,11.77,11.83,3.34,3.31,3.325,2.45,2.67,2.56,9.73,9.63,9.68,11.01,11.24,11.125,3.33,3.29,3.31,16.74,16.37,16.555,16.45,17.69,17.07,3.07,3.27,3.17,5.6,8.18,2.48,2.2,both
Y14,2006,Male,eight,0.01349,15.2,9.81,9.78,9.795,11.26,11.6,11.43,3.36,no tarsus,3.36,2.92,2.49,2.705,9.69,9.77,9.73,10.56,10.89,10.725,no tarsus,3.34,3.34,16.04,15.68,15.86,16.72,18.18,17.45,no tarsus,no tarsus,3.05,6.08,8.2,2.26,2.17,right
Y15,2006,Male,nine,0.03127,21.57,11.71,12.03,11.87,13.75,13.45,13.6,3.83,3.92,3.875,3.53,3.76,3.645,12.02,11.9,11.96,13.2,13.39,13.295,3.83,4.04,3.935,19.68,21.05,20.365,20.97,22.18,21.575,3.86,4.23,4.045,6.61,11.41,4.05,2.87,left
Y16,2006,Male,nine,0.01532,19.18,12.28,11.33,11.805,13.7,12.66,13.18,no tarsus,3.04,3.04,2.81,2.6,2.705,no picture,11.34,11.34,no picture,12.78,12.78,no picture,3.62,3.62,19.02,18.69,18.855,19.08,18.95,19.015,3.15,3.54,3.345,6.99,9.88,4.07,3.66,both
Y18,2006,Male,eight,0.01751,18.67,10.28,10.54,10.41,12.29,12.18,12.235,3.68,3.82,3.75,3.07,3.1,3.085,10.05,10.23,10.14,11.6,11.51,11.555,3.26,3.75,3.505,17.24,16.99,17.115,17.7,17.68,17.69,3.66,3.09,3.375,6.48,9.64,2.96,2.72,both
Y19,2006,Male,nine,0.01052,19.8,10.79,10.37,10.58,12.74,12.48,12.61,3.78,3.62,3.7,2.91,2.57,2.74,10.89,10.79,10.84,12.38,12.3,12.34,3.5,3.68,3.59,18.04,18.38,18.21,18.25,18.5,18.375,3.98,3.3,3.64,6.51,10.37,3.59,3.13,both
Y21,2006,Male,eight,0.0143,18.52,11.75,11.92,11.835,13.01,13.7,13.355,3.83,3.73,3.78,3.42,3.37,3.395,no picture,11.4,11.4,no picture,12.52,12.52,no picture,3.89,3.89,18.7,19.37,19.035,20.03,20.37,20.2,3.45,3.98,3.715,6.87,10.38,3.9,3.25,both
Y22,2006,Male,eight,0.01204,13.52,9.37,9.56,9.465,11.35,11.32,11.335,no tarsus,3.41,3.41,2.41,2.53,2.47,9.44,9.18,9.31,10.55,10.22,10.385,no tarsus,no tarsus,,14.93,15.12,15.025,15.44,12.01,13.725,no tarsus,no tarsus,2.882,5.51,7.36,2.58,2.28,both
Y23,2006,Male,nine,0.01163,20.6,11.4,11.51,11.455,13.18,13.19,13.185,3.62,3.88,3.75,3.31,3.26,3.285,10.96,10.81,10.885,8.79 (broken),12.77,12.77,no tarsus,3.69,3.69,18.36,18.8,18.58,19.17,20.32,19.745,3.48,3.89,3.685,6.66,10.59,3.82,3.33,both
Y24,2006,Male,eight,0.03158,16.54,10.95,10.51,10.73,11.81,12.22,12.015,3.61,3.5,3.555,2.42,2.61,2.515,10.21,9.86,10.035,11.66,11.44,11.55,3.42,3.48,3.45,16.52,16.5,16.51,17.67,16.61,17.14,3.38,no tarsus,3.38,6.32,8.66,3.28,2.15,neither
Y25,2006,Male,eight,0.01171,17.47,10.76,10.62,10.69,12.19,12.19,12.19,3.53,3.48,3.505,2.74,2.62,2.68,10.09,10.4,10.245,11.78,11.83,11.805,3.38,3.51,3.445,17.6,16.81,17.205,18.31,17.47,17.89,3.74,no tarsus,3.74,6.06,9.07,3.14,2.46,both
Y26,2006,Male,ten,0.01788,30.15,14.08,13.88,13.98,15.11,15.3,15.205,4.5,4.52,4.51,3.94,4.02,3.98,13.5,13.37,13.435,14.89,15.3,15.095,4.33,4.31,4.32,21.22,21.54,21.38,23.6,23.38,23.49,4.25,4.47,4.36,7.97,13.8,5.48,4.69,both
Y27,2006,Male,eight,0.01202,17.44,11.41,11.12,11.265,12.82,12.51,12.665,no tarsus,3.47,3.47,2.94,3,2.97,11.13,11,11.065,12.39,12.45,12.42,no tarsus,3.58,3.58,17.5,17.42,17.46,18.52,18.17,18.345,3.48,2.77,3.125,6.44,9.14,,,no picture
Y28,2006,Male,eight,0.02052,15.17,10.41,10.21,10.31,11.92,12.28,12.1,3.35,no tarsus,3.35,2.75,2.82,2.785,10.2,9.68,9.94,11.37,11.38,11.375,3.34,3.26,3.3,16.51,17.3,16.905,17.86,17.83,17.845,3.01,3.45,3.23,5.93,8.57,2.48,2.3,both
Y29,2006,Male,eight,0.01864,16.45,10.23,10.54,10.385,11.89,11.76,11.825,3.15,no tarsus,3.15,2.69,2.84,2.765,10.38,10.42,10.4,11.66,11.52,11.59,3.6,3.49,3.545,17.5,17.01,17.255,18.01,18.44,18.225,2.76,1.76,2.26,6.18,8.68,2.87,2.19,both
Y30,2006,Male,eight,0.0106,18.26,11.18,11.36,11.27,12.11,12.35,12.23,3.78,3.6,3.69,2.25,2.62,2.435,10.84,10.76,10.8,12.12,11.74,11.93,no tarsus,3.57,3.57,17.16,17.37,17.265,17.78,17.91,17.845,3.58,3.56,3.57,6.31,9.61,3.1,2.42,both are OK
Y31,2006,Male,nine,0.0137,19.52,11.12,11.32,11.22,12.03,12.53,12.28,3.83,3.69,3.76,2.85,3.06,2.955,10.97,11.08,11.025,11.71,12.01,11.86,3.47,3.66,3.565,18.51,17.92,18.215,18.76,18.64,18.7,3.57,3.4,3.485,6.2,10.48,3.43,3.02,left
Y32,2006,Male,eight,0.01626,18.45,10.75,10.63,10.69,12.6,12.63,12.615,3.43,3.68,3.555,2.99,2.96,2.975,10.19,10.21,10.2,11.81,12.05,11.93,3.55,3.39,3.47,17.98,17.65,17.815,18.84,19.16,19,3.14,3.57,3.355,6.64,9.27,3.66,2.62,left
Y33,2006,Male,ten,0.02648,25.05,13.09,13.18,13.135,15.06,15.01,15.035,4.24,4.16,4.2,4.06,3.76,3.91,12.37,12.58,12.475,14.44,14.01,14.225,4.25,4.2,4.225,20.99,21,20.995,22.33,21.99,22.16,no tarsus,4.28,4.28,6.98,12.75,5.22,3.96,left
Y34,2006,Male,eight,0.01643,15.79,9.93,9.56,9.745,11.22,11.16,11.19,3.38,3.27,3.325,2.07,1.92,1.995,9.7,9.5,9.6,10.37,10.31,10.34,3.25,3.21,3.23,16.17,16.16,16.165,16.62,16.93,16.775,3.33,no tarsus,3.33,6,8.48,2.99,2.63,both
Y35,2006,Male,ten,0.01068,25.05,12.02,12.28,12.15,13.33,13.5,13.415,3.63,3.87,3.75,3.83,2.89,3.36,11.67,11.51,11.59,13.16,12.86,13.01,3.75,3.82,3.785,19.57,20.39,19.98,20.86,20.92,20.89,3.52,no tarsus,3.52,7.33,12.26,4.21,2.93,left
Y36,2006,Male,ten,0.02547,24.67,12.35,12.46,12.405,14.01,14.12,14.065,4.15,4.18,4.165,3.67,3.86,3.765,12.1,12.02,12.06,13.48,13.14,13.31,4.02,3.93,3.975,20.04,20.06,20.05,21.55,21.59,21.57,4,3.63,3.815,6.99,11.53,4.94,4.12,both
Y37,2006,Male,ten,0.01485,29.54,13.35,13.23,13.29,14.98,14.93,14.955,4.07,4.33,4.2,3.93,3.97,3.95,13.01,13.22,13.115,14.57,14.53,14.55,4,4.06,4.03,21.51,21.67,21.59,21.95,22.25,22.1,4.25,4.23,4.24,7.09,13.73,5.63,4.37,left
Y38,2006,Male,ten,0.00853,27.3,12.56,12.89,12.725,14.64,14.79,14.715,4.16,4.08,4.12,3.83,3.89,3.86,13.23,12.47,12.85,13.86,13.66,13.76,4.22,4.06,4.14,20.51,20.9,20.705,21.29,21.66,21.475,4.34,3.99,4.165,7.41,13.05,4.34,4.47,both
Y666,2006,Male,ten,0.0166,28.71,12.42,12.39,12.405,14.76,14.45,14.605,4.12,4.19,4.155,3.47,3.4,3.435,11.62,11.53,11.575,13.76,13.64,13.7,3.95,2.83,3.39,20.61,20.15,20.38,20.98,21.75,21.365,4.06,4.09,4.075,7.08,13.27,4.8,4.42,left