 ,Label,Area,Length
1,XDBU-1st leg-left.jpg:1572-2010,0.067,12.405
2,XDBU-1st leg-left.jpg:2112-2111,0.071,13.477
3,XDBU-1st leg-left.jpg:2047-1597,3.159,0
4,XKES-1st leg-left.jpg:2111-2693,0.07,12.739
5,XKES-1st leg-left.jpg:1359-2994,0.072,13.644
6,XKES-1st leg-left.jpg:1743-3361,3.121,0
7,XMEN-1st leg-left.jpg:1380-2007,0.06,11.365
8,XMEN-1st leg-left.jpg:1805-1865,0.064,12.176
9,XMEN-1st leg-left.jpg:1483-1518,2.421,0
10,XNIH-1st leg-left.jpg:2093-2595,0.059,11.157
11,XNIH-1st leg-left.jpg:1442-2798,0.065,12.321
12,XNIH-1st leg-left.jpg:1705-3168,2.893,0
13,XOAF-1st leg-left.jpg:1980-3164,0.061,11.613
14,XOAF-1st leg-left.jpg:1146-3212,0.065,12.248
15,XOAF-1st leg-left.jpg:1306-3633,2.629,0
16,XQBJ-1st leg-left.jpg:0576-2018,0.072,13.573
17,XQBJ-1st leg-left.jpg:1685-1548,0.073,13.836
18,XQBJ-1st leg-left.jpg:1279-1183,3.215,0
19,XQHC-1st leg-left.jpg:0819-3119,0.066,12.55
20,XQHC-1st leg-left.jpg:1719-2633,0.072,13.729
21,XQHC-1st leg-left.jpg:1413-2326,3.056,0
22,XRPL-1st leg-left.jpg:1547-1407,0.066,12.526
23,XRPL-1st leg-left.jpg:2114-1394,0.07,13.185
24,XRPL-1st leg-left.jpg:1908-0927,3.041,0
25,XVQB-1st leg-left.jpg:1076-2312,0.063,11.907
26,XVQB-1st leg-left.jpg:2000-1844,0.068,12.836
27,XVQB-1st leg-left.jpg:1582-1531,2.897,0
28,XWCJ-1st leg-left.jpg:1844-2585,0.064,12.154
29,XWCJ-1st leg-left.jpg:1052-2742,,
30,XWCJ-1st leg-left.jpg:1088-2750,,
31,YAKT-1st leg-left.jpg:0977-2357,0.055,10.338
32,YAKT-1st leg-left.jpg:1629-2051,0.059,11.136
33,YAKT-1st leg-left.jpg:1308-1771,2.296,0
34,YBYC-1st leg-left.jpg:1383-2040,0.07,13.281
35,YBYC-1st leg-left.jpg:1877-1914,0.07,13.351
36,YBYC-1st leg-left.jpg:1602-1476,2.754,0
37,YCTD-1st leg-left.jpg:1299-2936,0.055,10.38
38,YCTD-1st leg-left.jpg:1305-1524,0.061,11.547
39,YCTD-1st leg-left.jpg:0961-1801,2.445,0
40,YFAT-1st leg-left.jpg:0942-2813,0.071,13.471
41,YFAT-1st leg-left.jpg:1811-2424,0.077,14.591
42,YFAT-1st leg-left.jpg:1527-2040,3.83,0
43,YMRF-1st leg-left.jpg:1181-2625,0.058,11.006
44,YMRF-1st leg-left.jpg:1937-2447,0.067,12.648
45,YMRF-1st leg-left.jpg:1749-2007,2.244,0
46,YNBA-1st leg-left.jpg:1160-2187,0.067,12.738
47,YNBA-1st leg-left.jpg:1851-1827,0.068,12.924
48,YNBA-1st leg-left.jpg:1521-1501,3.436,0
49,YNFN-1st leg-left.jpg:1772-3350,0.065,12.273
50,YNFN-1st leg-left.jpg:2250-3060,0.067,12.71
51,YNFN-1st leg-left.jpg:2329-3541,2.913,0
52,YNZS-1st leg-left.jpg:1928-2849,0.068,12.847
53,YNZS-1st leg-left.jpg:1335-2939,0.072,13.569
54,YNZS-1st leg-left.jpg:1614-3391,3.049,0
61,YSQQ-1st leg-left.jpg:1395-1211,0.053,9.956
62,YSQQ-1st leg-left.jpg:2459-1742,0.061,11.5
63,YSQQ-1st leg-left.jpg:2409-1386,2.562,0
64,YUWR-1st leg-left.jpg:0833-2105,0.059,11.271
65,YUWR-1st leg-left.jpg:1685-1880,0.064,12.175
66,YUWR-1st leg-left.jpg:1389-1504,2.666,0
67,YYNS-1st leg-left.jpg:1134-2163,0.067,12.67
68,YYNS-1st leg-left.jpg:1646-2061,0.071,13.389
69,YYNS-1st leg-left.jpg:1383-1608,3.617,0
70,YZUH-1st leg-left.jpg:2195-2967,0.058,10.934
71,YZUH-1st leg-left.jpg:1443-2870,0.061,11.514
72,YZUH-1st leg-left.jpg:1588-3348,2.137,0
73,ZAQJ-1st leg-left.jpg:1622-2538,0.053,10.102
74,ZAQJ-1st leg-left.jpg:2132-2397,0.059,11.133
75,ZAQJ-1st leg-left.jpg:1807-2088,2.304,0
76,ZAVH-1st leg-left.jpg:1562-1503,0.056,10.605
77,ZAVH-1st leg-left.jpg:2030-1572,0.061,11.63
78,ZAVH-1st leg-left.jpg:1884-1137,2.383,0
79,ZFKD-1st leg-left.jpg:1113-1845,0.055,10.428
80,ZFKD-1st leg-left.jpg:1553-1583,0.061,11.499
81,ZFKD-1st leg-left.jpg:1147-1357,2.386,0
82,ZFXN-1st leg-left.jpg:1986-3047,0.068,12.955
83,ZFXN-1st leg-left.jpg:1436-3120,0.074,13.955
84,ZFXN-1st leg-left.jpg:1741-3583,3.435,0
85,ZIER-1st leg-left.jpg:1155-1572,0.072,13.693
86,ZIER-1st leg-left.jpg:1724-1419,0.073,13.782
87,ZIER-1st leg-left.jpg:1396-0931,2.664,0
88,ZRDE-1st leg-left.jpg:1107-2213,0.072,13.663
89,ZRDE-1st leg-left.jpg:1757-1785,0.074,14.101
90,ZRDE-1st leg-left.jpg:1278-1465,3.304,0
91,ZSUF-1st leg-left.jpg:1346-2250,0.056,10.698
92,ZSUF-1st leg-left.jpg:1764-2130,0.06,11.324
93,ZSUF-1st leg-left.jpg:1462-1777,2.197,0
94,ZVNV-1st leg-left.jpg:1398-2354,0.074,13.94
95,ZVNV-1st leg-left.jpg:1988-2114,0.074,14.03
96,ZVNV-1st leg-left.jpg:1558-1687,2.988,0
97,ZWYP-1st leg-left.jpg:2196-2795,0.066,12.581
98,ZWYP-1st leg-left.jpg:1547-2777,0.071,13.402
99,ZWYP-1st leg-left.jpg:1687-3235,3.116,0
100,YRUA-1st leg-left.jpg:1365-2376,0.062,11.829
101,YRUA-1st leg-left.jpg:1937-2201,0.063,12.09
102,YRUA-1st leg-left.jpg:1618-1798,2.805,0
103,YRUH-1st leg-left.jpg:1179-2094,0.064,12.204
104,YRUH-1st leg-left.jpg:1629-2054,0.068,13.01
105,YRUH-1st leg-left.jpg:1359-1561,2.933,0
1,CVLU-1st leg-left.jpg:1521-2496,0.05,9.57
2,CVLU-1st leg-left.jpg:1082-2511,0.054,10.261
3,CVLU-1st leg-left.jpg:1258-2881,2.114,0
4,PZWX-1st leg-left.jpg:0984-2937,0.065,12.43
5,PZWX-1st leg-left.jpg:1352-2724,0.067,12.783
6,PZWX-1st leg-left.jpg:0966-2364,3.051,0
7,SMXT-1st leg-left.jpg:1097-1973,0.055,10.414
8,SMXT-1st leg-left.jpg:1604-1944,0.057,10.809
9,SMXT-1st leg-left.jpg:1422-1539,2.026,0