row_id,ID,group,.rownames,log_hindleg,logP_c,.fitted,.resid,.hat,.sigma,.cooksd,.std.resid,high_cooks,high_leverage,large_residual,flagged
95,JHFO,female,95,3.7880684651529286,-0.03232233951774788,3.6510235071342567,0.1370449580186719,0.04685735558837356,0.03542097427908889,0.0920439454342448,3.8701934116813668,TRUE,FALSE,TRUE,TRUE
229,SMVB,eighth,229,3.4606605449329444,-0.0473536963834702,3.5821345898173935,-0.12147404488444913,0.03675821190731859,0.03562537321705332,0.05554664855726707,-3.4124350406823427,TRUE,FALSE,TRUE,TRUE
290,YAKT,eighth,290,3.581029731839192,-0.2072975428641317,3.476839609369003,0.1041901224701891,0.0408417969462008,0.03581084050720344,0.04579146900092755,2.9331210270189367,TRUE,FALSE,FALSE,TRUE
88,ILNB,tenth,88,3.806595820881332,0.10360898261902007,3.7439498049196795,0.06264601596165242,0.08637476016321123,0.03613404007236396,0.038587329027002744,1.8069992396405918,TRUE,TRUE,FALSE,TRUE
98,JOZD,eighth,98,3.5548479364477314,0.007747686790825936,3.6184091898828505,-0.06356125343511909,0.08278443671101172,0.03612903991418719,0.037774428411811556,-1.8298070764279217,TRUE,TRUE,FALSE,TRUE
221,SBJVC,ninth,221,3.699547349238451,-0.10274049412361563,3.614109496677552,0.08543785256089897,0.0370744071629944,0.03598320377296623,0.027732979584268805,2.400504457184803,TRUE,FALSE,FALSE,TRUE
218,RTXD,eighth,218,3.6604928395918526,-0.03160533941533106,3.5925021217702717,0.06799071782158084,0.047431967126690025,0.03610849281102996,0.022960720447707354,1.920658631333204,TRUE,FALSE,FALSE,TRUE
223,SCXD,ninth,223,3.5761026165109757,0.0020811662038244805,3.673803624958613,-0.09770100844763707,0.02262826852040295,0.03588249116621636,0.02148508107940231,-2.7246938846584867,TRUE,FALSE,FALSE,TRUE
296,YNBA,ninth,296,3.6506322669304336,0.0557762863020661,3.704382070073857,-0.05374980314342315,0.06603834765886692,0.03618908330926974,0.02078255758531152,-1.5334192574718957,TRUE,TRUE,FALSE,TRUE
23,CTFK,tenth,23,3.7628847424244243,-0.010892441166423739,3.712734221559386,0.05015052086503813,0.07413271695223371,0.0362063206118276,0.02066666812037948,1.4369764029101186,TRUE,TRUE,FALSE,TRUE
202,QYFB,female,202,3.6005808854120263,-0.010330958838365323,3.6688207500585803,-0.06823986464655407,0.033303783208772905,0.036110134913618225,0.015768739342233256,-1.9135583281823265,TRUE,FALSE,FALSE,TRUE
263,VHBT,tenth,263,3.779394062616126,0.11914013906619814,3.7481839366250385,0.031210125991087523,0.12116240239909065,0.03627978017371912,0.014519404051055354,0.9178881544169606,TRUE,TRUE,FALSE,TRUE
271,WHVM,tenth,271,3.656911376898855,0.02496357858579712,3.722509353924911,-0.06559797702605596,0.031710839633894705,0.03612723677665586,0.0138288358597353,-1.8379617491350588,TRUE,FALSE,FALSE,TRUE
260,VFCQ,eighth,260,3.506457892319648,-0.23133674627968404,3.4610140086389274,0.04544388368072072,0.05916016691925536,0.0362301574109336,0.013114628878622601,1.291713352459223,TRUE,TRUE,FALSE,TRUE
246,TYRB,eighth,246,3.609376184250992,0.03922071315328135,3.639128659674313,-0.029752475423320934,0.11998116351233241,0.03628445588124864,0.013031141811461195,-0.8744312674750881,TRUE,TRUE,FALSE,TRUE
256,UYSP,tenth,256,3.704482097341344,0.09909090264423104,3.7427180778597102,-0.0382359805183663,0.07774075093590642,0.03625801198542027,0.012696800155903661,-1.0977268308800452,FALSE,TRUE,FALSE,TRUE
69,GWYL,eighth,69,3.54476367252102,-0.19574457712609528,3.4844452117618063,0.060318460759213544,0.03368422377106362,0.036158334714245496,0.012470849343379572,1.6917620280954355,FALSE,FALSE,FALSE,FALSE
61,FYEF,female,61,3.870815519949131,0.12883287184296832,3.781443624312088,0.08937189563704306,0.015710087945875265,0.03595861876052208,0.012306700043334914,2.4836363652853723,FALSE,FALSE,FALSE,FALSE
146,MONY,eighth,146,3.639387168514931,-0.046334847594367456,3.582805323113416,0.05658184540151501,0.03738868248095052,0.03617844338210793,0.012274380389352347,1.590011200054663,FALSE,FALSE,FALSE,FALSE
177,PAQJ,ninth,177,3.5564617268481657,-0.13004541222858368,3.598559816592633,-0.04209808974446716,0.06237378840106835,0.03624408602607904,0.011947431534429986,-1.1986601775651504,FALSE,TRUE,FALSE,TRUE
274,WNVZ,ninth,274,3.566358650438018,-0.02574524975185799,3.6579569608390803,-0.09159831040106248,0.013673468655392202,0.03594057729266405,0.011205192507369807,-2.542878808808388,FALSE,FALSE,FALSE,FALSE
305,ZAQJ,eighth,305,3.430092533315644,-0.16743294430020406,3.5030834581867767,-0.0729909248711329,0.020661860269652412,0.03608156077832811,0.010905584448433186,-2.0335323703953434,FALSE,FALSE,FALSE,FALSE
251,UMXA,female,251,3.7280641089248157,0.14722196975274415,3.7963256022756764,-0.06826149335086074,0.02219249942743164,0.03611250615387289,0.010276806675302966,-1.9032579843235993,FALSE,FALSE,FALSE,FALSE
50,EWKB,ninth,50,3.561557315538586,-0.11840823105030185,3.6051869906320086,-0.04362967509342264,0.05050293939280326,0.03623884834507237,0.010132123908082982,-1.2344790498928484,FALSE,FALSE,FALSE,FALSE
278,WWFJ,eighth,278,3.5162210582309372,-0.06113690578924302,3.573060762991099,-0.05683970476016187,0.02904576525135187,0.0361783727088315,0.009457929172693898,-1.590380312039203,FALSE,FALSE,FALSE,FALSE
275,WQOI,ninth,275,3.7397151438164316,-0.006688988150796549,3.668809173263666,0.07090597055276548,0.018808284828609394,0.036096059885373434,0.009332847895584804,1.9735785992295263,FALSE,FALSE,FALSE,FALSE
85,IEJY,eighth,85,3.629394807279044,-0.06113690578924302,3.573060762991099,0.05633404428794497,0.02904576525135187,0.03618106985071392,0.009290397417230504,1.5762318842283096,FALSE,FALSE,FALSE,FALSE
73,HDAI,female,73,3.7718179648994985,0.17744859205208008,3.820787483395646,-0.04896951849614739,0.03731483669568876,0.036216630226656235,0.009174275622946747,-1.3760437810525825,FALSE,FALSE,FALSE,FALSE
241,TKSH,ninth,241,3.7366691179497846,-0.0015289460202752014,3.6717477282904882,0.06492138965929639,0.0209446228517283,0.03613360927935381,0.008750659260848382,1.8089757141650307,FALSE,FALSE,FALSE,FALSE
303,YYNS,female,303,3.742988779760968,0.007472014838700858,3.683228387847468,0.05976039191350013,0.024485189894841875,0.03616310550875009,0.008731115715235797,1.6681882613318173,FALSE,FALSE,FALSE,FALSE
48,EMIY,female,48,3.7639637352372044,0.16950833548157784,3.81436157148375,-0.05039783624654559,0.03280440609314932,0.03621045248783386,0.008463197401133172,-1.4128735465421098,FALSE,FALSE,FALSE,FALSE
106,JXVQ,tenth,106,3.6745142671091604,0.04997993230502096,3.729329357109817,-0.05481509000065676,0.027092374485821972,0.0361893099408366,0.008171678021025988,-1.532190923488235,FALSE,FALSE,FALSE,FALSE
52,FDUO,female,52,3.8529097409356394,0.13394797250973878,3.7855831865558645,0.06732655437977497,0.017306832097876305,0.03611950582268826,0.007719010161837032,1.8725179000534873,FALSE,FALSE,FALSE,FALSE
15,CAPF,tenth,15,3.758160617374154,0.00912490777700059,3.7181913871031647,0.03996923027098953,0.04524925179281405,0.03625399228710634,0.0075351184719688775,1.1277928539939086,FALSE,FALSE,FALSE,FALSE
287,XRPL,eighth,287,3.641237380636095,-0.00501254182354427,3.610008816551641,0.031228564084453847,0.06996304137423794,0.03628250806842944,0.007495134399309602,0.8927923684804661,FALSE,TRUE,FALSE,TRUE
150,MVOV,eighth,150,3.4453737439949843,-0.15163070947315793,3.5134864592635067,-0.06811271526852236,0.01618388509876289,0.03611478591686584,0.007370864664977023,-1.8933015260415518,FALSE,FALSE,FALSE,FALSE
125,LEZS,eighth,125,3.6134013129379796,-0.10566920527287205,3.5437440514912444,0.06965726144673523,0.01452310800440058,0.036105250077252224,0.006894560665710979,1.9346024400237551,FALSE,FALSE,FALSE,FALSE
208,RIJE,female,208,3.642429674107702,0.06583975749554294,3.730464389540718,-0.08803471543301589,0.009088021732428495,0.035972135715540664,0.006815759504073562,-2.4382878977580185,FALSE,FALSE,FALSE,FALSE
237,SYKW,tenth,237,3.7373124116355263,-0.017089644098738033,3.711044728989435,0.026267682646091473,0.08573960189134645,0.03629591611430821,0.006725000101719731,0.7574175501949798,FALSE,TRUE,FALSE,TRUE
32,DJFZ,tenth,32,3.778354460541539,0.05970917023873734,3.731981759391916,0.04637270114962311,0.030841242151885155,0.03622906721216149,0.006709249266078531,1.2987139003081953,FALSE,FALSE,FALSE,FALSE
51,EXFC,eighth,51,3.442003376054409,-0.19001776342842502,3.4882153145172174,-0.046211938462808355,0.030532341390238932,0.036229801125202805,0.006591874935567446,-1.2940053771253428,FALSE,FALSE,FALSE,FALSE
136,LRSS,ninth,136,3.7276673813211967,0.017894489876550512,3.6828090401459024,0.0448583411752943,0.03183665451761666,0.036235483613285484,0.006494170691470384,1.256948398636333,FALSE,FALSE,FALSE,FALSE
99,JPJS,female,99,3.617289463029597,-0.028885417904565225,3.65380494817943,-0.03651548514983327,0.044545284065803686,0.03626667226161201,0.0061821963477807695,-1.0299605213317664,FALSE,FALSE,FALSE,FALSE
67,GRRD,female,67,3.8522836166772785,0.15913822133829725,3.8059692179861835,0.04631439869109499,0.027490914471464657,0.03622967046448306,0.005924354525461153,1.294844909272776,FALSE,FALSE,FALSE,FALSE
197,QQJU,ninth,197,3.6084554237461415,-0.010611660594594508,3.6665752789394093,-0.05811985519326779,0.017396922776269013,0.03617332358206512,0.005783255386133602,-1.6165309391898548,FALSE,FALSE,FALSE,FALSE
225,SDVC,ninth,225,3.7244516927479676,-0.0058504136781756255,3.6692867269676004,0.055164965780367226,0.019133834928880197,0.03618866159501033,0.0057506422319312115,1.535702296324183,FALSE,FALSE,FALSE,FALSE
176,OZHE,female,176,3.6242475952872053,-0.017654935238720748,3.662893582998472,-0.038645987711266816,0.03749109198078631,0.03625954347756767,0.005742943262417387,-1.0860519259965837,FALSE,FALSE,FALSE,FALSE
110,KAOK,female,110,3.737931488754208,0.14145133580218006,3.791655528316117,-0.05372403956190919,0.01993691933820052,0.036195868803216937,0.00569238730280432,-1.496201903657737,FALSE,FALSE,FALSE,FALSE
103,JUGA,female,103,3.695519857751191,0.1109697544223367,3.766987313234778,-0.07146745548358702,0.011381634296185604,0.03609411651003415,0.005651595184900602,-1.9817211307542009,FALSE,FALSE,FALSE,FALSE
28,CWRT,eighth,28,3.447380977077748,-0.18365577980709125,3.4924035653049854,-0.04502258822723748,0.02733874657651304,0.03623522928753297,0.005565746361899842,-1.2586303715926166,FALSE,FALSE,FALSE,FALSE
151,MXAY,female,151,3.7835075831927187,0.047201601484293976,3.7153808531757355,0.06812673001698322,0.011753718559763896,0.03611566644824723,0.005307464836465963,1.8894417477125318,FALSE,FALSE,FALSE,FALSE
63,GDWH,tenth,63,3.6819807124227797,0.024286025880155604,3.7223246382919983,-0.040343925869218644,0.03212149021735694,0.036253608831779846,0.005302948791417002,-1.130619030092556,FALSE,FALSE,FALSE,FALSE
59,FRKH,female,59,3.7218547436078886,0.1281000026273158,3.7808505259681104,-0.05899578236022185,0.015494341643665586,0.036168858242647255,0.0052867132157141125,-1.6393074553586466,FALSE,FALSE,FALSE,FALSE
58,FRAY,female,58,3.6452279394411415,0.029828453045389614,3.701321065496402,-0.05609312605526062,0.016140313564056406,0.036184291317510046,0.004985079075857641,-1.559163352766665,FALSE,FALSE,FALSE,FALSE
285,XQBJ,tenth,285,3.7384074412631336,-0.00850831550168607,3.713384186170905,0.02502325509222869,0.07000302451245284,0.036299629086544834,0.0048155784954195206,0.7154043764780998,FALSE,TRUE,FALSE,TRUE
173,OTIL,female,173,3.8080947968619445,0.07038079676179954,3.7341393738506494,0.0739554230112951,0.008758513818984638,0.03607799736843362,0.004632534455033309,2.047994791860968,FALSE,FALSE,FALSE,FALSE
20,CGRD,eighth,20,3.588119450962788,-0.12909679555665687,3.528321090776202,0.059798360186585686,0.013256382886435747,0.03616480215384933,0.004625962046444646,1.6597232177004324,FALSE,FALSE,FALSE,FALSE
33,DNHH,tenth,33,3.6867521930977625,0.01104983618658495,3.7187161645360165,-0.031963971438254024,0.043164556542281046,0.03628163190649979,0.004577004830621342,-0.9009292025170075,FALSE,FALSE,FALSE,FALSE
178,PBXK,eighth,178,3.5355388627430706,-0.05921935965997127,3.5743231309198022,-0.03878426817673164,0.030027654675630205,0.03625958461202314,0.004561640314947805,-1.0857366108394255,FALSE,FALSE,FALSE,FALSE
77,HKWK,eighth,77,3.4502097433661087,-0.19220355664840527,3.4867763529102143,-0.03656660954410551,0.031704359292323826,0.03626734096964975,0.004296151070046591,-1.0245408134291027,FALSE,FALSE,FALSE,FALSE
220,SBJV,tenth,220,3.686564276156497,0.0389535834602277,3.726323334126476,-0.03975905796997914,0.02659770500354046,0.036256242531710725,0.004216370178334237,-1.1110624250010734,FALSE,FALSE,FALSE,FALSE
186,PWML,eighth,186,3.446011397451948,-0.2057607885277175,3.4778512926651546,-0.031839895213206404,0.03982809324166211,0.036282177456472345,0.0041614234746758134,-0.8958714360049533,FALSE,FALSE,FALSE,FALSE
217,RSFE,tenth,217,3.7652268811014777,0.038686382389833573,3.726250489291791,0.03897639180968682,0.026635216679980003,0.036259130581503415,0.004058031074442476,1.089211894248526,FALSE,FALSE,FALSE,FALSE
301,YSQQ,eighth,301,3.440770596781882,-0.22002342397796615,3.468461847844856,-0.02769125106297432,0.049962857510860874,0.03629352430419873,0.004033280082786519,-0.7832868621089637,FALSE,FALSE,FALSE,FALSE
167,ODLJ,eighth,167,3.591266625246936,-0.11793929786468649,3.5356663467968583,0.055600278450077756,0.013311637886112894,0.03618726341563512,0.004016359180863011,1.5432472833909772,FALSE,FALSE,FALSE,FALSE
31,DFME,eighth,31,3.5193359096791967,-0.19473157687063614,3.485112094823829,0.03422381485536752,0.03310758116732547,0.036275078949318466,0.003941260183099737,0.9595948261611716,FALSE,FALSE,FALSE,FALSE
89,INPV,female,89,3.837062362161403,0.1437395285269416,3.7935073229975864,0.043555039163816645,0.020807087063738475,0.03624192952662074,0.0039116384500247,1.2135364775777284,FALSE,FALSE,FALSE,FALSE
8,ATEZ,female,8,3.764983646778757,0.04095531896548965,3.7103258450804346,0.05465780169832257,0.013119585281199756,0.03619210851067998,0.0038238645112699003,1.5169401735429033,FALSE,FALSE,FALSE,FALSE
265,VJTT,female,265,3.722701002589447,0.12197178146302323,3.77589106287914,-0.05319006028969264,0.013818094878461404,0.03619935235722738,0.0038194620929140203,-1.476728053309477,FALSE,FALSE,FALSE,FALSE
107,JZEI,ninth,107,3.5735948572584166,-0.13353139262452274,3.5965746108604355,-0.02297975360201887,0.06624447334254221,0.036304543859740655,0.003812247992824783,-0.6556579515344662,FALSE,TRUE,FALSE,TRUE
135,LRRL,tenth,135,3.6891294228691436,0.041488439063415816,3.727014391003951,-0.03788496813480746,0.026358351628336572,0.03626308475399033,0.003791935504180228,-1.0585610556274707,FALSE,FALSE,FALSE,FALSE
244,TSPY,female,244,3.6325471695234643,-0.016524672332297596,3.6638082851632534,-0.03126111563978906,0.03682361054472887,0.03628405796507394,0.003685791688726842,-0.8782135152456306,FALSE,FALSE,FALSE,FALSE
214,RNFD,female,214,3.8304658181758073,0.13236752114435313,3.7843041546801524,0.04616166349565498,0.01679649230087546,0.03623142325985432,0.003518048206881975,1.283536722788725,FALSE,FALSE,FALSE,FALSE
38,DUFU,ninth,38,3.6369675473725813,0.004711107507896495,3.67530133118733,-0.038333783814748834,0.023952758377132944,0.03626165046433607,0.003510624369473384,-1.0697808700945295,FALSE,FALSE,FALSE,FALSE
201,QXSG,female,201,3.7995931160830123,0.0718037321289835,3.7352909307612676,0.0643021853217447,0.008681059743770808,0.03613974734780417,0.003470599745907135,1.7806049987451154,FALSE,FALSE,FALSE,FALSE
288,XVQB,ninth,288,3.591762643334209,-0.05554207376282827,3.6409881833047155,-0.04922553997050638,0.01433419914077527,0.03621811915587329,0.0033970517470042526,-1.3670179022393936,FALSE,FALSE,FALSE,FALSE
80,HOHH,ninth,80,3.6933195821399574,-0.052024555846096776,3.642991349111252,0.05032823302870515,0.013704388554252028,0.03621310262464211,0.0033905953031122663,1.3971939297951188,FALSE,FALSE,FALSE,FALSE
312,ZVNV,ninth,312,3.705503013917818,-0.032896309974027815,3.6538845553370654,0.051618458580752424,0.01286532654643598,0.0362071099317678,0.003342606021399278,1.4324035398469648,FALSE,FALSE,FALSE,FALSE
82,HTCT,ninth,82,3.5955298511222455,-0.04502642260578238,3.6469766653337805,-0.051446814211534964,0.012890672295859553,0.03620792624757611,0.0033271253076214095,-1.427658765941986,FALSE,FALSE,FALSE,FALSE
68,GVKA,eighth,68,3.450209743366109,-0.2038857347097951,3.479085686856879,-0.028875943490769718,0.038616842537907606,0.03629077887839856,0.0033102686181953876,-0.811963460834001,FALSE,FALSE,FALSE,FALSE
162,NRVV,eighth,162,3.564166209940295,-0.1458289204349288,3.517305920135482,0.04686028980481316,0.015041544428820415,0.03622858458786918,0.0032349954440919677,1.301800911182799,FALSE,FALSE,FALSE,FALSE
205,RBFY,female,205,3.762106681382867,0.15069232565590984,3.7991341011117865,-0.03702741972891932,0.02364645162076779,0.036266275577117986,0.003231512112487656,-1.033162066083997,FALSE,FALSE,FALSE,FALSE
195,QMKN,female,195,3.7843487121737356,0.06023238804007858,3.725926442705079,0.058422269468656474,0.009667890595052544,0.0361729227135272,0.0031969362895725604,1.618588874235312,FALSE,FALSE,FALSE,FALSE
222,SCBI,tenth,222,3.72796794698804,0.10760798819830586,3.745040020987668,-0.017072073999627957,0.09457551264256991,0.036315652775330214,0.0031948754291282644,-0.4946621993123099,FALSE,TRUE,FALSE,TRUE
276,WQRK,ninth,276,3.637362450494815,0.0030508968332563224,3.6743558698325303,-0.03699341933771505,0.023107033131288413,0.03626642858663486,0.003148518866484079,-1.031928344107529,FALSE,FALSE,FALSE,FALSE
127,LHWT,tenth,127,3.763430185378233,0.06570971002803394,3.73361763730336,0.02981254807487277,0.034701616649051616,0.03628834143072646,0.0031450812643811416,0.8365980823508815,FALSE,FALSE,FALSE,FALSE
29,DESX,female,29,3.811650031281359,0.0915151088357733,3.751243006019211,0.06040702526214803,0.008874480736051526,0.03616215604612468,0.003132331090044218,1.6729065352120065,FALSE,FALSE,FALSE,FALSE
27,CWPJ,ninth,27,3.7310765028137247,0.07141585960488883,3.713288537421191,0.01778796539253369,0.0851553891768013,0.036314560224529,0.003058983606537664,0.5127446838199733,FALSE,TRUE,FALSE,TRUE
153,NACP,ninth,153,3.6267912618005145,-0.12122645743414373,3.603582059296666,0.023209202503848392,0.05322938847367228,0.03630438791346633,0.003039411505493655,0.6576372293560441,FALSE,TRUE,FALSE,TRUE
189,PZFT,ninth,189,3.7024864575201533,-0.03361423663276253,3.653475708482999,0.04901074903715408,0.012817917589911316,0.036219268824415875,0.0030020142846683487,1.3600073807733057,FALSE,FALSE,FALSE,FALSE
281,XKES,female,281,3.82508071696094,0.127977805523235,3.7807516339713922,0.04432908298954796,0.015458686173722478,0.036239253799539885,0.00297775740633835,1.231743650981873,FALSE,FALSE,FALSE,FALSE
64,GLXO,female,64,3.831225012598572,0.14410034397375715,3.7937993246800388,0.03742568791853307,0.020947205640766537,0.036265069647048315,0.0029084431899831127,1.0428342675131557,FALSE,FALSE,FALSE,FALSE
39,DYFV,tenth,39,3.7623622308737397,0.054461880224289994,3.730551233784055,0.03181099708968471,0.02843358669272499,0.036282828892366725,0.002896332063397291,0.8897942458159805,FALSE,FALSE,FALSE,FALSE
183,PTRO,female,183,3.656537031192682,0.024692612590371477,3.6971647189017465,-0.04062768770906455,0.017788491488676464,0.0362536612049499,0.0028918810302335394,-1.1302334432116774,FALSE,FALSE,FALSE,FALSE
25,CVLU,eighth,25,3.452983054811386,-0.20252426411147417,3.4799819765434514,-0.02699892173206564,0.03775499633831311,0.03629578638203226,0.002824249566101191,-0.7588433716155092,FALSE,FALSE,FALSE,FALSE
144,MKMF,ninth,144,3.6950851588354405,-0.043719707356326465,3.6477208171387048,0.04736434169673576,0.012803514232247406,0.03622661690207928,0.0028004777481896426,1.3143113630761947,FALSE,FALSE,FALSE,FALSE
259,VECM,ninth,259,3.6197571099600463,-0.017654935238720748,3.662564255465713,-0.04280714550566689,0.015323844298508074,0.03624541874871682,0.002751823362446648,-1.1893731103425733,FALSE,FALSE,FALSE,FALSE
79,HNUV,eighth,79,3.473254442610715,-0.148081173639254,3.5158232062810106,-0.042568763670295606,0.015452998799573747,0.03624635182460717,0.002744916043381648,-1.1828273765004071,FALSE,FALSE,FALSE,FALSE
109,KAIL,ninth,109,3.6044783038801134,-0.14904798003102915,3.5877381818606002,0.016740122019513137,0.08523358133806264,0.036316362019751,0.002712156069424744,0.48256083368182295,FALSE,TRUE,FALSE,TRUE
272,WJST,female,272,3.730944675507305,0.1218488331626284,3.775791562952275,-0.04484688744497012,0.01378680128554803,0.03623726925057504,0.002708904135485994,-1.2450748448765365,FALSE,FALSE,FALSE,FALSE
22,CPWC,female,22,3.6392164090948356,-0.012860115729604882,3.666773947256912,-0.02755753816207651,0.03471290444369503,0.03629445509979348,0.0026882268531542197,-0.7733226398261753,FALSE,FALSE,FALSE,FALSE
239,TART,female,239,3.800163640141601,0.08132393782958514,3.74299546809857,0.05716817204303082,0.008479545243727677,0.036179802733397555,0.002678458645374361,1.5828946976410632,FALSE,FALSE,FALSE,FALSE
243,TSNP,tenth,243,3.694414109612411,0.014067257211435535,3.7195387792635928,-0.025124669651181986,0.0401413158627867,0.03630034279431291,0.0026132734508858752,-0.7070420907434884,FALSE,FALSE,FALSE,FALSE
117,KPNC,female,117,3.647510435003008,0.0015266119126129407,3.6784168763875362,-0.03090644138452836,0.027215904740391275,0.036285549431129,0.002610327426697278,-0.8639514331085085,FALSE,FALSE,FALSE,FALSE
130,LKHO,eighth,130,3.5912252792984884,-0.09293799565926908,3.5521253208982597,0.03909995840022873,0.0170542569444462,0.03625937704573608,0.002564090963804194,1.0873267680349508,FALSE,FALSE,FALSE,FALSE
258,VDVI,tenth,258,3.76051383374434,0.05722014032989153,3.7313031955973606,0.029210638146979218,0.029586566787301233,0.03629023310135343,0.0025472419057744203,0.8175441258697563,FALSE,FALSE,FALSE,FALSE
139,LYTH,female,139,3.7529100337710726,0.03962127394373627,3.7092462255844936,0.043663808186579,0.01344203975969993,0.036242150956214796,0.002501902115444306,1.212017429832166,FALSE,FALSE,FALSE,FALSE
266,VNSP,eighth,266,3.578199258459857,-0.1190338175580361,3.5349457974775347,0.04325346098232252,0.013262127661807774,0.03624381823390664,0.00242135498954132,1.2005175759104523,FALSE,FALSE,FALSE,FALSE
34,DOCI,ninth,34,3.6707536701298547,-0.06824910053410682,3.6337517506457973,0.0370019194840574,0.017840101811137238,0.0362667423038876,0.0024059609176428558,1.0293941891116953,FALSE,FALSE,FALSE,FALSE
94,JDYH,ninth,94,3.5985170140335447,-0.06098927162642975,3.6378860980388805,-0.039369084005335786,0.015601026085206336,0.03625850232947818,0.002370983909778287,-1.0940024422943226,FALSE,FALSE,FALSE,FALSE
72,HDAF,tenth,72,3.757472245579548,0.04494680909720494,3.727957218040607,0.029515027538941307,0.026371780482333688,0.03628952794438684,0.0023027493036367106,0.8246984413625554,FALSE,FALSE,FALSE,FALSE
213,RNCJ,female,213,3.6709700335703683,0.04812856970269341,3.7161310324758214,-0.04516099890545311,0.011571232730657879,0.036236171234697155,0.00229521345980755,-1.2523894732266152,FALSE,FALSE,FALSE,FALSE
310,ZRDE,ninth,310,3.7031274673791374,-0.010892441166423739,3.6664153792448118,0.03671208813432569,0.017302944564730326,0.03626776957456462,0.002294594823266205,1.0210518990296111,FALSE,FALSE,FALSE,FALSE
44,ECOO,ninth,44,3.6643305811925235,-0.0737661502396092,3.630609885960345,0.03372069523217869,0.019962466164093286,0.036277412429249915,0.002245582129635139,0.9391256947499422,FALSE,FALSE,FALSE,FALSE
66,GRAC,ninth,66,3.5778501232641813,-0.13687029389003724,3.5946731641571605,-0.016823040892979257,0.07008787921891918,0.036316453047068376,0.002179592129900666,-0.48098563254848375,FALSE,TRUE,FALSE,TRUE
4,AIZJ,female,4,3.6919248122998964,0.08055539673885526,3.742373501124852,-0.05044868882495557,0.008475366865740673,0.036213162088804846,0.0020847711306257117,-1.3968400760745934,FALSE,FALSE,FALSE,FALSE
81,HRBI,eighth,81,3.492073503119008,-0.12310969716210862,3.5322625453695977,-0.0401890422505895,0.013162116153452131,0.03625566145204897,0.0020742281959773424,-1.1154068503130112,FALSE,FALSE,FALSE,FALSE
132,LMMX,female,132,3.7535781186778645,0.043751034026134894,3.7125883687849215,0.04098974989294302,0.012478924903594736,0.03625270725753472,0.0020428763946766407,1.1372361055212188,FALSE,FALSE,FALSE,FALSE
212,RMQE,female,212,3.7316994512968646,0.11704202043166423,3.771901492787426,-0.0402020414905615,0.012635374118421649,0.036255652992802784,0.001990381473793988,-1.1154699701558857,FALSE,FALSE,FALSE,FALSE
226,SEVZ,female,226,3.82929335782915,0.15284029784214792,3.8008724177436752,0.02842094008547491,0.024583058420745763,0.03629256744833013,0.0019830758721736124,0.7933993664659624,FALSE,FALSE,FALSE,FALSE
250,ULBD,ninth,250,3.707553994378745,0.018030906219439924,3.6828867269011645,0.024667267477580523,0.03192908077664293,0.03630167022521351,0.0019697961368961496,0.6912195508389926,FALSE,FALSE,FALSE,FALSE
175,OWAU,ninth,175,3.683389411370298,-0.04851936750482522,3.6449874934371436,0.038401917933154284,0.013223731054697953,0.0362621559421208,0.0019029596211321022,1.065840268666311,FALSE,FALSE,FALSE,FALSE
261,VFPH,ninth,261,3.710922217489484,0.030771658666753465,3.690142365751106,0.020779851738377708,0.041540721966963914,0.036309788634415696,0.0018553195708709799,0.5851998001949362,FALSE,FALSE,FALSE,FALSE
164,NUDB,female,164,3.824076646024107,0.14518200984449803,3.7946746981068,0.02940194791730688,0.021372001319993377,0.036290047080717903,0.0018330286564110737,0.8194375155824849,FALSE,FALSE,FALSE,FALSE
116,KORY,eighth,116,3.453141297682875,-0.21484474849951463,3.471871097686287,-0.0187298000034124,0.04609467277715828,0.0363135620723988,0.0016885487198989833,-0.5287240437144932,FALSE,FALSE,FALSE,FALSE
211,RJVU,female,211,3.686839875586999,0.06492906986348834,3.72972738583676,-0.04288751024976101,0.009169195590823541,0.03624562928131155,0.00163230396033711,-1.1878993433641605,FALSE,FALSE,FALSE,FALSE
7,ASOK,female,7,3.7603858307651863,0.05393563366563847,3.7208305886124906,0.03955524215269568,0.01054690959128502,0.03625819152885652,0.0016015851291488214,1.0963645899326397,FALSE,FALSE,FALSE,FALSE
309,ZIER,tenth,309,3.7193237864880113,0.0786314559158019,3.7371403868254625,-0.01781660033745114,0.04702538558407364,0.03631514236234718,0.0015618039082725174,-0.5031908432498545,FALSE,FALSE,FALSE,FALSE
112,KECL,female,112,3.7985519099813003,0.10235600663752753,3.7600163565654308,0.03853555341586956,0.009987701799370068,0.03626190480992538,0.0014378537577421587,1.0677998684899601,FALSE,FALSE,FALSE,FALSE
159,NLMH,female,159,3.793779863939306,0.09417317001724945,3.7533941288270114,0.04038573511229471,0.009081311180724569,0.03625523888680111,0.0014332951511715792,1.1185555067974111,FALSE,FALSE,FALSE,FALSE
97,JOYH,tenth,97,3.701869714152181,0.029289078706530747,3.723688579519928,-0.021818865367747353,0.029444220119072034,0.03630796522491331,0.0014139384615817557,-0.6106192195853649,FALSE,FALSE,FALSE,FALSE
180,PIKP,tenth,180,3.711728905711581,0.061539236108976825,3.73248067522928,-0.020751769517698637,0.03189339992484085,0.036310048273314896,0.0013924251380849713,-0.5814898014805936,FALSE,FALSE,FALSE,FALSE
307,ZFKD,eighth,307,3.4868550650441135,-0.14550758367123828,3.5175174640553926,-0.030662399011279096,0.014986151269410063,0.03628680168672962,0.0013798276032638702,-0.8517919278007539,FALSE,FALSE,FALSE,FALSE
172,OQDA,ninth,172,3.6251139674415493,-0.026743324975510907,3.657388574207455,-0.032274606765905656,0.013524016313491528,0.03628217289250652,0.0013755035000164806,-0.895913867055328,FALSE,FALSE,FALSE,FALSE
90,IULK,ninth,90,3.6738038866451936,0.03278982282299103,3.691291675442046,-0.01748778879685231,0.043241035801919736,0.0363157555808194,0.0013726756688541748,-0.492926523124668,FALSE,FALSE,FALSE,FALSE
10,BBRM,ninth,10,3.6154885325103185,-0.042124926300671106,3.648629017453593,-0.03314048494327437,0.012724764675242039,0.03627959382883069,0.001362379559229601,-0.9195774119338365,FALSE,FALSE,FALSE,FALSE
100,JPJT,female,100,3.7860515358661955,0.08451984978597449,3.7455818642090217,0.040469671657173745,0.008535435771645374,0.0362549676791062,0.001351256495880917,1.1205716735367244,FALSE,FALSE,FALSE,FALSE
92,IVMB,ninth,92,3.608617972511129,-0.059956442320304504,3.6384742765212637,-0.029856304010134505,0.01533360942824981,0.03628904673219677,0.0013395082241779287,-0.8295451804877259,FALSE,FALSE,FALSE,FALSE
157,NFQJ,female,157,3.7507856073592523,0.12761112459264612,3.780454885454664,-0.029669278095411755,0.01535223854585659,0.03628956178359447,0.0013244360724001599,-0.8243565401632239,FALSE,FALSE,FALSE,FALSE
298,YNZS,female,298,3.784678150938025,0.08362602351182002,3.7448585061095376,0.039819644828487544,0.008513549416620062,0.036257373061554604,0.0013047850919672536,1.1025607999639764,FALSE,FALSE,FALSE,FALSE
262,VGLK,ninth,262,3.668715011370441,-0.05848281989035531,3.6393134790877606,0.02940153228268061,0.014974112962217337,0.03629030996924374,0.0012676310656665978,0.8167604504300033,FALSE,FALSE,FALSE,FALSE
104,JUJH,ninth,104,3.6851098581060664,-0.03390155167568132,3.653312087519779,0.0317977705862873,0.012800668599985939,0.03628362039800116,0.001261895583435259,0.8823538863051107,FALSE,FALSE,FALSE,FALSE
121,KVWU,female,121,3.8032455475555644,0.11617680809167541,3.7712012914485284,0.032044256107035984,0.012443038680923184,0.036282910225093334,0.0012448288872098038,0.8890325749503722,FALSE,FALSE,FALSE,FALSE
191,PZWX,eighth,191,3.600321427132145,-0.04648033388254147,3.5827095459003133,0.01761188123183155,0.03729814594059081,0.03631563927439644,0.001186102582715422,0.494889684469316,FALSE,FALSE,FALSE,FALSE
228,SGBK,ninth,228,3.682534366554096,-0.036923354104597905,3.651591223136709,0.03094314341738702,0.012678946703989544,0.036286104190429144,0.0011833204471455748,0.8585859725469308,FALSE,FALSE,FALSE,FALSE
182,PQXQ,female,182,3.7258620877114703,0.027263829921404303,3.699245560487765,0.026616527223705333,0.016943299002943894,0.03629746921836154,0.0011801867871715447,0.7401345264282431,FALSE,FALSE,FALSE,FALSE
2,ACIU,female,2,3.6956936844216064,0.06765864847381464,3.7319363864591972,-0.036242702037590835,0.008940987745496731,0.03626987512030516,0.0011361475451246708,-1.003735694088013,FALSE,FALSE,FALSE,FALSE
291,YBYC,ninth,291,3.6197705044616035,-0.03980977550533571,3.6499474559150245,-0.03017695145342092,0.012664480293716073,0.036288268885363253,0.0011241278475790008,-0.8373201471258521,FALSE,FALSE,FALSE,FALSE
230,SMXT,eighth,230,3.4508760398927025,-0.2259251942760867,3.4645765668426476,-0.013700526949945058,0.05463292916104449,0.036321275752638375,0.0010902728939185481,-0.388495142813086,FALSE,TRUE,FALSE,TRUE
181,PMTK,eighth,181,3.480732268108624,-0.16628417909633053,3.503839718664083,-0.023107450555459152,0.020268943146966423,0.03630548016953769,0.0010713430264114735,-0.6436461151419088,FALSE,FALSE,FALSE,FALSE
254,UQVJ,ninth,254,3.6062448487069565,-0.07751119244160942,3.6284771489961924,-0.02223230028923595,0.021610218327373677,0.03630729549447895,0.0010602572858650389,-0.6196935888570796,FALSE,FALSE,FALSE,FALSE
5,AKPI,tenth,5,3.7284006029011434,-0.0011117288526905078,3.7154006568792166,0.012999946021926778,0.05837760500592848,0.03632214527879462,0.0010572627757848704,0.36936157806039116,FALSE,TRUE,FALSE,TRUE
53,FFVD,female,53,3.7756647638856315,0.07786084195524157,3.7401928446778543,0.03547191920777726,0.008489083620907107,0.036272447436304735,0.001032386489796667,0.9821650911071286,FALSE,FALSE,FALSE,FALSE
118,KSLC,female,118,3.765632140212328,0.13831161579751217,3.789114607377496,-0.023482467165167886,0.01879473328990474,0.036304705469829696,0.0010228477667550211,-0.6536004550438107,FALSE,FALSE,FALSE,FALSE
196,QOGZ,female,196,3.6773507532899803,0.03238651569915363,3.703391261230286,-0.02604050794030588,0.015379216942717877,0.03629892651749663,0.0010221208717042423,-0.7235416058887792,FALSE,FALSE,FALSE,FALSE
12,BLLA,ninth,12,3.6081031440866487,-0.07331768622132984,3.630865278486594,-0.022762134399945122,0.01977637647090528,0.03630622954888142,0.0010132800351527608,-0.6338681909408823,FALSE,FALSE,FALSE,FALSE
158,NFZB,female,158,3.7357153289509677,0.10997485320857181,3.7661821569398994,-0.030466827988931744,0.011197590827576914,0.03628752018156566,0.0010101065126954664,-0.8447360725355091,FALSE,FALSE,FALSE,FALSE
203,QZHA,eighth,203,3.5406114374448334,-0.07766128625052171,3.562182355625784,-0.02157091818095047,0.021804259088017152,0.03630864142237881,0.0010074747949819962,-0.6013181397138478,FALSE,FALSE,FALSE,FALSE
282,XMEN,eighth,282,3.547071044151699,-0.07003508106539513,3.567202874661259,-0.02013183050955991,0.024874660685380922,0.03631137939008755,0.0010074185418996156,-0.5620844902503103,FALSE,FALSE,FALSE,FALSE
86,IEPT,tenth,86,3.7490451471092356,0.1439800866228811,3.7549558476457596,-0.005910700536523983,0.1932498051915616,0.036328351664476205,9.856573117321922e-4,-0.1814337072048467,FALSE,TRUE,FALSE,TRUE
267,VNVH,female,267,3.716555416964176,0.09062751605576147,3.750524692578411,-0.033969275614234906,0.008814981623649857,0.03627723319987235,9.837656459144172e-4,-0.940713721187079,FALSE,FALSE,FALSE,FALSE
155,NBFT,ninth,155,3.654986523090752,0.004434597067865864,3.6751438632591684,-0.020157340168416304,0.023809617650696804,0.036311352061572495,9.646215274563743e-4,-0.5624896297491453,FALSE,FALSE,FALSE,FALSE
187,PXBQ,eighth,187,3.5787436660810505,-0.08731445321562004,3.555827437639127,0.022916228441923536,0.018585486123237665,0.03630593173727281,9.628583167987392e-4,0.6377720199909537,FALSE,FALSE,FALSE,FALSE
190,PZMO,eighth,190,3.473657568391416,-0.18382268292022186,3.4922936888675946,-0.018636120476178686,0.027418389722064306,0.03631404813468508,9.565506795804609e-4,-0.5210039789023608,FALSE,FALSE,FALSE,FALSE
40,EAXA,ninth,40,3.6794223765913405,-0.03677925150329653,3.6516732870836153,0.027749089507725255,0.012682275862856925,0.036294766413134845,9.518925597522162e-4,0.7699611784384105,FALSE,FALSE,FALSE,FALSE
207,RDRL,eighth,207,3.5509957467505497,-0.06602110109779402,3.5698453767112515,-0.01884962996070172,0.026677772482804476,0.036313685621404294,9.507122010659095e-4,-0.5267724648907235,FALSE,FALSE,FALSE,FALSE
21,CHCF,female,21,3.7688221567871394,0.1400034591013657,3.7904837868168206,-0.021661630029681245,0.019402755754816012,0.03630851217881084,8.996456323758128e-4,-0.6031069834829211,FALSE,FALSE,FALSE,FALSE
204,RBAX,ninth,204,3.6505673280703475,-0.07541224114627787,3.62967246556996,0.0208948625003873,0.020666091852211077,0.03631000333539672,8.938876460424806e-4,0.5821336165049639,FALSE,FALSE,FALSE,FALSE
30,DFDF,ninth,30,3.6174774329549626,-0.05129329438755059,3.6434077899039004,-0.02593035694893775,0.013592003549398275,0.03629924813439149,8.924716493429564e-4,-0.7198280407538714,FALSE,FALSE,FALSE,FALSE
292,YCTD,eighth,292,3.4788988893260075,-0.17567701407528613,3.4976561836471003,-0.018757294321092743,0.02379159027423559,0.03631389700363414,8.346144445004424e-4,-0.523416583236358,FALSE,FALSE,FALSE,FALSE
280,XDBU,female,280,3.7304291837707306,0.03587645212724078,3.706215606245574,0.024213577525156627,0.014405023924675804,0.036303206093444305,8.261179734168362e-4,0.6724473362522504,FALSE,FALSE,FALSE,FALSE
240,TKBC,ninth,240,3.6942400603560324,0.00581638532143991,3.6759307678455717,0.01830929251046065,0.02453404284048278,0.036314660629540925,8.212873588411443e-4,0.5111096276693341,FALSE,FALSE,FALSE,FALSE
6,AQZC,eighth,6,3.587829080877163,-0.0646866802607402,3.57072385887258,0.017105222004583087,0.027305774640698208,0.03631661458603001,8.0235466995338e-4,0.4781774633538952,FALSE,FALSE,FALSE,FALSE
111,KDQD,female,111,3.8185142021704195,0.1524826227265612,3.8005829574768146,0.017931244693604853,0.024425150373886574,0.03631530264076212,7.840505375666563e-4,0.5005283680869609,FALSE,FALSE,FALSE,FALSE
43,ECJN,tenth,43,3.7053062917994697,0.008298802814695083,3.7179661728878073,-0.012659881088337599,0.04618120103787886,0.03632266688779447,7.730362304673419e-4,-0.35739234413406734,FALSE,FALSE,FALSE,FALSE
143,MJSX,eighth,143,3.533847135757619,-0.08913484206783706,3.55462903074308,-0.02078189498546079,0.018062100286408093,0.03631027586601752,7.687367150503374e-4,-0.5782181129392604,FALSE,FALSE,FALSE,FALSE
24,CVHB,female,24,3.684093017379976,0.03761686357130656,3.707624091038316,-0.023531073658340063,0.013946871085422757,0.03630472578598481,7.546868280857782e-4,-0.6533413461238564,FALSE,FALSE,FALSE,FALSE
120,KTNC,female,120,3.707971044369457,0.0752878314015335,3.73811055186783,-0.030139507498372797,0.008543382338214686,0.03628854772718889,7.50173712225479e-4,-0.8345413323533398,FALSE,FALSE,FALSE,FALSE
247,UCYK,female,247,3.674729818509494,0.02170713066057295,3.6947486201617243,-0.020018801652230245,0.018820287580853353,0.03631170721306428,7.444103739111951e-4,-0.5572015990863511,FALSE,FALSE,FALSE,FALSE
46,EFLR,ninth,46,3.610444827784254,-0.07706104613646159,3.628733499555808,-0.01828867177155402,0.02140330801158895,0.03631474591362716,7.103050035405907e-4,-0.509716686746745,FALSE,FALSE,FALSE,FALSE
13,BYLH,female,13,3.745070733763679,0.11419636432022551,3.7695985526568028,-0.024527818893123943,0.012019920526959197,0.036302564561812314,7.039311919351523e-4,-0.680351574595524,FALSE,FALSE,FALSE,FALSE
171,ONAU,female,171,3.6819051903766,0.03252096948086858,3.703500072343611,-0.021594881967011315,0.015340313592267134,0.036308735908203646,7.010850718401602e-4,-0.6000069947450721,FALSE,FALSE,FALSE,FALSE
56,FKWM,eighth,56,3.5403214394727867,-0.14422326819529618,3.5183629606212468,0.021958478851539898,0.014773011359329508,0.03630801541455598,6.972813712606805e-4,0.609933741240061,FALSE,FALSE,FALSE,FALSE
140,MAKB,tenth,140,3.7062403773853743,0.010637663342939696,3.7186037972366917,-0.012363419851317392,0.04360071161013953,0.03632304110747861,6.923081628970783e-4,-0.3485519791404342,FALSE,FALSE,FALSE,FALSE
185,PVXU,female,185,3.762629326443283,0.07051023822208013,3.7342441285791805,0.02838519786410254,0.008750959015092263,0.036293264258565015,6.818377923290786e-4,0.7860480475247215,FALSE,FALSE,FALSE,FALSE
42,ECHF,ninth,42,3.6442873407853047,-0.013986241974739855,3.6646535130260287,-0.020366172240724012,0.016329762534167215,0.0363111041094245,6.651303410448354e-4,-0.5661522063914456,FALSE,FALSE,FALSE,FALSE
198,QRKY,female,198,3.7096864787949295,0.07515900692470479,3.7380062964533045,-0.02831981765837499,0.00854715900470693,0.03629344246196308,6.626217598823843e-4,-0.7841569201346247,FALSE,FALSE,FALSE,FALSE
57,FLUS,female,57,3.802040714691916,0.12968720764888375,3.7821350234606226,0.0199056912312936,0.01596571435228905,0.03631197047631918,6.207683247044472e-4,0.5532490864618806,FALSE,FALSE,FALSE,FALSE
83,HZFK,eighth,83,3.5568326731936044,-0.11872097538435988,3.5351517491992515,0.021680923994352952,0.013275300063370528,0.03630860903078908,6.089968534316078e-4,0.6017669675367735,FALSE,FALSE,FALSE,FALSE
3,AGNG,female,3,3.6806330457599605,0.02807442169775265,3.699901558351949,-0.01926851259198825,0.01668518002778423,0.03631311442142361,6.08764386662067e-4,-0.535735538054866,FALSE,FALSE,FALSE,FALSE
37,DSPJ,eighth,37,3.5328979326518217,-0.15163070947315793,3.5134864592635067,0.01941147338831506,0.01618388509876289,0.036312866927494,5.986583605983833e-4,0.539572854259634,FALSE,FALSE,FALSE,FALSE
293,YFAT,female,293,3.8312683777330108,0.1748865783064366,3.818714090111639,0.012554287621371785,0.03581760858472002,0.03632287507766685,5.76991573759402e-4,0.3525015522504581,FALSE,FALSE,FALSE,FALSE
277,WSXA,eighth,277,3.536849440749858,-0.1459896275465642,3.5172001226787497,0.019649318071108368,0.015069557790993629,0.03631245661942898,5.698905824437353e-4,0.5458750690347711,FALSE,FALSE,FALSE,FALSE
113,KEHR,female,113,3.788917078287206,0.1562912443263691,3.8036652088737064,-0.014748130586500263,0.026146551953247523,0.03632014549782326,5.697814276571246e-4,-0.41203938351576297,FALSE,FALSE,FALSE,FALSE
65,GMLX,eighth,65,3.56236623354848,-0.057011365828508076,3.575776707737102,-0.013410474188622068,0.031194733599711304,0.036321864695665944,5.679416205987811e-4,-0.3756422615757326,FALSE,FALSE,FALSE,FALSE
174,OVOZ,female,174,3.647275904258861,-0.04851936750482522,3.6379155333357613,0.009360370923099826,0.05872006195121249,0.03632608304336982,5.51749750977441e-4,0.26600035429734065,FALSE,TRUE,FALSE,TRUE
128,LIHW,female,128,3.7129377192070074,0.07606042994627393,3.738735802468699,-0.02579808326169175,0.008522849622040826,0.03629972185228503,5.482787501582981e-4,-0.7143230143073753,FALSE,FALSE,FALSE,FALSE
148,MTZI,female,148,3.676275355130913,0.0196664524474639,3.693097134681182,-0.016821779550268978,0.019556734342494334,0.03631717010770451,5.470189897361448e-4,-0.4683917756101438,FALSE,FALSE,FALSE,FALSE
156,NDWV,ninth,156,3.6561237973739447,-0.06187540371808753,3.637381461090867,0.018742336283077865,0.01584061130975219,0.036314055741159736,5.458780575522068e-4,0.5208822561157619,FALSE,FALSE,FALSE,FALSE
170,OLFY,female,170,3.6983965228057762,0.054593398604173116,3.7213629063677454,-0.022966383561969117,0.010443811213838304,0.03630602645481543,5.345279876133973e-4,-0.6365330259258911,FALSE,FALSE,FALSE,FALSE
199,QSRM,ninth,199,3.6408833495956765,-0.021620946102963723,3.6603056806582286,-0.01942233106255209,0.014417158014773468,0.03631287872474394,5.319896989974084e-4,-0.539390561792177,FALSE,FALSE,FALSE,FALSE
19,CCQV,female,19,3.7840646261051103,0.1505728584793744,3.7990374183980777,-0.01497279229296744,0.023595182324624778,0.03631986037144673,5.272010156314121e-4,-0.4177691828103325,FALSE,FALSE,FALSE,FALSE
168,OHRS,female,168,3.7722435628998605,0.08694193013380835,3.747542011821447,0.02470155107841343,0.008619157443426126,0.03630226637490934,5.084395743608825e-4,0.6839943604332043,FALSE,FALSE,FALSE,FALSE
284,XOAF,ninth,284,3.636203625518877,-0.029743541527017747,3.655680002609398,-0.019476377090520636,0.01314637118478184,0.03631280406723063,4.86545973077751e-4,-0.5405431408171013,FALSE,FALSE,FALSE,FALSE
1,ACGN,female,1,3.810078869515781,0.14578243015674164,3.7951606078506894,0.014918261665091581,0.021610870655610383,0.03631995754174185,4.7741119122183395e-4,0.4158253564579497,FALSE,FALSE,FALSE,FALSE
142,MEMQ,eighth,142,3.5316114203840883,-0.15017710346738755,3.5144434039620687,0.017168016422019594,0.015872376672647313,0.036316674206107256,4.5897230994715045e-4,0.4771368581030878,FALSE,FALSE,FALSE,FALSE
302,YUWR,eighth,302,3.555162329956666,-0.11637777349991985,3.5366943368138277,0.018467993142838424,0.013398875375884935,0.03631456775355134,4.4609943435138086e-4,0.5126222576784747,FALSE,FALSE,FALSE,FALSE
145,MLES,female,145,3.744124928339915,0.10810674132585141,3.7646703263972285,-0.02054539805731359,0.010868273471784715,0.03631087226637342,4.4554188844510783e-4,-0.5695555016755928,FALSE,FALSE,FALSE,FALSE
149,MUVY,tenth,149,3.733757212892022,0.023879273789943145,3.722213748808189,0.011543464083833221,0.03237524869196669,0.03632404899957013,4.3780288129917296e-4,0.32354241963114533,FALSE,FALSE,FALSE,FALSE
123,KYRB,ninth,123,3.663151305541205,-0.048373584284215676,3.6450705144677698,0.018080791073435076,0.01320691746141895,0.03631522464630395,4.21299801526311e-4,0.5018257439802659,FALSE,FALSE,FALSE,FALSE
193,QDXY,ninth,193,3.711887722162856,0.0557762863020661,3.704382070073857,0.007505652088999337,0.06603834765886692,0.03632757630336264,4.0524913426825954e-4,0.2141275089407239,FALSE,TRUE,FALSE,TRUE
133,LNMX,female,133,3.7310525355051323,0.09303486596718957,3.7524729191041657,-0.02142038359903342,0.008987478086182091,0.03630921971488602,3.9897085943773323e-4,-0.5932479284860929,FALSE,FALSE,FALSE,FALSE
257,VDBS,female,257,3.7809457418212027,0.10335851298715304,3.7608276675648438,0.02011807425635892,0.010126738808961925,0.036311687236030996,3.9745719576270594e-4,0.5575003799808861,FALSE,FALSE,FALSE,FALSE
115,KIIU,tenth,115,3.7178069891871166,0.051432173632270706,3.729725269743139,-0.011918280556022509,0.027454782528743192,0.03632366862037201,3.9177141017214317e-4,-0.3332017400269641,FALSE,FALSE,FALSE,FALSE
131,LLJC,tenth,131,3.7206687766033437,0.05918567853721313,3.731839044146051,-0.011170267542707446,0.030560481449275204,0.03632445928924372,3.855254308230937e-4,-0.31278921699138307,FALSE,FALSE,FALSE,FALSE
215,RPNA,eighth,215,3.5516555382230144,-0.11934675763256619,3.5347397813052703,0.01691575691774405,0.013249735060433062,0.03631710772538694,3.6998378427580884e-4,0.46950083313464963,FALSE,FALSE,FALSE,FALSE
154,NAPZ,ninth,154,3.6008539266839104,-0.1109315607072816,3.6094448254838634,-0.008590898799953006,0.043729235706164785,0.036326807883644695,3.3534702981106e-4,-0.24221259429832254,FALSE,FALSE,FALSE,FALSE
304,YZUH,eighth,304,3.508810358623273,-0.13464312147721302,3.524669807577658,-0.01585944895438507,0.013599775885024694,0.03631870305300296,3.340478968782582e-4,-0.44026085206309795,FALSE,FALSE,FALSE,FALSE
126,LGMD,female,126,3.7815497889552443,0.10698419677392379,3.763761870562859,0.01778791839238547,0.01068059259320121,0.0363157473083326,3.2807993981436387e-4,0.4930664146374848,FALSE,FALSE,FALSE,FALSE
297,YNFN,female,297,3.710384063588946,0.06466872099453513,3.7295166900130923,-0.01913262642414626,0.009193328491386075,0.03631348470826649,3.2572511446754673e-4,-0.529942424227704,FALSE,FALSE,FALSE,FALSE
119,KTFS,ninth,119,3.6443657578070665,-0.07242136109409647,3.6313757201926253,0.012990037614441174,0.01941164274721099,0.03632248233252147,3.23680674343219e-4,0.36167259302943927,FALSE,FALSE,FALSE,FALSE
147,MQFA,female,147,3.8240984843766226,0.16939109531496288,3.8142666910505403,0.009831793326082305,0.03274067992810191,0.03632577066763501,3.214211549821242e-4,0.2756194340445595,FALSE,FALSE,FALSE,FALSE
289,XWCJ,eighth,289,3.526169329869022,-0.15341021329953453,3.5123149679887313,0.013854361880290877,0.016588264322147245,0.0363214294055792,3.128314129089274e-4,0.3851832484495356,FALSE,FALSE,FALSE,FALSE
179,PFPR,eighth,179,3.4869621486229487,-0.17435338714477777,3.4985275599134305,-0.01156541129048172,0.023252428281389508,0.03632408395722233,3.097654129343664e-4,-0.32264019328590443,FALSE,FALSE,FALSE,FALSE
49,EMMR,tenth,49,3.7416972109179607,0.05984000035601711,3.7320174265329604,0.009679784385000278,0.030912813561334494,0.036325918749731546,2.9305647895224465e-4,0.271102058640935,FALSE,FALSE,FALSE,FALSE
306,ZAVH,eighth,306,3.5160279148213553,-0.12483912138059217,3.531124022736317,-0.015096107914961632,0.013159870304132975,0.03631979976691043,2.9261401094265484e-4,-0.41897696680899,FALSE,FALSE,FALSE,FALSE
152,MYTW,female,152,3.786686514116848,0.1169184644915553,3.77180150110828,0.014885013008568038,0.012607629253294698,0.03632009783668682,2.7224471628518724e-4,0.41300270143623113,FALSE,FALSE,FALSE,FALSE
165,NVHP,eighth,165,3.5707010278009683,-0.08247622182423853,3.5590125647382296,0.011688463062738741,0.02010550287952153,0.036323970904249055,2.7181802214697507e-4,0.32554895590664584,FALSE,FALSE,FALSE,FALSE
14,BZCS,ninth,14,3.6314886603346848,-0.04706249079026503,3.6458171596074465,-0.014328499272761697,0.013067107736219576,0.036320843977232196,2.6170544895122883e-4,-0.39765408829465565,FALSE,FALSE,FALSE,FALSE
138,LUXM,female,138,3.749339356482515,0.10810674132585141,3.7646703263972285,-0.0153309699147135,0.010868273471784715,0.0363194948187789,2.4808395918548095e-4,-0.42500214581337187,FALSE,FALSE,FALSE,FALSE
105,JUYN,female,105,3.657053333447484,-0.01497264380205987,3.6650643149314988,-0.008010981484014579,0.03591970857212612,0.03632729151480203,2.3565951460424443e-4,-0.22494569343101806,FALSE,FALSE,FALSE,FALSE
209,RIWP,ninth,209,3.6654572841694435,-0.03663516966456304,3.6517553392065967,0.013701944962846824,0.012685852409869065,0.03632165847969713,2.3215631379738106e-4,0.3801921067057182,FALSE,FALSE,FALSE,FALSE
124,LAZJ,ninth,124,3.661726630183917,-0.04299449157285551,3.648133815023634,0.013592815160282878,0.01276393888781939,0.036321795324357434,2.299157089729361e-4,0.3771789641049696,FALSE,FALSE,FALSE,FALSE
84,IEAL,female,84,3.7555329246684566,0.11407245625984763,3.7694982760128313,-0.01396535134437471,0.011994240429409381,0.03632132831997579,2.2770085327807014e-4,-0.3873652744545526,FALSE,FALSE,FALSE,FALSE
295,YMRF,eighth,295,3.539915300973978,-0.1314700266365212,3.526758734201365,0.013156566772612788,0.013373173411939901,0.03632232917886371,2.259544573023156e-4,0.36518646413007755,FALSE,FALSE,FALSE,FALSE
219,RWGW,eighth,219,3.5151657432850136,-0.1649729184593416,3.5047029538942747,0.010462789390738969,0.01983335971752515,0.03632523518034031,2.1473287990153857e-4,0.29137083740663466,FALSE,FALSE,FALSE,FALSE
16,CAXC,eighth,16,3.555462340673585,-0.10644134645863645,3.543235731897541,0.012226608776043868,0.01441133269369051,0.03632341243837391,2.1073268556574175e-4,0.33955233620657566,FALSE,FALSE,FALSE,FALSE
184,PVUO,ninth,184,3.6625996450934553,-0.040388060905288015,3.649618132350219,0.012981512743236223,0.01267354248730134,0.03632254608404709,2.081777023961627e-4,0.3601998054883655,FALSE,FALSE,FALSE,FALSE
234,SSQG,tenth,234,3.7260668514810438,0.06570971002803394,3.73361763730336,-0.007550785822316275,0.034701616649051616,0.036327633460752844,2.0175206168975655e-4,-0.21188973593696311,FALSE,FALSE,FALSE,FALSE
232,SNDZ,ninth,232,3.688779449113603,0.03922071315328135,3.6949539566073946,-0.006174507493791559,0.04898344871314809,0.03632849827024169,1.9619366493539727e-4,-0.17456486698442528,FALSE,FALSE,FALSE,FALSE
9,AZJJ,female,9,3.706387784856743,0.05301403528561699,3.7200847550294593,-0.013696970172716316,0.01069578597069593,0.036321682195813616,1.948090523923887e-4,-0.379671622295165,FALSE,FALSE,FALSE,FALSE
91,IVIQ,female,91,3.6771231184153343,-0.00892863074430128,3.669955629860514,0.0071674885548205225,0.032539234724012746,0.036327905233593784,1.6969996622662244e-4,0.20090876537276,FALSE,FALSE,FALSE,FALSE
96,JONV,ninth,96,3.6907776513970165,0.019530259052632948,3.6837405824886797,0.007037068908336774,0.03295957918547979,0.036327991488515704,1.6583765152978336e-4,0.19729589421614568,FALSE,FALSE,FALSE,FALSE
192,QDVU,female,192,3.715411836703778,0.06375696580275103,3.728778822351563,-0.013366985647785157,0.009281091764763823,0.03632210543217888,1.6053593234348573e-4,-0.37026001410442877,FALSE,FALSE,FALSE,FALSE
216,RQME,ninth,216,3.6249807282637048,-0.06676321615968228,3.634597936178259,-0.009617207914554449,0.017330610400589145,0.0363260356646889,1.5772630949983772e-4,-0.2674815607845215,FALSE,FALSE,FALSE,FALSE
308,ZFXN,ninth,308,3.670460868589918,-0.022330820485013447,3.6599014194369017,0.01055944915301632,0.014274685290423722,0.03632516993001662,1.556482982793521e-4,0.29323233979318425,FALSE,FALSE,FALSE,FALSE
129,LJJN,tenth,129,3.744787086052232,0.08935815818032045,3.740064719621066,0.00472236643116597,0.06141667856801299,0.03632924240119129,1.4772947515529627e-4,0.13439150709538028,FALSE,TRUE,FALSE,TRUE
141,MEAE,female,141,3.693294692587346,0.010087835150393909,3.685345325852057,0.007949366735288788,0.023351823881015518,0.036327376445023624,1.469997899073759e-4,0.22177470944219477,FALSE,FALSE,FALSE,FALSE
163,NSFR,ninth,163,3.636361726202992,-0.04517171864672109,3.6468939217435774,-0.010532195540585487,0.012901622960508065,0.036325203643277425,1.3956239873561538e-4,-0.292272027405294,FALSE,FALSE,FALSE,FALSE
87,IJNE,ninth,87,3.613023801810401,-0.11404004937754908,3.607674594780939,0.005349207029461844,0.046464403100681645,0.03632895764552542,1.3894165976713492e-4,0.1510321861865995,FALSE,FALSE,FALSE,FALSE
242,TRCQ,female,242,3.7281362243094622,0.07901654031822436,3.7411281313164295,-0.012991907006967285,0.008477794242029962,0.036322566594830366,1.3830278215511482e-4,-0.3597246828117305,FALSE,FALSE,FALSE,FALSE
41,EAXN,eighth,41,3.526698702721617,-0.11684597483504322,3.5363861083229384,-0.00968740560132142,0.013370669298193699,0.03632599028208211,1.2248056983326958e-4,-0.2688927111335634,FALSE,FALSE,FALSE,FALSE
134,LQLO,female,134,3.769191356320604,0.09959392076348927,3.757781048378338,0.011410307942266051,0.009636238557900387,0.03632433378010807,1.2154019264356187e-4,0.31611751005679223,FALSE,FALSE,FALSE,FALSE
294,YGFO,eighth,294,3.573650965322563,-0.07078018206104719,3.566712356291872,0.006938609030691101,0.024554150100083043,0.03632807588973797,1.1805123577294637e-4,0.19369543785425913,FALSE,FALSE,FALSE,FALSE
11,BCSB,female,11,3.705711988773986,0.047731402821189706,3.7158096122078232,-0.010097623433837022,0.011648780585689213,0.03632562356246095,1.1553227612511837e-4,-0.2800348466665469,FALSE,FALSE,FALSE,FALSE
227,SFBL,female,227,3.7817890274942965,0.11753609158795997,3.772301336004125,0.009487691490171368,0.012747246928455731,0.03632616981156989,1.118633776187156e-4,0.2632660970875928,FALSE,FALSE,FALSE,FALSE
249,UKOQ,tenth,249,3.7185717425914278,0.03252096948086858,3.7245696633749796,-0.00599792078355188,0.028151308137099283,0.03632863823026982,1.0188490638802941e-4,-0.16774514364265772,FALSE,FALSE,FALSE,FALSE
62,FZRV,female,62,3.7312083127439966,0.0800427076735366,3.7419585907573243,-0.01075027801332773,0.008474576293548754,0.036325013160867475,9.465788669865994e-5,-0.2976571546496986,FALSE,FALSE,FALSE,FALSE
161,NRDG,eighth,161,3.54055344457794,-0.12342391554646914,3.532055687654432,0.00849775692350807,0.013159928024720916,0.036326990353400736,9.272048559163166e-5,0.2358465204853174,FALSE,FALSE,FALSE,FALSE
255,UWVR,female,255,3.7023754717817066,0.041488439063415816,3.7107572899282575,-0.008381818146550923,0.012993749783829446,0.03632708128055907,8.9038593252052e-5,-0.23260917453691476,FALSE,FALSE,FALSE,FALSE
108,JZJE,female,108,3.7379076851812907,0.08770558041910559,3.748160020751164,-0.01025233556987315,0.008652949105348149,0.036325493023524336,8.793574850565822e-5,-0.2838955013246622,FALSE,FALSE,FALSE,FALSE
233,SQCA,tenth,233,3.724536131321971,0.052750565385528914,3.7300846920657165,-0.005548560743745323,0.027843705440505285,0.03632888199594456,8.618320951266553e-5,-0.15515324246942164,FALSE,FALSE,FALSE,FALSE
236,SXDN,female,236,3.7075662630378416,0.04812856970269341,3.7161310324758214,-0.008564769437979791,0.011571232730657879,0.036326942992219176,8.255195370736809e-5,-0.23751527523108087,FALSE,FALSE,FALSE,FALSE
252,UNBX,eighth,252,3.5473158897921495,-0.1120184329515308,3.5395641982552677,0.007751691536881822,0.013745740541285613,0.03632754859033807,8.068456303231671e-5,0.21520412622488294,FALSE,FALSE,FALSE,FALSE
93,JDGM,female,93,3.808094796861945,0.15486471056091555,3.802510739841786,0.005584057020159072,0.025491464596441367,0.03632886699942006,7.952987690617414e-5,0.15595725340401181,FALSE,FALSE,FALSE,FALSE
235,SVLP,ninth,235,3.650528362730013,-0.0521708723289096,3.6429080243969962,0.007620338333016896,0.01372764193316856,0.03632764194554496,7.78677911579906e-5,0.2115555292489876,FALSE,FALSE,FALSE,FALSE
279,WYMS,eighth,279,3.5067128853087226,-0.15130750326478526,3.513699233884977,-0.006986348576254464,0.01611315934653529,0.03632806439496757,7.719657403974727e-5,-0.19418971840499588,FALSE,FALSE,FALSE,FALSE
102,JUCL,ninth,102,3.6519950097581813,-0.049686399001247716,3.644322889121224,0.007672120636957214,0.013367474013560443,0.03632760634630694,7.68026960192748e-5,0.21295422763925836,FALSE,FALSE,FALSE,FALSE
45,EDIK,eighth,45,3.531626049142765,-0.13543797089510412,3.524146538594463,0.007479510548302315,0.013669164253334592,0.036327740361658735,7.468789623541597e-5,0.20763971834377587,FALSE,FALSE,FALSE,FALSE
311,ZSUF,eighth,311,3.4928949833507983,-0.17435338714477777,3.4985275599134305,-0.005632576562632163,0.023252428281389508,0.03632884494951038,7.347252554049291e-5,-0.15713194673508862,FALSE,FALSE,FALSE,FALSE
74,HDZC,tenth,74,3.7110811620976225,-0.025887770952127687,3.70864616787878,0.0024349942188424123,0.10438190013436466,0.036330023502208264,7.331324986920898e-5,0.07093899982303684,FALSE,TRUE,FALSE,TRUE
313,ZWYP,female,313,3.7751374223624627,0.11109404750558682,3.7670879014710814,0.008049520891381334,0.011405049729110106,0.03632733821072141,7.184682806524847e-5,0.22320781464528786,FALSE,FALSE,FALSE,FALSE
224,SDBA,ninth,224,3.6428355156125294,-0.03894297394860735,3.6504410844566815,-0.0076055688441520886,0.012658374280653589,0.03632765523178011,7.136965055022651e-5,-0.21103113552230504,FALSE,FALSE,FALSE,FALSE
269,WDBI,ninth,269,3.620600613360642,-0.09920665008344809,3.6161219599299,0.004478653430741719,0.03445067875421447,0.03632937848116959,7.04288989623093e-5,0.12566339334501467,FALSE,FALSE,FALSE,FALSE
60,FXZS,ninth,60,3.690503135230034,0.023879273789943145,3.6862172713983403,0.004285863831693604,0.03610047021731817,0.036329456749304274,6.781615883506941e-5,0.12035691352197854,FALSE,FALSE,FALSE,FALSE
122,KWNJ,female,122,3.730153346512963,0.05551354326324476,3.7221075634796277,0.008045783033335141,0.010304000900974242,0.036327344304362436,6.470621861211422e-5,0.22298002876492187,FALSE,FALSE,FALSE,FALSE
194,QIIV,eighth,194,3.483023114186318,-0.19119413529755303,3.487440879891032,-0.004417765704713972,0.03115835619115969,0.036329407178211086,6.155756449655194e-5,-0.12374419591109903,FALSE,FALSE,FALSE,FALSE
55,FJIV,ninth,55,3.6347532033236747,-0.055395263221567737,3.64107178937674,-0.006318586053065456,0.014304958699380026,0.03632847932356396,5.5853243922550644e-5,-0.17546769703265042,FALSE,FALSE,FALSE,FALSE
114,KEMO,tenth,114,3.709515067714008,-0.02988663375019951,3.707555990736062,0.0019590769779460615,0.11369447225923139,0.03633012785782097,5.278160160182626e-5,0.057373101731109356,FALSE,TRUE,FALSE,TRUE
231,SNCY,female,231,3.79529815969127,0.15164754960913984,3.7999071472879504,-0.004608987596680603,0.024059506266021595,0.036329333252873165,5.0986856977736234e-5,-0.12863004684205798,FALSE,FALSE,FALSE,FALSE
206,RCMK,eighth,206,3.53517450826586,-0.12814907790556163,3.5289449966890483,0.006229511576811841,0.013222342990854667,0.03632853296987825,5.007084563709038e-5,0.1728991670249059,FALSE,FALSE,FALSE,FALSE
286,XQHC,ninth,286,3.6171148878846258,-0.09065436826813089,3.6209923369701467,-0.003877449085520901,0.028718008991326822,0.036329619782255726,4.348735463511253e-5,-0.1084730853384409,FALSE,FALSE,FALSE,FALSE
47,EJSA,ninth,47,3.639676079584861,-0.04779066383634856,3.645402477612447,-0.0057263980275861215,0.013142223305013436,0.036328810899629776,4.2046504545793597e-5,-0.15892887347141282,FALSE,FALSE,FALSE,FALSE
270,WHQS,female,270,3.713718397460855,0.03841910990394459,3.708273335079664,0.005445062381190802,0.013741885378998484,0.03632895520849247,3.9799534264351885e-5,0.1511666964810723,FALSE,FALSE,FALSE,FALSE
137,LTEN,female,137,3.732597251746217,0.0606246218164348,3.7262438706966505,0.006353381049566398,0.009621110761557255,0.036328467763882245,3.762178525397033e-5,0.17601625380396835,FALSE,FALSE,FALSE,FALSE
166,OCGB,female,166,3.694588128580918,0.016256040575005404,3.6903371475093425,0.004250981071575399,0.020844007480764426,0.03632948414086745,3.733042362335336e-5,0.11844365089053951,FALSE,FALSE,FALSE,FALSE
35,DQAS,eighth,35,3.5340952403130697,-0.1279912122489073,3.5290489235458584,0.005046316767211234,0.013217371473046302,0.03632914914065694,3.2844166874787445e-05,0.14005941829449073,FALSE,FALSE,FALSE,FALSE
188,PXBW,eighth,188,3.561599906488016,-0.07301882190350462,3.565238604449402,-0.0036386979613860504,0.023617921281938486,0.036329707224274754,3.11674459317623e-5,-0.10152772744008098,FALSE,FALSE,FALSE,FALSE
36,DQAV,eighth,36,3.5567898787140857,-0.09232851826724997,3.552526554903121,0.004263323810964614,0.017207977889972734,0.03632948237948208,3.076878605163722e-5,0.11856761006595343,FALSE,FALSE,FALSE,FALSE
238,TABC,ninth,238,3.657272681211339,-0.01921113559522447,3.661678026193805,-0.00440534498246592,0.014945688212231382,0.036329427357819355,2.8402890573612977e-5,-0.12237660281157302,FALSE,FALSE,FALSE,FALSE
71,GYFU,female,71,3.7513611739852304,0.08477508204871786,3.745788419252036,0.005572754733194518,0.008542576943689258,0.036328897723893756,2.5644116936644487e-5,0.15430551647901092,FALSE,FALSE,FALSE,FALSE
248,UHRS,ninth,248,3.66443306120901,-0.021479031677124283,3.6603864984769365,0.0040465627320736,0.014446362030987666,0.03632956803243146,2.314076149992098e-5,0.11238146836055668,FALSE,FALSE,FALSE,FALSE
253,UPBJ,female,253,3.7443496381399815,0.07657516422607302,3.7391523679928294,0.0051972701471521,0.008511184265175088,0.03632908364826363,2.2221433135284752e-5,0.14390634374207714,FALSE,FALSE,FALSE,FALSE
268,VUNA,female,268,3.7636158002279534,0.100975917340002,3.758899474235785,0.004716325992168535,0.009806293672968182,0.03632930146297657,2.113875140993926e-5,0.13067493493264168,FALSE,FALSE,FALSE,FALSE
210,RJGO,female,210,3.722519721657892,0.061539236108976825,3.7269840521788296,-0.004464330520937754,0.00951566254353041,0.03632940820811593,1.836807382652986e-5,-0.12367476441962501,FALSE,FALSE,FALSE,FALSE
18,CBRE,eighth,18,3.538477987196189,-0.10845170822749917,3.541912261143246,-0.003434273947056976,0.014142704615137086,0.03632978000129909,1.630727368591396e-5,-0.09536224474225186,FALSE,FALSE,FALSE,FALSE
299,YRUA,female,299,3.696562364826683,0.02753410019331981,3.699464285530755,-0.002901920704071692,0.01685679217601535,0.03632993485093096,1.395467017337103e-5,-0.08069111318969742,FALSE,FALSE,FALSE,FALSE
54,FHEO,female,54,3.771403695618545,0.12037227327826439,3.774596608650066,-0.0031929130315213605,0.013418157197191093,0.0363298542878213,1.335389464057515e-5,-0.08862762014847232,FALSE,FALSE,FALSE,FALSE
26,CVQJ,female,26,3.669518229385308,-0.011875794480193935,3.6675705413701576,0.0019476880151505505,0.03415986683743394,0.036330146207696395,1.3199320847337632e-5,0.05464058313893313,FALSE,FALSE,FALSE,FALSE
283,XNIH,female,283,3.672864394917253,-0.0078081824478117845,3.670862389231719,0.002002005685533881,0.03193695952508584,0.03633013651927097,1.2978485901824266e-5,0.05609989445443588,FALSE,FALSE,FALSE,FALSE
75,HEDP,eighth,75,3.561244926469663,-0.08247622182423853,3.5590125647382296,0.0022323617314334854,0.02010550287952153,0.03633009343406955,9.914996573966738e-6,0.06217609851467959,FALSE,FALSE,FALSE,FALSE
78,HNNH,female,78,3.7525230436696715,0.09682418463553977,3.7555395489734544,-0.003016505303782946,0.009330377574541986,0.03632990662028939,8.219716539821687e-6,-0.0835580367989145,FALSE,FALSE,FALSE,FALSE
70,GXQD,ninth,70,3.6483178423578133,-0.03865420698154165,3.65060553226567,-0.0022876899078565494,0.01265833209218684,0.03633008363918042,6.4571815124475405e-6,-0.06347635509667973,FALSE,FALSE,FALSE,FALSE
101,JRYP,eighth,101,3.5300595571050732,-0.12358106177135442,3.531952234417306,-0.001892677312232749,0.013159130219441494,0.036330159772672004,4.599315587117254e-6,-0.05252929473891103,FALSE,FALSE,FALSE,FALSE
169,OHZZ,eighth,169,3.574940582681238,-0.06010392406970544,3.5737408003439297,0.0011997823373084415,0.02957105116718384,0.03633025759930107,4.294882946821755e-6,0.03357910758072827,FALSE,FALSE,FALSE,FALSE
160,NMCP,ninth,160,3.6746157088499873,0.005125729861981121,3.6755374514692987,-9.217426193113276e-4,0.02416910590590426,0.03633028552054104,2.0489809625263763e-6,-0.025725921760824475,FALSE,FALSE,FALSE,FALSE
17,CBMA,female,17,3.7113500877413035,0.040821994520255034,3.710217947919534,0.0011321398217694068,0.013151324741800325,0.0363302660081697,1.6446581360444378e-6,0.0314212416493756,FALSE,FALSE,FALSE,FALSE
300,YRUH,female,300,3.7708625856391325,0.11704202043166423,3.771901492787426,-0.0010389071482936885,0.012635374118421649,0.03633027538140818,1.329209922877561e-6,-0.028826141229026426,FALSE,FALSE,FALSE,FALSE
264,VJOC,female,264,3.7750227460934442,0.11987960175702894,3.7741978981337434,8.248479597008362e-4,0.01329810399409354,0.036330293773946615,8.830244652175347e-7,0.022894411294941377,FALSE,FALSE,FALSE,FALSE
273,WKXK,ninth,273,3.677413976004658,0.007609860314141459,3.6769521209318405,4.618550728174853e-4,0.025508296596040526,0.036330315222210724,5.444321084013526e-7,0.012899272058647613,FALSE,FALSE,FALSE,FALSE
76,HIHW,eighth,76,3.5597384097907065,-0.08066790306745486,3.560203025592646,-4.646158019392388e-4,0.020721731215676397,0.03633031515194222,4.4320931814693456e-7,-0.012944625049244518,FALSE,FALSE,FALSE,FALSE
