row_id,ID,group,.rownames,log_midleg,logP_c,.fitted,.resid,.hat,.sigma,.cooksd,.std.resid,high_cooks,high_leverage,large_residual,flagged
98,JOZD,eighth,98,3.079199878795254,0.007747686790825936,3.177647148365227,-0.09844726956997318,0.03468275217604449,0.03346854774137299,0.06277917142870101,-2.955772801986779,TRUE,TRUE,FALSE,TRUE
95,JHFO,female,95,3.2320881563403354,-0.03232233951774788,3.1357520173345064,0.09633613900582905,0.02406458265356706,0.03349444190596518,0.0408083896070187,2.87661077620141,TRUE,FALSE,FALSE,TRUE
23,CTFK,tenth,23,3.319896938926929,-0.010892441166423739,3.245614959943224,0.07428197898370525,0.029915080113621498,0.033680354558314134,0.030526175879077355,2.224748869931919,TRUE,FALSE,FALSE,TRUE
202,QYFB,female,202,3.0565451129505035,-0.010330958838365323,3.150534567179328,-0.09398945422882443,0.01855950241547666,0.033519235436660647,0.029623164001252457,-2.798656171962445,TRUE,FALSE,FALSE,TRUE
284,XOAF,ninth,284,3.0986949166118163,-0.029743541527017747,3.2063492126564914,-0.10765429604467514,0.01275919261471976,0.0333854896136557,0.026404292512411498,-3.196113711434681,TRUE,FALSE,TRUE,TRUE
221,SBJVC,ninth,221,3.247016145812511,-0.10274049412361563,3.15728084782704,0.08973529798547064,0.01770833026885105,0.03355838058837585,0.025719239198646514,2.6708253206192505,TRUE,FALSE,FALSE,TRUE
237,SYKW,tenth,237,3.3045212693966945,-0.017089644098738033,3.24144921598285,0.06307205341384448,0.030788757167399535,0.03375709056935024,0.022691542578064935,1.889862270704135,TRUE,FALSE,FALSE,TRUE
218,RTXD,eighth,218,3.223465277202008,-0.03160533941533106,3.151194144803587,0.07227113239842087,0.023713082883535408,0.033696747867764776,0.022615052867466102,2.157637745211884,TRUE,FALSE,FALSE,TRUE
146,MONY,eighth,146,3.2156305647031713,-0.046334847594367456,3.14129300707964,0.07433755762353123,0.020590803995289512,0.033682572447639315,0.020644118049578292,2.215790038209035,TRUE,FALSE,FALSE,TRUE
246,TYRB,eighth,246,3.151324770605921,0.03922071315328135,3.1988032361867873,-0.047478465580866214,0.04620816013513994,0.03384125944982395,0.01992689485311379,-1.4340763698254477,TRUE,TRUE,FALSE,TRUE
116,KORY,eighth,116,2.9594572176892795,-0.21484474849951463,3.028021082692843,-0.0685638650035636,0.022995779527976223,0.03372284188497954,0.01970972871907188,-2.04620658215673,TRUE,FALSE,FALSE,TRUE
177,PAQJ,ninth,177,3.0716511051116755,-0.13004541222858368,3.1389265517152967,-0.06727544660362117,0.02294110910726401,0.0337315331373816,0.018928705535924052,-2.007699103504701,TRUE,FALSE,FALSE,TRUE
296,YNBA,ninth,296,3.2026448117577835,0.0557762863020661,3.2638354221871744,-0.06119061042939089,0.023699065515599436,0.03377012206124011,0.016201983694619445,-1.8268182403053663,TRUE,FALSE,FALSE,TRUE
50,EWKB,ninth,50,3.0811757553714583,-0.11840823105030185,3.1467490351386522,-0.06557327976719396,0.020485810817558726,0.03374327663822509,0.015977922673720203,-1.954447219075038,TRUE,FALSE,FALSE,TRUE
15,CAPF,tenth,15,3.3126757739388717,0.00912490777700059,3.2590705707041603,0.05360520323471141,0.027740954939144538,0.0338126588383076,0.014675946648062568,1.6036823777202973,TRUE,FALSE,FALSE,TRUE
275,WQOI,ninth,275,3.2982598541222665,-0.006688988150796549,3.221846424468827,0.07641342965343956,0.013930270342729761,0.033669022959301964,0.014558562108749219,2.2699604218633778,TRUE,FALSE,FALSE,TRUE
278,WWFJ,eighth,278,3.0645584644838437,-0.06113690578924302,3.131343101420609,-0.06678463693676528,0.01799286999949402,0.03373590925230039,0.014483019205298538,-1.9880241459930186,TRUE,FALSE,FALSE,TRUE
74,HDZC,tenth,74,3.283258083797469,-0.025887770952127687,3.2355351376151726,0.04772294618229633,0.03219200603994817,0.03384175091550815,0.01362256636965586,1.430984898724474,TRUE,TRUE,FALSE,TRUE
25,CVLU,eighth,25,2.976141623788987,-0.20252426411147417,3.036302880786098,-0.06016125699711106,0.02044396439443986,0.03377690820424974,0.013420699659383816,-1.7931006392509319,TRUE,FALSE,FALSE,TRUE
289,XWCJ,eighth,289,3.1385764175834714,-0.15341021329953453,3.0693172201217482,0.06925919746172315,0.013996947471638009,0.03372026021931293,0.01201895008228008,2.0575042038972815,FALSE,FALSE,FALSE,FALSE
305,ZAQJ,eighth,305,2.9949819921632868,-0.16743294430020406,3.0598911762093595,-0.06490918404607271,0.015230090315767207,0.03374867167905837,0.011515426991937448,-1.9294839524694012,FALSE,FALSE,FALSE,FALSE
143,MJSX,eighth,143,3.0469480649382614,-0.08913484206783706,3.1125229602651023,-0.06557489532684091,0.01455846537402938,0.03374454480013336,0.011219251706418739,-1.948608445865738,FALSE,FALSE,FALSE,FALSE
303,YYNS,female,303,3.226486787869536,0.007472014838700858,3.1625016805499775,0.06398510731955831,0.014977637618462287,0.033754578720071975,0.010998760661370666,1.9017711889635853,FALSE,FALSE,FALSE,FALSE
117,KPNC,female,117,3.0977020471377084,0.0015266119126129407,3.1585051959097545,-0.06080314877204618,0.016086777254202884,0.033773882018793534,0.010691592627723262,-1.808215043026493,FALSE,FALSE,FALSE,FALSE
256,UYSP,tenth,256,3.2767295524770503,0.09909090264423104,3.3195454823458217,-0.04281592986877136,0.03018666517001882,0.03386409721069922,0.010239633289167627,-1.2825187138276033,FALSE,FALSE,FALSE,FALSE
197,QQJU,ninth,197,3.1546145986141827,-0.010611660594594508,3.2192096140852153,-0.06459501547103264,0.013638352314722364,0.03375100298574579,0.010179404479341854,-1.9185950691048383,FALSE,FALSE,FALSE,FALSE
125,LEZS,eighth,125,3.165960162521585,-0.10566920527287205,3.1014086036089985,0.06455155891258668,0.013439384265450872,0.03375131969528796,0.01001336624653377,1.9171109772323984,FALSE,FALSE,FALSE,FALSE
69,GWYL,eighth,69,3.094400445350692,-0.19574457712609528,3.0408601690371087,0.05354027631358349,0.019199643352698276,0.033814245343257124,0.009956987352396357,1.5947503521885154,FALSE,FALSE,FALSE,FALSE
103,JUGA,female,103,3.155978622696088,0.1109697544223367,3.2320725963795525,-0.07609397368346427,0.009655341551083552,0.033672650697654585,0.009920424354217593,-2.2555865083315823,FALSE,FALSE,FALSE,FALSE
228,SGBK,ninth,228,3.266865668866864,-0.036923354104597905,3.201522961005814,0.06534270786105001,0.012662513217361013,0.0337464412789528,0.009652009103187337,1.9398436206679164,FALSE,FALSE,FALSE,FALSE
150,MVOV,eighth,150,3.0083276181236944,-0.15163070947315793,3.070513398042361,-0.06218577991866647,0.013875179996469363,0.03376594605548143,0.009602666033787451,-1.8472579602513997,FALSE,FALSE,FALSE,FALSE
82,HTCT,ninth,82,3.131289737309539,-0.04502642260578238,3.196076099084722,-0.06478636177518293,0.012706305323826468,0.03374998233901059,0.009522008210810905,-1.9233699044559975,FALSE,FALSE,FALSE,FALSE
167,ODLJ,eighth,167,3.1565109396714703,-0.11793929786468649,3.0931606787522785,0.06335026091919183,0.013045303676864796,0.033758937300574846,0.009353871107454847,1.8810580797081866,FALSE,FALSE,FALSE,FALSE
32,DJFZ,tenth,32,3.3364455044324584,0.05970917023873734,3.29307318255041,0.043372321882048315,0.02665643075544442,0.03386205071791886,0.009211488668365873,1.2968268577228825,FALSE,FALSE,FALSE,FALSE
223,SCXD,ninth,223,3.1687187268702655,0.0020811662038244805,3.227741699794378,-0.059022972924112516,0.014720373849111871,0.03378460666108513,0.009193413709804902,-1.7540571349236949,FALSE,FALSE,FALSE,FALSE
263,VHBT,tenth,263,3.295799828281404,0.11914013906619814,3.333022527788276,-0.03722269950687185,0.0334551132264559,0.03388613016927106,0.008635132169113813,-1.116861341138052,FALSE,TRUE,FALSE,TRUE
31,DFME,eighth,31,3.090610541916178,-0.19473157687063614,3.0415411052178545,0.04906943669832353,0.019023467424768,0.033836861030850665,0.008283796007383163,1.4614506995732275,FALSE,FALSE,FALSE,FALSE
233,SQCA,tenth,233,3.2473855333139166,0.052750565385528914,3.288395626166267,-0.041010092852350244,0.026430799239639098,0.03387195055458357,0.008161931700298315,-1.22605441484109,FALSE,FALSE,FALSE,FALSE
208,RIJE,female,208,3.13045982549463,0.06583975749554294,3.2017363278753908,-0.07127650238076066,0.008723740579403266,0.033707653253822904,0.007849480236501883,-2.1117934267271408,FALSE,FALSE,FALSE,FALSE
245,TWQN,eighth,245,3.105348719877314,-0.17600819473736262,3.0541269147986165,0.05122180507869745,0.01622345305632524,0.0338266008363822,0.007654114116127121,1.5233828174947592,FALSE,FALSE,FALSE,FALSE
262,VGLK,ninth,262,3.2436074610873846,-0.05848281989035531,3.1870307432477682,0.056576717839616375,0.013137232235730496,0.03379873702033279,0.007514509801089894,1.6800096381858947,FALSE,FALSE,FALSE,FALSE
86,IEPT,tenth,86,3.317906348331155,0.1439800866228811,3.349719877002174,-0.031813528671019053,0.03888129863422226,0.03390447011741129,0.007413873973259742,-0.9572507928987017,FALSE,TRUE,FALSE,TRUE
172,OQDA,ninth,172,3.1515173313433817,-0.026743324975510907,3.208365950548692,-0.05684861920531015,0.012837302566079671,0.03379727427024979,0.007409193794232533,-1.6878271115159302,FALSE,FALSE,FALSE,FALSE
219,RWGW,eighth,219,3.1134486403213866,-0.1649729184593416,3.0615447992875224,0.05190384103386414,0.01497863786771714,0.03382331427869565,0.007237937471055762,1.5426914750547387,FALSE,FALSE,FALSE,FALSE
309,ZIER,tenth,309,3.26880819361641,0.0786314559158019,3.3057926945845684,-0.03698450096815842,0.027874648634395545,0.033887403720011984,0.007021650324803483,-1.106524501304403,FALSE,FALSE,FALSE,FALSE
29,DESX,female,29,3.2867026834929605,0.0915151088357733,3.2189952333758582,0.06770745011710222,0.008637006227289107,0.033731921457086825,0.007011413023124085,2.005961128048966,FALSE,FALSE,FALSE,FALSE
106,JXVQ,tenth,106,3.2485511251779506,0.04997993230502096,3.286533213696061,-0.03798208851811058,0.026374244822296007,0.03388380437334661,0.006985353950342092,-1.1354949859201902,FALSE,FALSE,FALSE,FALSE
260,VFCQ,eighth,260,3.0540247663055076,-0.23133674627968404,3.0169352039669746,0.037089562338533,0.026998298249345905,0.033887079164397496,0.0068272753095200145,1.1091679573782032,FALSE,FALSE,FALSE,FALSE
97,JOYH,tenth,97,3.2352608541175236,0.029289078706530747,3.2726248748286277,-0.03736402071110412,0.02655127367840835,0.03388609826256811,0.006807712600290299,-1.1171190803943964,FALSE,FALSE,FALSE,FALSE
44,ECOO,ninth,44,3.2280337626529665,-0.0737661502396092,3.176757327677525,0.05127643497544154,0.014168994587057204,0.03382659493933544,0.006671208928890919,1.5234176837341948,FALSE,FALSE,FALSE,FALSE
267,VNVH,female,267,3.1530351229277676,0.09062751605576147,3.2183985957793504,-0.06536347285158284,0.008612839359787862,0.03374716402824531,0.006515755996992325,-1.9364927699283008,FALSE,FALSE,FALSE,FALSE
99,JPJS,female,99,3.0996192040182633,-0.028885417904565225,3.1380623072521945,-0.038443103233931186,0.023125484171523467,0.03388230269209598,0.006232825348092735,-1.1473646200133483,FALSE,FALSE,FALSE,FALSE
61,FYEF,female,61,3.298943147623399,0.12883287184296832,3.244080138220795,0.05486300940260369,0.011413437791766259,0.03380834829348631,0.006117600755958673,1.62770118992415,FALSE,FALSE,FALSE,FALSE
67,GRRD,female,67,3.3097945581888117,0.15913822133829725,3.264451316638867,0.045343241549944846,0.016198478479046985,0.03385446500046353,0.0059885155251108175,1.3485319033931038,FALSE,FALSE,FALSE,FALSE
169,OHZZ,eighth,169,3.1746940258539267,-0.06010392406970544,3.132037469090401,0.04265655676352553,0.018156608902103643,0.03386588412294508,0.0059642617788546355,1.2698928904629703,FALSE,FALSE,FALSE,FALSE
37,DSPJ,eighth,37,3.119210173754374,-0.15163070947315793,3.070513398042361,0.04869677571201292,0.013875179996469363,0.033839263890960376,0.005888573059666239,1.4465607199948196,FALSE,FALSE,FALSE,FALSE
10,BBRM,ninth,10,3.1471864639763556,-0.042124926300671106,3.198026477479794,-0.050840013503438364,0.012671989943615024,0.03382897056546927,0.0058474703188305865,-1.5093061245779529,FALSE,FALSE,FALSE,FALSE
174,OVOZ,female,174,3.157340788750404,-0.04851936750482522,3.1248644165491033,0.03247637220130084,0.028882880629872116,0.03390287777221732,0.005621692843027841,0.9721518592087028,FALSE,FALSE,FALSE,FALSE
181,PMTK,eighth,181,3.0154613687349863,-0.16628417909633053,3.06066337324118,-0.04520200450619383,0.015110808984649168,0.033855203085667925,0.005539405650989339,-1.34358892314171,FALSE,FALSE,FALSE,FALSE
40,EAXA,ninth,40,3.2505876475028814,-0.03677925150329653,3.201619826405834,0.04896782109704745,0.012663201801477246,0.03383811179005612,0.005420873193376651,1.4537191923363282,FALSE,FALSE,FALSE,FALSE
251,UMXA,female,251,3.211387859902297,0.14722196975274415,3.256441242801529,-0.045053382899231664,0.014046411176406697,0.033855967801891367,0.00510436889080005,-1.338448225303996,FALSE,FALSE,FALSE,FALSE
140,MAKB,tenth,140,3.228449847302474,0.010637663342939696,3.260087441126375,-0.03163759382390108,0.02761686550969044,0.03390561128784193,0.005087931431557328,-0.946427047706569,FALSE,FALSE,FALSE,FALSE
94,JDYH,ninth,94,3.1392263731927206,-0.06098927162642975,3.1853459128015884,-0.04611953960886783,0.013266899348638513,0.03385129151951575,0.005043996474956312,-1.3695803639793793,FALSE,FALSE,FALSE,FALSE
76,HIHW,eighth,76,3.07579036572457,-0.08066790306745486,3.1182144150050752,-0.04242404928050503,0.015392893633586634,0.03386710445737648,0.004973399902472675,-1.2611973272482937,FALSE,FALSE,FALSE,FALSE
124,LAZJ,ninth,124,3.151174975503941,-0.04299449157285551,3.1974419579279387,-0.04626698242399785,0.012680092512948925,0.03385068739646426,0.004846004275257355,-1.3735505100078187,FALSE,FALSE,FALSE,FALSE
287,XRPL,eighth,287,3.1978973064830027,-0.00501254182354427,3.169069755327777,0.028827551155225617,0.030706861835648,0.03391389985903761,0.004726889708736233,0.863739117133279,FALSE,FALSE,FALSE,FALSE
225,SDVC,ninth,225,3.2655303769072113,-0.0058504136781756255,3.2224101120844817,0.04312026482272957,0.013997605257347221,0.033864314889396,0.004659029379924596,1.2809873488443464,FALSE,FALSE,FALSE,FALSE
51,EXFC,eighth,51,3.007216081495277,-0.19001776342842502,3.0447097185570797,-0.037493637061802865,0.018236995609801198,0.033886207354902824,0.004629029179033251,-1.1162375959588526,FALSE,FALSE,FALSE,FALSE
79,HNUV,eighth,79,3.030157854568978,-0.148081173639254,3.072899386951182,-0.04274153238220402,0.013655648369555065,0.033865937176082536,0.0044626228663507735,-1.2695161021603365,FALSE,FALSE,FALSE,FALSE
77,HKWK,eighth,77,3.0073149347970576,-0.19220355664840527,3.0432404339452623,-0.035925499148204754,0.018594859604312078,0.033891838509856526,0.004336473298463803,-1.0697469399042863,FALSE,FALSE,FALSE,FALSE
259,VECM,ninth,259,3.1717842173343502,-0.017654935238720748,3.214475142884179,-0.04269092554982867,0.013209568658445775,0.0338661889657052,0.004302736257812337,-1.2677263338766969,FALSE,FALSE,FALSE,FALSE
234,SSQG,tenth,234,3.326419954704332,0.06570971002803394,3.297106730049057,0.029313224655274972,0.026947010065470924,0.033912661279660125,0.0042559802347309685,0.8765925125595173,FALSE,FALSE,FALSE,FALSE
110,KAOK,female,110,3.209976341681168,0.14145133580218006,3.2525622374196423,-0.04258589573847438,0.013130257927146352,0.033866634015211373,0.004255199940056633,-1.2645566094327085,FALSE,FALSE,FALSE,FALSE
5,AKPI,tenth,5,3.2804975964243703,-0.0011117288526905078,3.2521895297441628,0.028308066680207578,0.028729156426137797,0.033915456280639585,0.00424714802728576,0.8473102108170064,FALSE,FALSE,FALSE,FALSE
306,ZAVH,eighth,306,3.045759767153639,-0.12483912138059217,3.0885226350327235,-0.04276286787908434,0.012987014014800008,0.033865908536150506,0.00424259944120043,-1.2697195195748894,FALSE,FALSE,FALSE,FALSE
310,ZRDE,ninth,310,3.260689327681611,-0.010892441166423739,3.219020874102991,0.041668453578620035,0.013618914400728191,0.03387037085101856,0.004229632090033129,1.2376202912505931,FALSE,FALSE,FALSE,FALSE
161,NRDG,eighth,161,3.1321189609419187,-0.12342391554646914,3.0894739327747165,0.04264502816720217,0.012989386060933927,0.033866400304852697,0.004220040296156785,1.2662221321261882,FALSE,FALSE,FALSE,FALSE
173,OTIL,female,173,3.2572500259850923,0.07038079676179954,3.204788802855448,0.052461223129644186,0.008589903724307825,0.03382133107687191,0.0041859424509608865,1.5542259267239698,FALSE,FALSE,FALSE,FALSE
151,MXAY,female,151,3.2381685182486097,0.047201601484293976,3.189207807075869,0.04896071117274081,0.009806471723185804,0.03383848407814346,0.0041725625528982475,1.451409902479116,FALSE,FALSE,FALSE,FALSE
214,RNFD,female,214,3.289967824975614,0.13236752114435313,3.2464561204405324,0.043511704535081464,0.011854704712234286,0.03386285629974813,0.0040003328404963805,1.2912136223560493,FALSE,FALSE,FALSE,FALSE
144,MKMF,ninth,144,3.23887451137489,-0.043719707356326465,3.1969544697331904,0.0419200416416996,0.012688278050092979,0.033869423312241895,0.00398081797149519,1.244505914295309,FALSE,FALSE,FALSE,FALSE
189,PZFT,ninth,189,3.2451671588222695,-0.03361423663276253,3.203747341306576,0.04141981751569368,0.012691257157940582,0.033871460058322166,0.003887316025605177,1.2296573099134265,FALSE,FALSE,FALSE,FALSE
56,FKWM,eighth,56,3.1150030908031594,-0.14422326819529618,3.075492661123157,0.03951042968000262,0.013452329097343538,0.033878950730560006,0.0037550839040829884,1.1734244172093011,FALSE,FALSE,FALSE,FALSE
307,ZFKD,eighth,307,3.035409613206753,-0.14550758367123828,3.074629347545152,-0.03921973433839909,0.013515934002572906,0.03388006473409804,0.003718005397493159,-1.1648285757465513,FALSE,FALSE,FALSE,FALSE
24,CVHB,female,24,3.1389881051834054,0.03761686357130656,3.182764970765863,-0.043776865582457525,0.010697268650370429,0.03386183552944865,0.003645344861242896,-1.2983221455919751,FALSE,FALSE,FALSE,FALSE
9,AZJJ,female,9,3.1475301877976523,0.05301403528561699,3.193114910210523,-0.045584722412870704,0.009376769233967864,0.033854089794466725,0.0034554900626139764,-1.3510376954315217,FALSE,FALSE,FALSE,FALSE
301,YSQQ,eighth,301,3.0521598648526345,-0.22002342397796615,3.0245399902818453,0.027619874570789182,0.024180277207918544,0.03391754180224093,0.0033713225387986836,0.8247822619453815,FALSE,FALSE,FALSE,FALSE
274,WNVZ,ninth,274,3.1716374560413296,-0.02574524975185799,3.2090368541612313,-0.03739939811990167,0.012868214430867582,0.033886927632938074,0.003214637823591119,-1.110399994408128,FALSE,FALSE,FALSE,FALSE
266,VNSP,eighth,266,3.1294761436035867,-0.1190338175580361,3.092424945413887,0.03705119818969971,0.013028211848919355,0.033888183043444195,0.003195322196095388,1.1001509895964081,FALSE,FALSE,FALSE,FALSE
293,YFAT,female,293,3.304851665875471,0.1748865783064366,3.275037321912916,0.02981434396255489,0.019580547643372824,0.03391152479781743,0.0031512751035165315,0.888222364207095,FALSE,FALSE,FALSE,FALSE
133,LNMX,female,133,3.1753000421513247,0.09303486596718957,3.2200168102324787,-0.04471676808115399,0.008682902575627248,0.03385797650886258,0.0030747892730703117,-1.3248494050062969,FALSE,FALSE,FALSE,FALSE
282,XMEN,eighth,282,3.0935846737214954,-0.07003508106539513,3.1253617707590466,-0.03177709703755127,0.016691521652124057,0.03390572889346963,0.0030337487527896823,-0.9453045197666318,FALSE,FALSE,FALSE,FALSE
222,SCBI,tenth,222,3.3028492586443794,0.10760798819830586,3.3252706454709258,-0.022421386826546374,0.031453856590118956,0.03393019586330091,0.0029335467976154437,-0.6720548497566233,FALSE,FALSE,FALSE,FALSE
8,ATEZ,female,8,3.2248777770638353,0.04095531896548965,3.185009071942989,0.03986870512084639,0.010361248403860702,0.03387780307776172,0.002926562270376474,1.1822142512404812,FALSE,FALSE,FALSE,FALSE
39,DYFV,tenth,39,3.314058723845392,0.054461880224289994,3.289545967623813,0.02451275622157878,0.02647520096475499,0.03392546785384856,0.002921220419196133,0.7328600414340429,FALSE,FALSE,FALSE,FALSE
166,OCGB,female,166,3.20317318114091,0.016256040575005404,3.168406280182817,0.03476690095809287,0.013498691641002527,0.033896168544209744,0.0029178510214750005,1.0325701204832736,FALSE,FALSE,FALSE,FALSE
242,TRCQ,female,242,3.2536829663736064,0.07901654031822436,3.2105937275862373,0.043089238787369144,0.008475883320516405,0.03386495175888917,0.002785805922742503,1.2764963785859564,FALSE,FALSE,FALSE,FALSE
18,CBRE,eighth,18,3.065491517968844,-0.10845170822749917,3.0995382122397697,-0.03404669427092566,0.013317422904376654,0.03389860062657656,0.0027596244369364445,-1.0110872346027007,FALSE,FALSE,FALSE,FALSE
22,CPWC,female,22,3.121020408696148,-0.012860115729604882,3.1488344743859193,-0.027814065689771184,0.019131847864055133,0.033917206929290386,0.002677314630965356,-0.8284409638801319,FALSE,FALSE,FALSE,FALSE
88,ILNB,tenth,88,3.3441860158336474,0.10360898261902007,3.3225825241488782,0.02160349168476916,0.030836566998422802,0.03393200094450014,0.0026665804531521282,0.647333147766418,FALSE,FALSE,FALSE,FALSE
28,CWRT,eighth,28,3.0200101660135146,-0.18365577980709125,3.0489862276751487,-0.028976061661634134,0.017262538606291348,0.03391404410067407,0.0026118195129096597,-0.862229758050295,FALSE,FALSE,FALSE,FALSE
109,KAIL,ninth,109,3.1486679298247044,-0.14904798003102915,3.126153074241797,0.022514855582907334,0.027669297500709174,0.03393008513006783,0.002581922923048895,0.6735418292041399,FALSE,FALSE,FALSE,FALSE
14,BZCS,ninth,14,3.161077206140829,-0.04706249079026503,3.194707459258811,-0.03363025311798218,0.012742798217861067,0.03390000959724461,0.0025733524097511264,-0.9984294598303228,FALSE,FALSE,FALSE,FALSE
292,YCTD,eighth,292,3.0255822955228764,-0.17567701407528613,3.0543495335925956,-0.02876723806971926,0.01618171778387702,0.03391467983753063,0.002407830924249277,-0.8555455351553465,FALSE,FALSE,FALSE,FALSE
47,EJSA,ninth,47,3.161776232827628,-0.04779066383634856,3.1942179831996986,-0.032441750372070643,0.012758334691070477,0.03390384243070845,0.0023976754874471275,-0.9631522562861241,FALSE,FALSE,FALSE,FALSE
80,HOHH,ninth,80,3.223226347605459,-0.052024555846096776,3.1913719718198688,0.03185437578559025,0.012874609725318339,0.03390568018614532,0.0023332562270700673,0.9457695859186271,FALSE,FALSE,FALSE,FALSE
107,JZEI,ninth,107,3.1134486403213866,-0.13353139262452274,3.1365832846093187,-0.023134644287932105,0.02374169936918814,0.03392879045549738,0.0023202927490973235,-0.6906895140233643,FALSE,FALSE,FALSE,FALSE
241,TKSH,ninth,241,3.255265611651069,-0.0015289460202752014,3.2253149915910053,0.02995062006006366,0.01437213824036237,0.03391135749127124,0.002309627203994842,0.8899215798586855,FALSE,FALSE,FALSE,FALSE
52,FDUO,female,52,3.2801214303049786,0.13394797250973878,3.247518495805988,0.03260293449899043,0.012061990396959658,0.033903367190573755,0.0022861660959347745,0.9675964141492793,FALSE,FALSE,FALSE,FALSE
298,YNZS,female,298,3.251555964256829,0.08362602351182002,3.2136922103991914,0.037863753857637406,0.008490406067695716,0.03388552964951725,0.0021548486112963434,1.1217023091325438,FALSE,FALSE,FALSE,FALSE
290,YAKT,eighth,290,3.0097337931898047,-0.2072975428641317,3.0330942950172863,-0.023360501827481617,0.021388124389944158,0.0339283371628541,0.0021210498795756804,-0.6965933645715177,FALSE,FALSE,FALSE,FALSE
312,ZVNV,ninth,312,3.2346901171625584,-0.032896309974027815,3.2042299297703196,0.03046018739223877,0.012701062954458645,0.033909929336649165,0.0021039851937021004,0.9042960673823071,FALSE,FALSE,FALSE,FALSE
261,VFPH,ninth,261,3.272018408266287,0.030771658666753465,3.2470273754456276,0.02499103282065951,0.018632117193597267,0.03392454341781233,0.002102818277961463,0.7441674852992692,FALSE,FALSE,FALSE,FALSE
272,WJST,female,272,3.206236281321737,0.1218488331626284,3.239385485283107,-0.03314920396136989,0.010632252795706764,0.03390169237990522,0.0020772597801658917,-0.9830975994563543,FALSE,FALSE,FALSE,FALSE
212,RMQE,female,212,3.2025431702473033,0.11704202043166423,3.236154358059848,-0.033611187812544685,0.010164575436128254,0.03390021584835702,0.0020396976125141852,-0.9965630267990591,FALSE,FALSE,FALSE,FALSE
20,CGRD,eighth,20,3.1150696561426114,-0.12909679555665687,3.085660637341524,0.029409018801087594,0.01300969981261884,0.033912987487439886,0.0020101912784157945,0.8732256795055678,FALSE,FALSE,FALSE,FALSE
43,ECJN,tenth,43,3.2387764865745368,0.008298802814695083,3.258515265061446,-0.019738778486909414,0.02781110491262754,0.0339358914049842,0.001995226874517359,-0.5905373235683341,FALSE,FALSE,FALSE,FALSE
209,RIWP,ninth,209,3.231377354091126,-0.03663516966456304,3.2017166778493094,0.029660676241816564,0.012663941553937732,0.03391227684137945,0.0019890046840783772,0.8805437835989683,FALSE,FALSE,FALSE,FALSE
165,NVHP,eighth,165,3.143979850014194,-0.08247622182423853,3.116998867761944,0.026980982252250207,0.015199814423904204,0.03391959166640538,0.001985602735629313,0.8020216676746222,FALSE,FALSE,FALSE,FALSE
198,QRKY,female,198,3.1717213222747365,0.07515900692470479,3.2080007035056153,-0.036279381230878816,0.008504057337929522,0.03389124130564007,0.00198152176694353,-1.0747731458948975,FALSE,FALSE,FALSE,FALSE
152,MYTW,female,152,3.2692076571992033,0.1169184644915553,3.2360713040729285,0.03313635312627472,0.010153306251558972,0.033901759759134585,0.001980230929944278,0.9824787084445087,FALSE,FALSE,FALSE,FALSE
190,PZMO,eighth,190,3.023882316970337,-0.18382268292022186,3.048874035829394,-0.024991718859057155,0.017286826288492083,0.03392458369956552,0.001945757768725804,-0.7436783590936696,FALSE,FALSE,FALSE,FALSE
68,GVKA,eighth,68,3.0126877142034045,-0.2038857347097951,3.0353877037321713,-0.02269998952876673,0.020707529541167828,0.03392985197083038,0.0019363755062460058,-0.6766621047588813,FALSE,FALSE,FALSE,FALSE
176,OZHE,female,176,3.1227833391423783,-0.017654935238720748,3.1456114089757117,-0.02282806983333341,0.02026026957309247,0.033929576910434946,0.0019142425803295913,-0.6803246995834815,FALSE,FALSE,FALSE,FALSE
137,LTEN,female,137,3.1645041128008624,0.0606246218164348,3.198230727010767,-0.033726614209904415,0.008940266362953623,0.033899905789017304,0.0018019016925732954,-0.9993675310475294,FALSE,FALSE,FALSE,FALSE
63,GDWH,tenth,63,3.250200058110227,0.024286025880155604,3.2692618355151613,-0.01906177740493442,0.026752797986085035,0.03393721191370229,0.0017860124328955517,-0.5699729141327478,FALSE,FALSE,FALSE,FALSE
226,SEVZ,female,226,3.285749118302491,0.15284029784214792,3.260217868573099,0.025531249729391803,0.015017389063527455,0.03392332126841248,0.0017559666387607562,0.758857442755732,FALSE,FALSE,FALSE,FALSE
75,HEDP,eighth,75,3.1422971106358264,-0.08247622182423853,3.116998867761944,0.025298242873882604,0.015199814423904204,0.0339238946361703,0.0017456515778343919,0.7520014930982246,FALSE,FALSE,FALSE,FALSE
156,NDWV,ninth,156,3.2115893428172275,-0.06187540371808753,3.184750257076056,0.02683908574117133,0.01331645378165813,0.03392003248573921,0.00171475886734885,0.7970419518123405,FALSE,FALSE,FALSE,FALSE
230,SMXT,eighth,230,3.001515518309718,-0.2259251942760867,3.020572835382542,-0.019057317072823654,0.0256109080028727,0.033937241380364774,0.0017049768103158812,-0.5695055478141823,FALSE,FALSE,FALSE,FALSE
265,VJTT,female,265,3.2097543504186397,0.12197178146302323,3.2394681308161646,-0.029713780397524925,0.01064496337378178,0.033912210897949116,0.0016710539063140208,-0.8812197680015436,FALSE,FALSE,FALSE,FALSE
276,WQRK,ninth,276,3.203356013210164,0.0030508968332563224,3.22839355024318,-0.025037537033016033,0.014819398773905375,0.03392454830242203,0.0016657771417578258,-0.744108190478481,FALSE,FALSE,FALSE,FALSE
48,EMIY,female,48,3.2490363877630526,0.16950833548157784,3.2714220808421013,-0.022385693079048696,0.01835666946386962,0.03393060781701512,0.0016613546270359413,-0.66649376503787,FALSE,FALSE,FALSE,FALSE
252,UNBX,eighth,252,3.1235096434958174,-0.1120184329515308,3.0971406690029695,0.02636897449284792,0.013189048944925279,0.03392125806245492,0.001638954312110524,0.7830304771452691,FALSE,FALSE,FALSE,FALSE
250,ULBD,ninth,250,3.261782045878658,0.018030906219439924,3.2384630742378584,0.023318971640799546,0.016644100484815537,0.033928561667091926,0.0016288926746058602,0.6936756288474661,FALSE,FALSE,FALSE,FALSE
59,FRKH,female,59,3.2154700317333678,0.1281000026273158,3.24358750540851,-0.02811747367514217,0.011325807706393104,0.03391668001578106,0.001594227111483972,-0.8341652702658976,FALSE,FALSE,FALSE,FALSE
83,HZFK,eighth,83,3.0664935804369033,-0.11872097538435988,3.0926352371228685,-0.02614165668596513,0.013032795200938444,0.03392184600955302,0.001591230696393945,-0.7762187906532683,FALSE,FALSE,FALSE,FALSE
288,XVQB,ninth,288,3.163067088039622,-0.05554207376282827,3.189007505273078,-0.02594041723345608,0.013004876132957094,0.03392235846073392,0.0015633813540524497,-0.7702325353330971,FALSE,FALSE,FALSE,FALSE
271,WHVM,tenth,271,3.2519430285723963,0.02496357858579712,3.2697172847109015,-0.01777425613850525,0.02672188736762249,0.033939558591031836,0.0015509967642365159,-0.5314658479700934,FALSE,FALSE,FALSE,FALSE
196,QOGZ,female,196,3.2069854132748525,0.03238651569915363,3.179249144303983,0.02773626897086956,0.011279047287932721,0.03391771928343511,0.0015447415574656772,0.8228365554067687,FALSE,FALSE,FALSE,FALSE
81,HRBI,eighth,81,3.064208344856062,-0.12310969716210862,3.089685149569,-0.025476804712937895,0.01299058368572015,0.03392352225188008,0.0015062976450241196,-0.7564613025557374,FALSE,FALSE,FALSE,FALSE
41,EAXN,eighth,41,3.1191217857308935,-0.11684597483504322,3.0938956076963873,0.02522617803450622,0.013065330253108819,0.03392414003057871,0.0014855295725171394,0.749048019073295,FALSE,FALSE,FALSE,FALSE
180,PIKP,tenth,180,3.276956035944725,0.061539236108976825,3.294303348147584,-0.017347312202858678,0.026735629102632993,0.03394030011016295,0.0014781821537064486,-0.5187035116367051,FALSE,FALSE,FALSE,FALSE
247,UCYK,female,247,3.146563163256575,0.02170713066057295,3.1720704889959572,-0.025507325739382303,0.01267671348525087,0.03392345640720071,0.0014724907618979325,-0.7572471444971824,FALSE,FALSE,FALSE,FALSE
57,FLUS,female,57,3.271088696315135,0.12968720764888375,3.2446544205643773,0.026434275750757852,0.01151726605481524,0.03392114743485322,0.001433444437711317,0.7843055319816776,FALSE,FALSE,FALSE,FALSE
104,JUJH,ninth,104,3.2281922915055494,-0.03390155167568132,3.203554208869598,0.024638082635951353,0.012687689475845268,0.03392558249245863,0.0013750613006142463,0.7314456097146098,FALSE,FALSE,FALSE,FALSE
70,GXQD,ninth,70,3.1758639342749095,-0.03865420698154165,3.200359486128974,-0.0244955518540646,0.012658249409349736,0.033925924992164264,0.00135596321653658,-0.7272033705459101,FALSE,FALSE,FALSE,FALSE
193,QDXY,ninth,193,3.281493752846906,0.0557762863020661,3.2638354221871744,0.017658330659731547,0.023699065515599436,0.03393980952963889,0.0013492670328849683,0.527181544948952,FALSE,FALSE,FALSE,FALSE
7,ASOK,female,7,3.2222301926807746,0.05393563366563847,3.19373440628438,0.028495786396394607,0.009316299832155622,0.03391571662083512,0.001341434659643896,0.8445308993556203,FALSE,FALSE,FALSE,FALSE
128,LIHW,female,128,3.179219816987915,0.07606042994627393,3.208606637755124,-0.029386820767209,0.008494183549796972,0.03391324319357929,0.001298587221884601,-0.8705773766902963,FALSE,FALSE,FALSE,FALSE
286,XQHC,ninth,286,3.1862079946038153,-0.09065436826813089,3.1654051107141354,0.02080288388967988,0.01597994082301558,0.033934012441861415,0.0012429371293063264,0.6186200266974693,FALSE,FALSE,FALSE,FALSE
220,SBJV,tenth,220,3.263179750424725,0.0389535834602277,3.279121330204937,-0.015941579780212045,0.026337009907145145,0.03394261992732365,0.0012287022800066068,-0.4765729976872878,FALSE,FALSE,FALSE,FALSE
78,HNNH,female,78,3.2505682716006903,0.09682418463553977,3.222563980549316,0.028004291051374253,0.008822178712143294,0.03391708606366792,0.001225622352786148,0.8297575274052199,FALSE,FALSE,FALSE,FALSE
277,WSXA,eighth,277,3.0967759852060763,-0.1459896275465642,3.0743053188850924,0.022470666320983934,0.013540858222606627,0.033930541758416644,0.0012227979343399683,0.6673886336276481,FALSE,FALSE,FALSE,FALSE
113,KEHR,female,113,3.241752154869172,0.1562912443263691,3.2625375859732273,-0.020785431104055174,0.015652436201440124,0.033934054993492516,0.001214612878431332,-0.6179981958080847,FALSE,FALSE,FALSE,FALSE
1,ACGN,female,1,3.2775974606842073,0.14578243015674164,3.2554735879670393,0.02212387271716798,0.013810169913366813,0.03393129019796871,0.0012095813805744805,0.6571784254288616,FALSE,FALSE,FALSE,FALSE
58,FRAY,female,58,3.1543159701697374,0.029828453045389614,3.177529621130938,-0.02321365096120065,0.011588183348305577,0.03392893667902377,0.001112400584647186,-0.6887742329829512,FALSE,FALSE,FALSE,FALSE
16,CAXC,eighth,16,3.1221886975065503,-0.10644134645863645,3.100889572278851,0.021299125227699278,0.013403623525929134,0.03393304803363982,0.0010871801911013388,0.6325493518091625,FALSE,FALSE,FALSE,FALSE
248,UHRS,ninth,248,3.233370271018653,-0.021479031677124283,3.2119045950392633,0.021465675979389864,0.013028075261537977,0.033932708957638655,0.001072493349041722,0.6373743412046516,FALSE,FALSE,FALSE,FALSE
38,DUFU,ninth,38,3.2095928712692836,0.004711107507896495,3.229509539612314,-0.01991666834303052,0.014994323730682844,0.03393579765942806,0.0010668849958766356,-0.5919700449099918,FALSE,FALSE,FALSE,FALSE
227,SFBL,female,227,3.2604399439458933,0.11753609158795997,3.236486471427413,0.023953472518480456,0.010210015027879375,0.03392727533759328,0.001040667620882125,0.7102305679956474,FALSE,FALSE,FALSE,FALSE
232,SNDZ,ninth,232,3.235850929074162,0.03922071315328135,3.252706808261131,-0.016855879186968625,0.020171528084758167,0.03394122569372136,0.0010389061487869138,-0.5023180549584028,FALSE,FALSE,FALSE,FALSE
45,EDIK,eighth,45,3.1023869514225306,-0.13543797089510412,3.0813981154979895,0.02098883592454115,0.013126470371501567,0.033933694493031484,0.0010333239014881717,0.6232467299318419,FALSE,FALSE,FALSE,FALSE
211,RJVU,female,211,3.1753627125364545,0.06492906986348834,3.2011241659784107,-0.025761453441956128,0.008756711119655272,0.03392294882559469,0.0010293333275989132,-0.7632778122625533,FALSE,FALSE,FALSE,FALSE
179,PFPR,eighth,179,3.036346246439246,-0.17435338714477777,3.0552392722298127,-0.018893025790566842,0.016017619207338036,0.03393772141965768,0.0010276877113938425,-0.5618369043479575,FALSE,FALSE,FALSE,FALSE
162,NRVV,eighth,162,3.094943923624939,-0.1458289204349288,3.0744133457944893,0.020530577830449648,0.013532485052762697,0.03393461437761153,0.0010201149984362633,0.6097645676818828,FALSE,FALSE,FALSE,FALSE
273,WKXK,ninth,273,3.212294213502646,0.007609860314141459,3.231458073834465,-0.019163860331818938,0.015316062329648748,0.03393722988781594,0.0010096113391182345,-0.5696878750665672,FALSE,FALSE,FALSE,FALSE
254,UQVJ,ninth,254,3.154593270968221,-0.07751119244160942,3.174239919888121,-0.019646648919899867,0.014509806189120688,0.03393632913495419,0.0010036187676849945,-0.5838008688691297,FALSE,FALSE,FALSE,FALSE
129,LJJN,tenth,129,3.299662870837858,0.08935815818032045,3.3130031564108453,-0.013340285572987387,0.028957914516690577,0.03394636199371136,9.511658229662991e-4,-0.3993452344621489,FALSE,FALSE,FALSE,FALSE
62,FZRV,female,62,3.186848378029441,0.0800427076735366,3.2112835146578265,-0.02443513662838548,0.00847457628026938,0.033926192089649976,8.95724875996736e-4,-0.7238777879529632,FALSE,FALSE,FALSE,FALSE
244,TSPY,female,244,3.1307001339644756,-0.016524672332297596,3.14637116881051,-0.01567103484603427,0.01998915737034492,0.033943121429118914,8.895346837038253e-4,-0.46696533500053927,FALSE,FALSE,FALSE,FALSE
184,PVUO,ninth,184,3.218975819868534,-0.040388060905288015,3.19919399395615,0.019781825912383866,0.01266139544019255,0.033936104525171214,8.845388160073478e-4,0.5872671692956546,FALSE,FALSE,FALSE,FALSE
213,RNCJ,female,213,3.167203511293531,0.04812856970269341,3.1898309127413493,-0.022627401447818496,0.009732351107350592,0.033930292818948805,8.843348856712833e-4,-0.6707501716410583,FALSE,FALSE,FALSE,FALSE
249,UKOQ,tenth,249,3.288084673030511,0.03252096948086858,3.274797343540856,0.01328732948965472,0.026453953205505417,0.03394645440108702,8.576059837343249e-4,0.3972481302356118,FALSE,FALSE,FALSE,FALSE
313,ZWYP,female,313,3.25433948914377,0.11109404750558682,3.2321561458722057,0.022183343271564127,0.009664852241951521,0.03393126211317286,8.439556800902565e-4,0.6575644250528113,FALSE,FALSE,FALSE,FALSE
159,NLMH,female,159,3.197795181256962,0.09417317001724945,3.220781975303462,-0.02298679404650006,0.008721014941871158,0.033929521807299814,8.16144107214747e-4,-0.6810560592850575,FALSE,FALSE,FALSE,FALSE
239,TART,female,239,3.188849513361228,0.08132393782958514,3.2121447542916903,-0.023295240930462313,0.008476594528201948,0.03392883476527785,8.143004774961814e-4,-0.6901096929909614,FALSE,FALSE,FALSE,FALSE
236,SXDN,female,236,3.168129749150252,0.04812856970269341,3.1898309127413493,-0.021701163591097306,0.009732351107350592,0.03393228946829926,8.134173568571018e-4,-0.6432934527240031,FALSE,FALSE,FALSE,FALSE
182,PQXQ,female,182,3.195095296202797,0.027263829921404303,3.175805688026591,0.019289608176206396,0.011914333469269046,0.033937056089034544,7.902457568958434e-4,0.5724380748308031,FALSE,FALSE,FALSE,FALSE
178,PBXK,eighth,178,3.1171974108351668,-0.05921935965997127,3.1326320710241538,-0.015434660188986982,0.018298916333865208,0.03394350274076241,7.8721939139757e-4,-0.459525740270005,FALSE,FALSE,FALSE,FALSE
130,LKHO,eighth,130,3.1275277854088954,-0.09293799565926908,3.1099664901483552,0.017561295260540177,0.014241276976695338,0.03394012396637011,7.866029536489278e-4,0.521763430021953,FALSE,FALSE,FALSE,FALSE
203,QZHA,eighth,203,3.103554756082737,-0.07766128625052171,3.1202354551393245,-0.016680699056587756,0.015731792848607953,0.03394157600955099,7.86347674721226e-4,-0.49597515822751337,FALSE,FALSE,FALSE,FALSE
304,YZUH,eighth,304,3.0636712565621838,-0.13464312147721302,3.081932411243691,-0.018261154681507463,0.013106390308324471,0.03393891825287562,7.809688317199255e-4,-0.5422448960569748,FALSE,FALSE,FALSE,FALSE
188,PXBW,eighth,188,3.1392480311059816,-0.07301882190350462,3.123356107799252,0.015891923306729616,0.016298926251361312,0.0339428255006362,7.403216203216718e-4,0.4726583057365114,FALSE,FALSE,FALSE,FALSE
185,PVXU,female,185,3.226883676269729,0.07051023822208013,3.2048758130739734,0.02200786319575565,0.0085868351752607,0.033931664796810285,7.364009277039286e-4,0.6520080279365582,FALSE,FALSE,FALSE,FALSE
126,LGMD,female,126,3.250432629772418,0.10698419677392379,3.2293935147222417,0.021039115050176527,0.009370598110971394,0.033933673273670036,7.355879895699468e-4,0.6235542846596916,FALSE,FALSE,FALSE,FALSE
60,FXZS,ninth,60,3.2576541324822736,0.023879273789943145,3.242394331960247,0.0152598005220268,0.017506886739804852,0.03394377513034706,7.349916634491177e-4,0.4541366010123884,FALSE,FALSE,FALSE,FALSE
210,RJGO,female,210,3.2203946708374707,0.061539236108976825,3.1988455283988837,0.021549142438586966,0.008897436259941436,0.03393262821363825,7.320192094623084e-4,0.638517931615193,FALSE,FALSE,FALSE,FALSE
204,RBAX,ninth,204,3.1924291748532174,-0.07541224114627787,3.1756508295803068,0.016778345272910666,0.014314528486732406,0.03394143600865498,7.218274588117899e-4,0.4985197352456117,FALSE,FALSE,FALSE,FALSE
96,JONV,ninth,96,3.2548605385877107,0.019530259052632948,3.2394709353774016,0.015389603210309133,0.016857242862332047,0.03394358787396522,7.188578647514282e-4,0.4578482268772698,FALSE,FALSE,FALSE,FALSE
91,IVIQ,female,91,3.136710866813563,-0.00892863074430128,3.151477208537391,-0.01476634172382818,0.018248964305181106,0.03394449300199033,7.184823811866813e-4,-0.4396171604112468,FALSE,FALSE,FALSE,FALSE
64,GLXO,female,64,3.2713164608076353,0.14410034397375715,3.2543428939371477,0.016973566870487566,0.013540607833672879,0.03394112523160257,6.976872318235474e-4,0.5041223078123789,FALSE,FALSE,FALSE,FALSE
302,YUWR,eighth,302,3.1113128856551744,-0.11637777349991985,3.0942103314363276,0.017102554218846766,0.0130748090750288,0.03394091746169188,6.833192362507528e-4,0.5078334046585182,FALSE,FALSE,FALSE,FALSE
191,PZWX,eighth,191,3.1546145986141827,-0.04648033388254147,3.141195211568843,0.013419387045339626,0.020562636656819455,0.03394633358183795,6.717777770171114e-4,0.39998780586962507,FALSE,FALSE,FALSE,FALSE
216,RQME,ninth,216,3.197631759198706,-0.06676321615968228,3.1814646820544863,0.01616707714421972,0.013624636643460792,0.033942428496265435,6.369983761855912e-4,0.48018966492567366,FALSE,FALSE,FALSE,FALSE
72,HDAF,tenth,72,3.2944284672688724,0.04494680909720494,3.2831499611491024,0.011278506119769993,0.02632000404630483,0.03394889507253195,6.14598397295727e-4,0.3371676211441903,FALSE,FALSE,FALSE,FALSE
123,KYRB,ninth,123,3.2102184577770183,-0.048373584284215676,3.193826145565591,0.016392312211427118,0.012771715659143253,0.033942081913085495,6.128148831074587e-4,0.48666916268717497,FALSE,FALSE,FALSE,FALSE
89,INPV,female,89,3.2696259717778617,0.1437395285269416,3.254100354716664,0.015525617061197927,0.013483695605089692,0.03394342234649267,5.812098329643959e-4,0.46110426846781233,FALSE,FALSE,FALSE,FALSE
134,LQLO,female,134,3.243548925073085,0.09959392076348927,3.224425790090306,0.019123134982778733,0.008946410848729179,0.03393742105312536,5.797056726460772e-4,0.566647435119562,FALSE,FALSE,FALSE,FALSE
11,BCSB,female,11,3.207835099751221,0.047731402821189706,3.1895639381794454,0.01827116157177544,0.009763848866928862,0.03393895539167894,5.785096634159729e-4,0.5416255904916656,FALSE,FALSE,FALSE,FALSE
269,WDBI,ninth,269,3.1732506468419253,-0.09920665008344809,3.159656288752247,0.013594358089678238,0.017165653340668125,0.033946132682825696,5.71546943086696e-4,0.4045022568472158,FALSE,FALSE,FALSE,FALSE
73,HDAI,female,73,3.264288864394696,0.17744859205208008,3.2767595009998165,-0.0124706366051206,0.020188679629151933,0.03394754363347679,5.691609120676214e-4,-0.3716377343075178,FALSE,FALSE,FALSE,FALSE
300,YRUH,female,300,3.2537215972937994,0.11704202043166423,3.236154358059848,0.017567239233951426,0.010164575436128254,0.03394017584375725,5.571922890134147e-4,0.5208641004038529,FALSE,FALSE,FALSE,FALSE
224,SDBA,ninth,224,3.1847604572320676,-0.03894297394860735,3.2001653777122985,-0.0154049204802309,0.012658258135370104,0.0339436141946333,5.362813342558212e-4,-0.45732834322165716,FALSE,FALSE,FALSE,FALSE
115,KIIU,tenth,115,3.277031519036549,0.051432173632270706,3.287509406601808,-0.010477887565258914,0.026401524113239778,0.03394975563913245,5.321713663759922e-4,-0.31324647842979364,FALSE,FALSE,FALSE,FALSE
138,LUXM,female,138,3.247929645258938,0.10810674132585141,3.230148086298889,0.017781558960048738,0.00944682880992074,0.03393981850971007,5.297914389867902e-4,0.5270275811210341,FALSE,FALSE,FALSE,FALSE
280,XDBU,female,280,3.1980198429888236,0.03587645212724078,3.1815950706446525,0.016424772344171057,0.01088335745933957,0.03394205508289471,5.222776009054931e-4,0.48716716611156086,FALSE,FALSE,FALSE,FALSE
121,KVWU,female,121,3.252581357333372,0.11617680809167541,3.235572764537881,0.01700859279549105,0.010086454186143205,0.03394111640735182,5.182216603628879e-4,0.5042804785784094,FALSE,FALSE,FALSE,FALSE
111,KDQD,female,111,3.273875243086805,0.1524826227265612,3.2599774402752355,0.013897802811569715,0.014953251252192316,0.03394574535668754,5.180230033564622e-4,0.4130666481428212,FALSE,FALSE,FALSE,FALSE
46,EFLR,ninth,46,3.1885403210720815,-0.07706104613646159,3.1745425070830917,0.013997813988989805,0.014467010046728943,0.03394561375057474,5.079157662159585e-4,0.4159365075373255,FALSE,FALSE,FALSE,FALSE
268,VUNA,female,268,3.2426900029674557,0.100975917340002,3.2253547646542735,0.017335238313182177,0.009015482457831656,0.03394058662716885,4.801198641321943e-4,0.5136872516258537,FALSE,FALSE,FALSE,FALSE
207,RDRL,eighth,207,3.1399624792252228,-0.06602110109779402,3.1280599578266193,0.011902521398603483,0.017254355359205057,0.033948244620763075,4.404830816268312e-4,0.3541773736219586,FALSE,FALSE,FALSE,FALSE
164,NUDB,female,164,3.241947612435957,0.14518200984449803,3.255069986968858,-0.013122374532900771,0.01371314790159309,0.03394677977065496,4.2246461462545453e-4,-0.389774311679838,FALSE,FALSE,FALSE,FALSE
118,KSLC,female,118,3.2368139699992136,0.13831161579751217,3.2504517256630385,-0.013637755663824969,0.012666334050356536,0.03394611631274021,4.20575204159359e-4,-0.4048678938982557,FALSE,FALSE,FALSE,FALSE
205,RBFY,female,205,3.2714113473708206,0.15069232565590984,3.2587740071634275,0.012637340207393155,0.01463696570051947,0.03394738222004318,4.1899099180306356e-4,0.37554324136939726,FALSE,FALSE,FALSE,FALSE
279,WYMS,eighth,279,3.057838150711035,-0.15130750326478526,3.070730656428957,-0.01289250571792211,0.01385390283285788,0.03394707045415193,4.120966556055277e-4,-0.382973839343941,FALSE,FALSE,FALSE,FALSE
281,XKES,female,281,3.257673371576113,0.127977805523235,3.2435053648276932,0.014168006748419781,0.01131132545643965,0.033945410912738304,4.042468995018648e-4,0.42032128336362123,FALSE,FALSE,FALSE,FALSE
299,YRUA,female,299,3.1624324494449887,0.02753410019331981,3.175987363012096,-0.013554913567107363,0.01187919682705795,0.03394623327215615,3.890409400581189e-4,-0.40224822594615245,FALSE,FALSE,FALSE,FALSE
183,PTRO,female,183,3.1608228934195837,0.024692612590371477,3.1740773223131322,-0.013254428893548553,0.012257626906620798,0.03394662241503951,3.8412792077185314e-4,-0.3934065471233443,FALSE,FALSE,FALSE,FALSE
297,YNFN,female,297,3.1854638085229583,0.06466872099453513,3.2009491601346003,-0.015485351611641995,0.008766513225716591,0.03394353896195899,3.7235047426695955e-4,-0.4588127672094211,FALSE,FALSE,FALSE,FALSE
142,MEMQ,eighth,142,3.0593172151791017,-0.15017710346738755,3.0714905082815185,-0.012173293102416771,0.013781515680445923,0.03394795089499441,3.6542787543991526e-4,-0.36159624835143395,FALSE,FALSE,FALSE,FALSE
135,LRRL,tenth,135,3.2895206644375325,0.041488439063415816,3.2808252536579414,0.008695410779591128,0.02631899322542935,0.03395144539272361,3.6530102417804374e-4,0.25994661123300644,FALSE,FALSE,FALSE,FALSE
17,CBMA,female,17,3.170882343262922,0.040821994520255034,3.1849194515919095,-0.014037108328987635,0.01037414008086114,0.03394559974761175,3.6324542083259257e-4,-0.4162406968389651,FALSE,FALSE,FALSE,FALSE
49,EMMR,tenth,49,3.3017453026904953,0.05984000035601711,3.2931611262206184,0.008584176469876859,0.026661818100840753,0.03395153911457567,3.6090618344549033e-4,0.2566664850378514,FALSE,FALSE,FALSE,FALSE
195,QMKN,female,195,3.2128979931816644,0.06023238804007858,3.1979670684695254,0.014930924712138971,0.008959267016781519,0.03394435581233342,3.539139566806773e-4,0.442428768946655,FALSE,FALSE,FALSE,FALSE
192,QDVU,female,192,3.21528940133278,0.06375696580275103,3.2003362806267,0.014953120706080014,0.008802160201168549,0.0339443253153795,3.486318502717167e-4,0.4430513576776051,FALSE,FALSE,FALSE,FALSE
168,OHRS,female,168,3.2310020046660415,0.08694193013380835,3.2159211543493216,0.015080850316719907,0.00853330108054331,0.033944142004660116,3.435953455859522e-4,0.4467753149106231,FALSE,FALSE,FALSE,FALSE
264,VJOC,female,264,3.2516720992832835,0.11987960175702894,3.238061772969011,0.013610326314272392,0.010433757688568551,0.03394617312476182,3.4349695131662356e-4,0.40359753778678564,FALSE,FALSE,FALSE,FALSE
148,MTZI,female,148,3.182792584695119,0.0196664524474639,3.170698750320595,0.01209383437452427,0.012975837465288591,0.03394805082854563,3.3903354384098465e-4,0.35908935468453074,FALSE,FALSE,FALSE,FALSE
147,MQFA,female,147,3.2812495044262606,0.16939109531496288,3.2713432723019706,0.009906232124289982,0.01833078568636607,0.03395037156496214,3.2486471646060006e-4,0.29493636307435994,FALSE,FALSE,FALSE,FALSE
238,TABC,ninth,238,3.2016686265304797,-0.01921113559522447,3.2134290689848664,-0.011760442454386677,0.013131353023554759,0.03394843758088909,3.2454349156817305e-4,-0.3492178156407877,FALSE,FALSE,FALSE,FALSE
149,MUVY,tenth,149,3.2765974134288256,0.023879273789943145,3.2689884178004798,0.007608995628345827,0.02677189897292441,0.03395231958654801,2.8479959930100695e-4,0.22752148861555388,FALSE,FALSE,FALSE,FALSE
53,FFVD,female,53,3.223564814354332,0.07786084195524157,3.2098168701025966,0.013747944251735422,0.008480468748978825,0.03394600809862781,2.837446252291908e-4,0.4072766686904863,FALSE,FALSE,FALSE,FALSE
253,UPBJ,female,253,3.1952386551020466,0.07657516422607302,3.208952640821457,-0.013713985719410182,0.008489445409640766,0.033946053288861903,2.826485946167567e-4,-0.40627250152064753,FALSE,FALSE,FALSE,FALSE
27,CWPJ,ninth,27,3.281756722907402,0.07141585960488883,3.274348303359636,0.007408419547766165,0.02765312468276841,0.03395246607595498,2.7937511021827694e-4,0.22162429323205765,FALSE,FALSE,FALSE,FALSE
308,ZFXN,ninth,308,3.2222899899679884,-0.022330820485013447,3.2113320247812402,0.010957965186748186,0.012992566629662078,0.03394932755300411,2.7870755817263306e-4,0.32536595694370946,FALSE,FALSE,FALSE,FALSE
33,DNHH,tenth,33,3.2676088445477744,0.01104983618658495,3.2603645026576493,0.007244341890125128,0.027584035109744567,0.0339525852542668,2.664319605422348e-4,0.2167081796962681,FALSE,FALSE,FALSE,FALSE
112,KECL,female,112,3.2391293308954436,0.10235600663752753,3.2262824571501842,0.01284687374525939,0.00908916534111246,0.03394716651781609,2.658793262785372e-4,0.38069973422350156,FALSE,FALSE,FALSE,FALSE
215,RPNA,eighth,215,3.102589169076821,-0.11934675763256619,3.0922145878962017,0.010374581180619291,0.013023868857560733,0.03394993424906396,2.5043940845188785e-4,0.30804889446203604,FALSE,FALSE,FALSE,FALSE
65,GMLX,eighth,65,3.125553667636828,-0.057011365828508076,3.1341162788302266,-0.008562611193398517,0.018662566150636075,0.03395158694897313,2.472759534965538e-4,-0.2549760844172033,FALSE,FALSE,FALSE,FALSE
255,UWVR,female,255,3.173857538216536,0.041488439063415816,3.1853674339092413,-0.011509895692705108,0.01031013756087246,0.03394874035286575,2.426854838771117e-4,-0.34129052631855794,FALSE,FALSE,FALSE,FALSE
171,ONAU,female,171,3.1683822106512145,0.03252096948086858,3.179339523792156,-0.010957313140941505,0.01126324584018421,0.03394933848982592,2.407382842042948e-4,-0.32506195283828393,FALSE,FALSE,FALSE,FALSE
2,ACIU,female,2,3.190867220448888,0.06765864847381464,3.202958981738766,-0.0120917612898781,0.008664019505643767,0.03394808428516667,2.2433220275619453e-4,-0.35824615382601754,FALSE,FALSE,FALSE,FALSE
120,KTNC,female,120,3.195893748476277,0.0752878314015335,3.2080872989894424,-0.012193550513165619,0.008502523362126686,0.03394796543959741,2.237998435965103e-4,-0.36123247040670353,FALSE,FALSE,FALSE,FALSE
231,SNCY,female,231,3.26856082664625,0.15164754960913984,3.2594161062615905,0.009144720384659522,0.014804736890369057,0.03395109749730868,2.2198914204380341e-4,0.2717763610092657,FALSE,FALSE,FALSE,FALSE
122,KWNJ,female,122,3.183497320966384,0.05551354326324476,3.1947950730800354,-0.01129775211365125,0.009217637148013174,0.03394898250440601,2.085844675364858e-4,-0.33481531425576616,FALSE,FALSE,FALSE,FALSE
285,XQBJ,tenth,285,3.2411851117880355,-0.00850831550168607,3.247217563117127,-0.006032451329091693,0.02960422861963977,0.03395337780214001,1.991032823738829e-4,-0.18064326949975246,FALSE,FALSE,FALSE,FALSE
186,PWML,eighth,186,3.026940200678184,-0.2057607885277175,3.034127297351632,-0.007187096673447968,0.021078011524704336,0.033952643130202874,1.9773122239733133e-4,-0.21428010515234822,FALSE,FALSE,FALSE,FALSE
34,DOCI,ninth,34,3.1893646214938123,-0.06824910053410682,3.180465874378479,0.00889874711533345,0.013730016923175183,0.03395131852242537,1.945234571334298e-4,0.264322031447795,FALSE,FALSE,FALSE,FALSE
105,JUYN,female,105,3.1401572401567956,-0.01497264380205987,3.1474144384188767,-0.007257198262081044,0.01962201778919391,0.033952597195910386,1.8712393885193977e-4,-0.2162094238283949,FALSE,FALSE,FALSE,FALSE
235,SVLP,ninth,235,3.200284064177069,-0.0521708723289096,3.191273618254359,0.009010445922709831,0.012879419320777257,0.033951224320206225,1.867597339052862e-4,0.26752451616695394,FALSE,FALSE,FALSE,FALSE
257,VDBS,female,257,3.237403129482084,0.10335851298715304,3.2269563393542686,0.010446790127815575,0.009145638267395667,0.03394988176240838,1.7692732721372908e-4,0.3095853230820072,FALSE,FALSE,FALSE,FALSE
42,ECHF,ninth,42,3.2085224127887093,-0.013986241974739855,3.216941229112726,-0.008418816324016642,0.013417627013992007,0.0339517251810908,1.70037960949392e-4,-0.2500269163780037,FALSE,FALSE,FALSE,FALSE
132,LMMX,female,132,3.1771992986730653,0.043751034026134894,3.18688834445609,-0.009689045783024763,0.010101030161370685,0.03395061848076889,1.684149913308322e-4,-0.28726848102556785,FALSE,FALSE,FALSE,FALSE
194,QIIV,eighth,194,3.050859459179304,-0.19119413529755303,3.0439189643954854,0.006940494783818529,0.01842812824761777,0.0339528207968485,1.6034399094523323e-4,0.20664827575863548,FALSE,FALSE,FALSE,FALSE
127,LHWT,tenth,127,3.302757308848903,0.06570971002803394,3.297106730049057,0.0056505787998459844,0.026947010065470924,0.03395360337920208,1.5814602521148095e-4,0.1689768057189678,FALSE,FALSE,FALSE,FALSE
229,SMVB,eighth,229,3.14712200260481,-0.0473536963834702,3.1406081395295384,0.006513863075271686,0.02039464518415776,0.03395309804720229,1.5693720420955763e-4,0.19414019258575285,FALSE,FALSE,FALSE,FALSE
35,DQAS,eighth,35,3.0945363426125714,-0.1279912122489073,3.0864038076132174,0.008132534999353958,0.012999506209760169,0.03395195768957221,1.5359561095572462e-4,0.24147360294482453,FALSE,FALSE,FALSE,FALSE
71,GYFU,female,71,3.204371138665319,0.08477508204871786,3.214464604608721,-0.010093465943401991,0.008502196233502466,0.0339502374886846,1.5334268491351018e-4,-0.2990176677646638,FALSE,FALSE,FALSE,FALSE
66,GRAC,ninth,66,3.14007068442567,-0.13687029389003724,3.134338883718624,0.005731800707045931,0.024536647385824634,0.03395356167136117,1.47438287237892e-4,0.17119379082526595,FALSE,FALSE,FALSE,FALSE
187,PXBQ,eighth,187,3.121108629070701,-0.08731445321562004,3.1137466209955122,0.0073620080751886086,0.014722928089846364,0.033952535209420785,1.4305558727347177e-4,0.2187859894251715,FALSE,FALSE,FALSE,FALSE
100,JPJT,female,100,3.223923066089714,0.08451984978597449,3.2142930381345183,0.00963002795519552,0.008499295690088924,0.033950681199011665,1.3953616672141895e-4,0.28528795796085354,FALSE,FALSE,FALSE,FALSE
160,NMCP,ninth,160,3.222648698620699,0.005125729861981121,3.2297882476982407,-0.007139549077541663,0.01503907181205464,0.03395269198320644,1.3751795372657366e-4,-0.2122089457757733,FALSE,FALSE,FALSE,FALSE
141,MEAE,female,141,3.1570216975195144,0.010087835150393909,3.164260028272954,-0.0072383307534393815,0.014517296191826352,0.03395262394378909,1.3630110639621966e-4,-0.2150880722082337,FALSE,FALSE,FALSE,FALSE
90,IULK,ninth,90,3.2545903986921942,0.03278982282299103,3.2483839802295456,0.0062064184626486885,0.01898380035021249,0.03395329289211577,1.3223539475519392e-4,0.18484400542741855,FALSE,FALSE,FALSE,FALSE
153,NACP,ninth,153,3.1507254555194897,-0.12122645743414373,3.1448546305716762,0.0058708249478134356,0.0210497339001087,0.03395348814879909,1.3175236586614953e-4,0.17503351841216905,FALSE,FALSE,FALSE,FALSE
4,AIZJ,female,4,3.202360189490269,0.08055539673885526,3.2116281429362172,-0.00926795344594833,0.008474897388478234,0.033951013439404563,1.2886337931191513e-4,-0.2745581834747797,FALSE,FALSE,FALSE,FALSE
291,YBYC,ninth,291,3.206600793992588,-0.03980977550533571,3.199582715922904,0.0070180780696840195,0.01265952106807347,0.03395278180990216,1.1131523017438819e-4,0.20834694168300807,FALSE,FALSE,FALSE,FALSE
93,JDGM,female,93,3.255265611651069,0.15486471056091555,3.2615786736247676,-0.00631306197369863,0.015386358125404294,0.03395323453989408,1.100826948384251e-4,-0.1876763439247979,FALSE,FALSE,FALSE,FALSE
30,DFDF,ninth,30,3.1854638085229583,-0.05129329438755059,3.1918635239019393,-0.006399715378980986,0.012851364655819616,0.03395318583769736,9.400268854197972e-5,-0.19000795812997473,FALSE,FALSE,FALSE,FALSE
119,KTFS,ninth,119,3.183393714422502,-0.07242136109409647,3.1776612915015403,0.005732422920961877,0.014055065432330439,0.03395357855411018,8.26872992500671e-5,0.17029986351368703,FALSE,FALSE,FALSE,FALSE
21,CHCF,female,21,3.245868229931802,0.1400034591013657,3.2515889784046226,-0.00572074847282078,0.012913295689852848,0.03395358692822441,7.548610308985377e-5,-0.16985471554017875,FALSE,FALSE,FALSE,FALSE
240,TKBC,ninth,240,3.2251560628253513,0.00581638532143991,3.2302525045315833,-0.005096441706232024,0.015114553273464615,0.03395391334209975,7.043569520195906e-5,-0.15148743324578598,FALSE,FALSE,FALSE,FALSE
131,LLJC,tenth,131,3.2892970091639273,0.05918567853721313,3.292721292767592,-0.0034242836036648683,0.026635297248499216,0.03395460274235835,5.736944146779707e-5,-0.10238452877085198,FALSE,FALSE,FALSE,FALSE
243,TSNP,tenth,243,3.259076826612348,0.014067257211435535,3.262392805352827,-0.00331597874047862,0.02735646879685541,0.033954638430281986,5.5336401637345595e-5,-0.09918301185899892,FALSE,FALSE,FALSE,FALSE
283,XNIH,female,283,3.148131420342443,-0.0078081824478117845,3.152230371016495,-0.004098950674052304,0.018004337043626452,0.033954359103109726,5.4593154209562855e-5,-0.12201699170485074,FALSE,FALSE,FALSE,FALSE
155,NBFT,ninth,155,3.2335673736111907,0.004434597067865864,3.2293236700017625,0.004243703609428273,0.014964717324219324,0.03395430264637897,4.833812945309676e-5,0.12613091808064608,FALSE,FALSE,FALSE,FALSE
36,DQAV,eighth,36,3.106043016593857,-0.09232851826724997,3.110376179292396,-0.004333162698539006,0.01428970493610083,0.03395426578973443,4.805841861038513e-5,-0.1287457067877801,FALSE,FALSE,FALSE,FALSE
206,RCMK,eighth,206,3.0907469551575684,-0.12814907790556163,3.0862976907225907,0.004449264434977618,0.013000777022310755,0.03395421727141761,4.597766718700405e-5,0.13210894331386222,FALSE,FALSE,FALSE,FALSE
199,QSRM,ninth,199,3.2160718975354663,-0.021620946102963723,3.2118092005251917,0.0042626970102745965,0.013022034870407284,0.03395429650051613,4.227344844992546e-5,0.12657068835558805,FALSE,FALSE,FALSE,FALSE
270,WHQS,female,270,3.187983533925667,0.03841910990394459,3.1833042386987387,0.004679295226928115,0.010614009216626915,0.03395411746403411,4.1318414508211405e-5,0.13877140149873302,FALSE,FALSE,FALSE,FALSE
311,ZSUF,eighth,311,3.059012190481468,-0.17435338714477777,3.0552392722298127,0.003772918251655266,0.016017619207338036,0.033954486282803814,4.0983865668527194e-5,0.11219826481817163,FALSE,FALSE,FALSE,FALSE
157,NFQJ,female,157,3.2477547844185777,0.12761112459264612,3.2432588828440196,0.004495901574558037,0.011268089421234785,0.03395419865814922,4.054726643265958e-5,0.13337668700747943,FALSE,FALSE,FALSE,FALSE
102,JUCL,ninth,102,3.188973163513887,-0.049686399001247716,3.1929436748706186,-0.003970511356731432,0.012804924255057457,0.03395441396298083,3.604945854055749e-5,-0.11788196279489055,FALSE,FALSE,FALSE,FALSE
6,AQZC,eighth,6,3.1322280181425284,-0.0646866802607402,3.128956952100208,0.003271066042320303,0.017450277770756632,0.03395465840475321,3.365942579192463e-5,0.09734517944784546,FALSE,FALSE,FALSE,FALSE
175,OWAU,ninth,175,3.1975091751263096,-0.04851936750482522,3.1937281504575705,0.003781024668739086,0.01277519328629469,0.03395448558435621,3.2612882811720474e-5,0.11225453291194701,FALSE,FALSE,FALSE,FALSE
170,OLFY,female,170,3.1902705678578664,0.054593398604173116,3.1941765541936826,-0.0039059863358161806,0.009274424168355323,0.03395444138809011,2.5088601461062485e-5,-0.11575944568431965,FALSE,FALSE,FALSE,FALSE
139,LYTH,female,139,3.187756605809331,0.03962127394373627,3.1841123302914838,0.003644275517847184,0.010492220351887249,0.03395453657438126,2.4767729251802817e-5,0.10806971422622394,FALSE,FALSE,FALSE,FALSE
158,NFZB,female,158,3.227756276674138,0.10997485320857181,3.231403826328341,-0.0036475496542029973,0.009580588265852848,0.033954536008867005,2.261471516560268e-5,-0.10811701503441053,FALSE,FALSE,FALSE,FALSE
26,CVQJ,female,26,3.151966495584627,-0.011875794480193935,3.1494961326121524,0.0024703629724744935,0.01890721952903911,0.03395488311751784,2.0862380075186948e-5,0.0735712500722704,FALSE,FALSE,FALSE,FALSE
217,RSFE,tenth,217,3.2770126487977453,0.038686382389833573,3.2789417183288445,-0.0019290695310991701,0.026339833497723158,0.03395499853009516,1.7994044513701625e-5,-0.05766955313673105,FALSE,FALSE,FALSE,FALSE
84,IEAL,female,84,3.2309624860033477,0.11407245625984763,3.2341582246188754,-0.003195738615527688,0.009904164947844912,0.0339546860752014,1.7957286274727645e-5,-0.09474036198636139,FALSE,FALSE,FALSE,FALSE
136,LRSS,ninth,136,3.2407938601691315,0.017894489876550512,3.2383713755210835,0.002422484648048062,0.016624983567773376,0.03395489527599756,1.755819058176321e-5,0.0720615923228649,FALSE,FALSE,FALSE,FALSE
294,YGFO,eighth,294,3.1224970743454885,-0.07078018206104719,3.1248609157755314,-0.002363841430042868,0.01659142306431317,0.03395490902090913,1.668349909297644e-5,-0.07031593407661135,FALSE,FALSE,FALSE,FALSE
201,QXSG,female,201,3.2089062938307102,0.0718037321289835,3.2057452963697948,0.003160997460915471,0.008558444055456166,0.03395469746810005,1.5140620759923623e-5,0.09364681126538454,FALSE,FALSE,FALSE,FALSE
92,IVMB,ninth,92,3.183953062278935,-0.059956442320304504,3.1860401780194745,-0.002087115740539325,0.013211588421845753,0.03395497002284813,1.0285723112356547e-5,-0.0619779088849947,FALSE,FALSE,FALSE,FALSE
163,NSFR,ninth,163,3.1939066740446562,-0.04517171864672109,3.19597843145763,-0.002071757412973607,0.012708570296463547,0.03395497324436835,9.739094326734357e-6,-0.06150616146721952,FALSE,FALSE,FALSE,FALSE
54,FHEO,female,54,3.240656885929858,0.12037227327826439,3.2383929455054683,0.002263940424389599,0.010482519926108705,0.033954933192533024,9.549564179506494e-6,0.06713603135853072,FALSE,FALSE,FALSE,FALSE
12,BLLA,ninth,12,3.178949262662078,-0.07331768622132984,3.1770587840435653,0.0018904786185127698,0.014130504862767207,0.033955008002703374,9.042680129736915e-6,0.05616483165414633,FALSE,FALSE,FALSE,FALSE
295,YMRF,eighth,295,3.0859156976119704,-0.1314700266365212,3.0840653574797066,0.0018503401322638169,0.013041775024662245,0.03395501551619454,7.977689103601082e-6,0.05494201576182612,FALSE,FALSE,FALSE,FALSE
3,AGNG,female,3,3.1781788225360965,0.02807442169775265,3.1763505657453828,0.0018282567907137448,0.011809492794838224,0.03395501968031597,7.034918792283821e-6,0.054252438395122796,FALSE,FALSE,FALSE,FALSE
55,FJIV,ninth,55,3.190579225713087,-0.055395263221567737,3.189106190943413,0.0014730347696740864,0.012998828207850982,0.03395507665972275,5.038829597229807e-6,0.0437377633116437,FALSE,FALSE,FALSE,FALSE
13,BYLH,female,13,3.235850929074162,0.11419636432022551,3.234241515300139,0.0016094137740232384,0.00991459548184542,0.03395505655709795,4.5593183608184e-6,0.0477126777396386,FALSE,FALSE,FALSE,FALSE
108,JZJE,female,108,3.218035471870508,0.08770558041910559,3.2164344781178924,0.001600993752615576,0.008547026304052584,0.03395505804278645,3.878688329367231e-6,0.0474303122165473,FALSE,FALSE,FALSE,FALSE
85,IEJY,eighth,85,3.132402484928857,-0.06113690578924302,3.131343101420609,0.0010593835082479686,0.01799286999949402,0.033955127454955415,3.644285420567269e-6,0.031535396325559135,FALSE,FALSE,FALSE,FALSE
114,KEMO,tenth,114,3.23226577798696,-0.02988663375019951,3.232847112270292,-5.813342833320689e-4,0.032892984865863104,0.033955165635509,2.068430329059183e-6,-0.017437775210936042,FALSE,TRUE,FALSE,TRUE
145,MLES,female,145,3.2293408747159646,0.10810674132585141,3.230148086298889,-8.072115829245163e-4,0.00944682880992074,0.033955150796594336,1.0917923276805781e-6,-0.023924942068284244,FALSE,FALSE,FALSE,FALSE
154,NAPZ,ninth,154,3.152030645438708,-0.1109315607072816,3.1517748338199794,2.558116187287851e-4,0.019084776816941398,0.03395517924105863,2.258912850100115e-7,0.00761915720946379,FALSE,FALSE,FALSE,FALSE
87,IJNE,ninth,87,3.149439998148207,-0.11404004937754908,3.149685315686478,-2.4531753827128355e-4,0.019650503145457507,0.03395517949734628,2.141429681867702e-7,-0.007308706784259598,FALSE,FALSE,FALSE,FALSE
101,JRYP,eighth,101,3.0895413272320487,-0.12358106177135442,3.0893682994842853,1.7302774776339902e-4,0.012988878565829738,0.03395518099174183,6.946945335277456e-8,0.005137562730704515,FALSE,FALSE,FALSE,FALSE
258,VDVI,tenth,258,3.2914755172825445,0.05722014032989153,3.291400063011933,7.545427061161902e-5,0.026561988441100137,0.03395518216995236,2.7774512184503002e-8,0.002255963563142056,FALSE,FALSE,FALSE,FALSE
19,CCQV,female,19,3.2587117333654,0.1505728584793744,3.2586937016329243,1.803173247560963e-5,0.014616141553120325,0.03395518243552416,8.517881056417108e-10,5.358424791689704e-4,FALSE,FALSE,FALSE,FALSE
