row_id,ID,group,log_foreleg,logP_c,.fitted,.resid,.hat,.sigma,.cooksd,.std.resid,high_cooks,high_leverage,large_residual,flagged
98,JOZD,eighth,3.1453369215333304,0.007747686790825936,3.2269604679825927,-0.08162354644926229,0.08179546743789555,0.03354121506747505,0.07055737851274069,-2.517220782274899,TRUE,TRUE,FALSE,TRUE
95,JHFO,female,3.2441536320524693,-0.03232233951774788,3.1415401355583814,0.10261349649408791,0.04685735558837352,0.03335478726377729,0.05928326143042062,3.1059974881494727,TRUE,FALSE,TRUE,TRUE
177,PAQJ,ninth,3.120071547809599,-0.13004541222858368,3.193629296891921,-0.07355774908232204,0.06237378840106832,0.033613965930857775,0.04190449845726301,-2.2448592970819377,TRUE,TRUE,FALSE,TRUE
296,YNBA,ninth,3.241145993513929,0.0557762863020661,3.30582930924756,-0.06468331573363129,0.06603834765886687,0.03367707132478315,0.03457672044393662,-1.977895380294788,TRUE,TRUE,FALSE,TRUE
246,TYRB,eighth,3.206641287199858,0.03922071315328135,3.2502772308219385,-0.043635943622080564,0.11855209351985291,0.033790166037091444,0.03171508005616586,-1.3734776951006589,TRUE,TRUE,FALSE,TRUE
88,ILNB,tenth,3.4024466010625876,0.10360898261902007,3.3554349577322657,0.04701164333032182,0.08637476016321136,0.03377756426809246,0.024964489150091883,1.4534394787433227,TRUE,TRUE,FALSE,TRUE
221,SBJVC,ninth,3.2844575516774692,-0.10274049412361563,3.2101161343978317,0.0743414172796375,0.03707440716299438,0.033615494932143636,0.024121903207196663,2.238772872921906,TRUE,FALSE,FALSE,TRUE
202,QYFB,female,3.0800734219877417,-0.010330958838365323,3.157169390860578,-0.0770959688728361,0.033303783208772884,0.033595471262005294,0.02312267184950589,-2.3171930939391134,TRUE,FALSE,FALSE,TRUE
25,CVLU,eighth,2.998777631739951,-0.20252426411147417,3.0711806851777137,-0.07240305343776265,0.036893305532174965,0.03362999499925064,0.02276007406015465,-2.1801945291143356,TRUE,FALSE,FALSE,TRUE
23,CTFK,tenth,3.3662090327396776,-0.010892441166423739,3.317454169934863,0.04875486280481445,0.07413271695223377,0.03377034114372702,0.02243930803941742,1.4973355439820866,TRUE,TRUE,FALSE,TRUE
74,HDZC,tenth,3.349272308797236,-0.025887770952127687,3.31248013188613,0.03679217691110592,0.10438190013436476,0.033821729720517384,0.019228773599109503,1.1488666383475041,TRUE,TRUE,FALSE,TRUE
278,WWFJ,eighth,3.1058638893906734,-0.06113690578924302,3.175927380475302,-0.07006349108462873,0.028637469245900306,0.033649033804230656,0.01626359796467715,-2.100761086326641,TRUE,FALSE,FALSE,TRUE
197,QQJU,ninth,3.177136743285462,-0.010611660594594508,3.265743955809451,-0.08860721252398918,0.017396922776268996,0.03350518638510275,0.015442424487756382,-2.641530191111004,TRUE,FALSE,FALSE,TRUE
50,EWKB,ninth,3.1512177763942057,-0.11840823105030185,3.200655881420598,-0.04943810502639234,0.05050293939280326,0.0337700116604565,0.014945628395703715,-1.499306997149933,TRUE,FALSE,FALSE,TRUE
116,KORY,eighth,3.0107194033622395,-0.21484474849951463,3.062053065569944,-0.0513336622077043,0.04508867313156929,0.03376097862362455,0.014223517257220698,-1.5523737499861259,TRUE,FALSE,FALSE,TRUE
31,DFME,eighth,3.1383813484958845,-0.19473157687063614,3.0769538904037788,0.0614274580921057,0.032328491756390104,0.03370540397164132,0.01422052944237347,1.8453303797740357,TRUE,FALSE,FALSE,TRUE
150,MVOV,eighth,3.0212781805217297,-0.15163070947315793,3.108885128655336,-0.08760694813360637,0.01574026786146055,0.03351463607722113,0.013612281702984438,-2.6095117519553805,TRUE,FALSE,FALSE,TRUE
125,LEZS,eighth,3.233271705151933,-0.10566920527287205,3.1429356670699096,0.0903360380820235,0.01421069825114744,0.03349104598012986,0.013026580786815555,2.6887136595146677,TRUE,FALSE,FALSE,TRUE
174,OVOZ,female,3.172119590859754,-0.04851936750482522,3.1300289217224906,0.04209066913726334,0.05872006195121244,0.0338036972533446,0.012816861811047063,1.2820412327732364,TRUE,TRUE,FALSE,TRUE
237,SYKW,tenth,3.349184530209888,-0.017089644098738033,3.3153985217016086,0.03378600850827951,0.08573960189134654,0.03383451135354673,0.012781345119585412,1.044185113172775,TRUE,TRUE,FALSE,TRUE
256,UYSP,tenth,3.321035222410119,0.09909090264423104,3.3539362843437526,-0.032901061933633624,0.07774075093590646,0.033838148142776386,0.010799997769932426,-1.012415930863521,FALSE,TRUE,FALSE,TRUE
107,JZEI,ninth,3.1598474284059583,-0.13353139262452274,3.1915244455931293,-0.031677017187170975,0.0662444733425422,0.033842964902220836,0.008322101018971882,-0.968731121020857,FALSE,TRUE,FALSE,TRUE
260,VFCQ,eighth,3.083972062403399,-0.23133674627968404,3.0498349840750563,0.034137078328342785,0.05793470171792817,0.03383507224305365,0.008304062347528198,1.0393490171804753,FALSE,TRUE,FALSE,TRUE
285,XQBJ,tenth,3.288177981854794,-0.00850831550168607,3.318244998275342,-0.030067016420547876,0.07000302451245288,0.033847948252162696,0.007987218094737845,-0.9213510413190595,FALSE,TRUE,FALSE,TRUE
114,KEMO,tenth,3.2907126484868834,-0.02988663375019951,3.31115368585303,-0.020441037366146553,0.11369447225923145,0.03387226647544086,0.006601451549038263,-0.6416331112631913,FALSE,TRUE,FALSE,TRUE
66,GRAC,ninth,3.215610499491232,-0.13687029389003724,3.189508401362519,0.026102098128713003,0.07008787921891915,0.03385957929058088,0.006027969964187505,0.7998895592941625,FALSE,TRUE,FALSE,TRUE
109,KAIL,ninth,3.198693525505703,-0.14904798003102915,3.1821554574044857,0.016538068101217274,0.08523358133806262,0.033880638800055825,0.0030410320988052777,0.5109815668849943,FALSE,TRUE,FALSE,TRUE
27,CWPJ,ninth,3.32825027390609,0.07141585960488883,3.3152725568967267,0.012977717009363232,0.08515538917680125,0.03388621586276237,0.0018705753676333103,0.40095921314372274,FALSE,TRUE,FALSE,TRUE
153,NACP,ninth,3.2120324623861927,-0.12122645743414373,3.198954223123487,0.013078239262705793,0.05322938847367227,0.03388638290264916,0.0011087193776577271,0.39719379785154113,FALSE,TRUE,FALSE,TRUE
263,VHBT,tenth,3.3526371910467785,0.11914013906619814,3.3605867325990477,-0.007949541552269235,0.12116240239909075,0.03389166081401246,0.001082171092379476,-0.2505897679485845,FALSE,TRUE,FALSE,TRUE
5,AKPI,tenth,3.3100867049215847,-0.0011117288526905078,3.320698489058715,-0.010611784137130265,0.05837760500592801,0.03388934668086139,8.093393785143892e-4,-0.32316593982479636,FALSE,TRUE,FALSE,TRUE
86,IEPT,tenth,3.373415000649704,0.1439800866228811,3.3688262875832446,0.004588713066459249,0.19324980519156168,0.033893883749053416,6.824704511775699e-4,0.15097218022386028,FALSE,TRUE,FALSE,TRUE
287,XRPL,eighth,3.225771991556042,-0.00501254182354427,3.2175070642663224,0.008264927289719726,0.06912126855427464,0.033891589305935346,5.947914276039983e-4,0.25314423867561625,FALSE,TRUE,FALSE,TRUE
193,QDXY,ninth,3.3130945001071823,0.0557762863020661,3.30582930924756,0.007265190859622184,0.06603834765886687,0.03389240779500874,4.3620767839042086e-4,0.2221560115653485,FALSE,TRUE,FALSE,TRUE
230,SMXT,eighth,3.0474942081125804,-0.2259251942760867,3.053844127435073,-0.006349919322492514,0.053482795937007305,0.033893083074047814,2.6275720601121294e-4,-0.19287658844021405,FALSE,TRUE,FALSE,TRUE
222,SCBI,tenth,3.359281038560864,0.10760798819830586,3.3567614511267245,0.002519587434139492,0.09457551264256997,0.033894810036049786,7.994554019732172e-5,0.07824901514035243,FALSE,TRUE,FALSE,TRUE
129,LJJN,tenth,3.347902084603932,0.08935815818032045,3.3507078764344955,-0.002805791830563731,0.06141667856801304,0.03389474325738818,5.9911845176269793e-05,-0.08558439686496812,FALSE,TRUE,FALSE,TRUE
