row_id,ID,group,log_ear_linear,logP_c,relative_foretibia_size,.fitted,.resid,.hat,.sigma,.cooksd,.std.resid,high_cooks,high_leverage,large_residual,flagged
98,JOZD,Eighth instar,0.5702768282281405,0.007747686790825936,-0.07132646603996359,0.48320319882487983,0.08707362940326069,0.1340029294917799,0.03645054492064228,0.08342087510164198,2.54348428560469,TRUE,TRUE,FALSE,TRUE
263,VHBT,Tenth instar,0.5955957349806014,0.11914013906619814,0.020163576774408144,0.6659668229247306,-0.07037108794412927,0.1346285621838848,0.03658894094143606,0.05482020113298652,-2.0563337805803346,TRUE,TRUE,FALSE,TRUE
246,TYRB,Eighth instar,0.5748111047879273,0.03922071315328135,-0.04950197843549661,0.514284039572559,0.060527065215368325,0.14369852024005955,0.03665466633263137,0.04420975829643858,1.7780210266854106,TRUE,TRUE,FALSE,TRUE
296,YNBA,Ninth instar,0.5917829972741367,0.0557762863020661,-0.07375099140499412,0.5334861160178472,0.05829688125628951,0.11993860515940619,0.03667360493491865,0.032407363201717686,1.6892326210121082,TRUE,TRUE,FALSE,TRUE
61,FYEF,Female,0.7300627546235458,0.12883287184296832,0.09420198944437609,0.6621690572767795,0.0678936973467662,0.08896092234206862,0.036619121383727644,0.03042315049506739,1.933577484530351,TRUE,TRUE,FALSE,TRUE
260,VFCQ,Eighth instar,0.49346778572174343,-0.23133674627968404,0.03407697037034419,0.4192558054337449,0.07421198028799852,0.06985132255046685,0.0365798976560818,0.027380282762142452,2.0916954766009606,TRUE,FALSE,FALSE,TRUE
67,GRRD,Female,0.5220780514360255,0.15913822133829725,0.032662056933143835,0.628346475275565,-0.1062684238395395,0.03629693086496826,0.03631479795687052,0.02717764983055562,-2.9426136234329596,TRUE,FALSE,FALSE,TRUE
88,ILNB,Tenth instar,0.7232829897307295,0.10360898261902007,0.03814171404802547,0.6782229154938999,0.04506007423682956,0.13455944566632994,0.036742417893510196,0.022461745941875184,1.3166607971441266,TRUE,TRUE,FALSE,TRUE
193,QDXY,Ninth instar,0.5288951470739273,0.0557762863020661,-0.0021116945278372547,0.5978111659658522,-0.06891601889192489,0.06608253697733793,0.03661794655726092,0.022157975517744292,-1.9385033523776634,TRUE,FALSE,FALSE,TRUE
309,ZIER,Tenth instar,0.5268074613686871,0.0786314559158019,-0.06118193356349668,0.5641630841311744,-0.037355622762487384,0.17100635081716248,0.0367724709078574,0.021381678480859104,-1.1152725224331157,TRUE,TRUE,FALSE,TRUE
31,DFME,Eighth instar,0.5205798569600122,-0.19473157687063614,0.06412129619019204,0.4583637394455207,0.062216117514491465,0.07452103979153003,0.03665902117855778,0.020738226750630254,1.7580056009267226,TRUE,FALSE,FALSE,TRUE
232,SNDZ,Ninth instar,0.6600772793076728,0.03922071315328135,-0.008558909246724478,0.5822079526682393,0.07786932663943347,0.049709374054269284,0.036558941610770716,0.02055314294352458,2.1713949314067915,TRUE,FALSE,FALSE,TRUE
105,JUYN,Female,0.4097797714571917,-0.01497264380205987,-0.03991361333982775,0.4805264179141967,-0.07074664645700501,0.04906997398340746,0.03660984936076063,0.01672439526023328,-1.9721148393416679,TRUE,FALSE,FALSE,TRUE
56,FKWM,Eighth instar,0.5508038988239541,-0.14422326819529618,0.05880062986525311,0.4826310545619524,0.06817284426200171,0.049847285237099616,0.03662678093254727,0.015801470745935662,1.9011453868593033,TRUE,FALSE,FALSE,TRUE
256,UYSP,Tenth instar,0.6218611119216094,0.09909090264423104,-0.04742891425899045,0.587069343524393,0.03479176839721643,0.1522473916532596,0.03678404671437688,0.015790089768508507,1.027170550414923,TRUE,TRUE,FALSE,TRUE
93,JDGM,Female,0.49206813938461114,0.15486471056091555,-0.025271508396483483,0.5796345038405452,-0.08756636445593402,0.030763213981429,0.03648910515832821,0.015462031986021288,-2.4178146122006847,TRUE,FALSE,FALSE,TRUE
5,AKPI,Tenth instar,0.530455210742049,-0.0011117288526905078,-0.0037674793892675273,0.5906925266598518,-0.06023731591780279,0.05884772680253153,0.03667389013526673,0.01484434792023353,-1.6878594806477019,TRUE,FALSE,FALSE,TRUE
180,PIKP,Tenth instar,0.532269154167179,0.061539236108976825,-0.008976604409703147,0.6114702855000924,-0.0792011313329134,0.03456230292762296,0.03655362719285552,0.014323097158296808,-2.191138763687543,TRUE,FALSE,FALSE,TRUE
25,CVLU,Eighth instar,0.4252890942543869,-0.20252426411147417,-0.06131114462256556,0.37447190098121796,0.050817193273168915,0.07546866803078699,0.036722132152403886,0.014039924315172482,1.4366483576563533,TRUE,FALSE,FALSE,TRUE
43,ECJN,Tenth instar,0.5991533913496546,0.008298802814695083,-0.040455788283071344,0.5563581258571034,0.04279526549255119,0.10039002089424959,0.036756490234433066,0.01398921890810508,1.226504697717594,TRUE,TRUE,FALSE,TRUE
244,TSPY,Female,0.5623024344711817,-0.016524672332297596,-0.023171026541424156,0.49317053552777235,0.06913189894340932,0.0412554393508058,0.036622525376105074,0.01320846541832392,1.919232781630754,TRUE,FALSE,FALSE,TRUE
304,YZUH,Eighth instar,0.3387628998284943,-0.13464312147721302,-0.03374613318158955,0.42912435840996954,-0.09036145858147526,0.024918250005061805,0.036467968914582385,0.013177163901668475,-2.4875014444304075,TRUE,FALSE,FALSE,TRUE
147,MQFA,Female,0.6891310947113132,0.16939109531496288,0.007973862066202705,0.6137980402831362,0.07533305442817695,0.033265523478095776,0.03658220572459829,0.012438588520775763,2.082728194005881,FALSE,FALSE,FALSE,FALSE
259,VECM,Ninth instar,0.44229682256545017,-0.017654935238720748,-0.026022055190818124,0.5328115211695509,-0.09051469860410072,0.022034088134229638,0.036467802272300946,0.011622668933055795,-2.4880429559214674,FALSE,FALSE,FALSE,FALSE
49,EMMR,Tenth instar,0.6317101314846779,0.05984000035601711,0.04723585454950269,0.6693975981824826,-0.03768746669780465,0.10481412923241502,0.03677685113080967,0.011439506373696432,-1.0827818302200243,FALSE,TRUE,FALSE,TRUE
240,TKBC,Ninth instar,0.47029651219855995,0.00581638532143991,-0.0376815083357997,0.5362564243053162,-0.06595991210675622,0.03860461221474324,0.036643429163785164,0.011189618049469467,-1.8286461426897687,FALSE,FALSE,FALSE,FALSE
143,MJSX,Eighth instar,0.49477059680687385,-0.08913484206783706,-0.05726915860559833,0.4390998181943904,0.05567077861248343,0.051396503536150065,0.03670061425692174,0.010900306858761052,1.5537658001151835,FALSE,FALSE,FALSE,FALSE
97,JOYH,Tenth instar,0.6290884291697241,0.029289078706530747,-0.028653810982145072,0.5774512349560115,0.0516371942137126,0.05663823935143229,0.03672062068094639,0.010449571475462063,1.4451872628822773,FALSE,FALSE,FALSE,FALSE
303,YYNS,Female,0.6223653983990518,0.007472014838700858,0.050499346558423704,0.5646615402141579,0.057703858184893875,0.04553576395398599,0.03669055696564891,0.010248563849240654,1.6055566917829387,FALSE,FALSE,FALSE,FALSE
91,IVIQ,Female,0.5976425879641852,-0.00892863074430128,0.024014940566096318,0.5349622945143367,0.06268029344984849,0.03729976639670531,0.036663635070313616,0.009736570207289493,1.7365452545594118,FALSE,FALSE,FALSE,FALSE
109,KAIL,Ninth instar,0.4501822906619479,-0.14904798003102915,0.011421227580169816,0.4885412866003465,-0.03835899593839859,0.08652623054865126,0.036775757144003725,0.00939528771499294,-1.0909875973255336,FALSE,TRUE,FALSE,TRUE
125,LEZS,Eighth instar,0.47117413309672224,-0.10566920527287205,0.07462480857350953,0.5137784970180904,-0.04260436392136818,0.07135824978114434,0.03676017195781617,0.009248599031288588,-1.2017955909354152,FALSE,FALSE,FALSE,FALSE
102,JUCL,Ninth instar,0.5765502369760898,-0.049686399001247716,-0.03566149602307538,0.5051677971354105,0.07138243984067927,0.025969902184854374,0.03661130848646989,0.008588717857051602,1.9661009935331413,FALSE,FALSE,FALSE,FALSE
39,DYFV,Tenth instar,0.7013298576030773,0.054461880224289994,0.05087016027261282,0.6709386597062048,0.0303911978968725,0.1141442446219553,0.03680149662955557,0.008272630625284676,0.8777421136399379,FALSE,TRUE,FALSE,TRUE
250,ULBD,Ninth instar,0.66750053336617,0.018030906219439924,0.04995133884200306,0.622182955877088,0.04531757748908194,0.056654825472963716,0.03675008664059248,0.008050984930887002,1.2683292056835012,FALSE,FALSE,FALSE,FALSE
186,PWML,Eighth instar,0.34707334044651433,-0.2057607885277175,-0.01811290502832179,0.4001234087840862,-0.053050068337571865,0.04229684331581296,0.03671553161982781,0.007991678684665245,-1.4735711539379173,FALSE,FALSE,FALSE,FALSE
208,RIJE,Female,0.44977570393492855,0.06583975749554294,-0.07205160518633835,0.4962874167228088,-0.046511712787880244,0.051940875396264255,0.036745331709673396,0.007698091793614466,-1.2985098385468206,FALSE,FALSE,FALSE,FALSE
131,LLJC,Tenth instar,0.6918329548830993,0.05918567853721313,0.022705205769856383,0.6435346092814554,0.04829834560164381,0.04763543383152756,0.03673773143039193,0.007544112870416092,1.3453375486767845,FALSE,FALSE,FALSE,FALSE
252,UNBX,Eighth instar,0.4407461131657298,-0.1120184329515308,0.04982978559893298,0.4945630440288644,-0.053816930863134604,0.03890969772093721,0.036712130826637934,0.007512549044209272,-1.4922357909482014,FALSE,FALSE,FALSE,FALSE
135,LRRL,Tenth instar,0.5770234977781051,0.041488439063415816,0.018479474836980963,0.6317224176252745,-0.05469891984716935,0.03766900952586634,0.036707791812925404,0.007493983940311808,-1.515713565406818,FALSE,FALSE,FALSE,FALSE
274,WNVZ,Ninth instar,0.5320104219492452,-0.02574524975185799,-0.06837689488481476,0.4899850471927312,0.04202537475651397,0.06000470230050943,0.03676360558469183,0.007385452568357073,1.1782823642340445,FALSE,FALSE,FALSE,FALSE
238,TABC,Ninth instar,0.45954340958807816,-0.01921113559522447,-0.04019641071860289,0.5191618171905841,-0.05961840760250592,0.03095710138949623,0.03668241085736171,0.007215310533093639,-1.6463019530448264,FALSE,FALSE,FALSE,FALSE
133,LNMX,Female,0.462129450761666,0.09303486596718957,-0.03249623356981597,0.5420330410942956,-0.07990359033262961,0.017704306191646563,0.03655352360554891,0.007213516340099779,-2.191521809804057,FALSE,FALSE,FALSE,FALSE
151,MXAY,Female,0.6428915897617509,0.047201601484293976,0.05074303611701681,0.5852912464472033,0.05760034331454755,0.03300794603782602,0.036693170596308444,0.0072117860469471115,1.5922609432674284,FALSE,FALSE,FALSE,FALSE
272,WJST,Female,0.6219331839938064,0.1218488331626284,-0.03565582244104077,0.5543160943056813,0.06761708968812508,0.024281098100964627,0.036636131240186186,0.007180452866467201,1.860778752097475,FALSE,FALSE,FALSE,FALSE
209,RIWP,Ninth instar,0.6444785641154667,-0.03663516966456304,0.01240618463223216,0.5560647025223523,0.08841386159311437,0.014211069260874577,0.036488262112267314,0.007039139962624459,2.4206333580577883,FALSE,FALSE,FALSE,FALSE
76,HIHW,Eighth instar,0.4020087446956846,-0.08066790306745486,-0.026226624191830306,0.4634403942479685,-0.06143164955228392,0.027441068953098734,0.03667275801479751,0.006741763705958151,-1.693303620770837,FALSE,FALSE,FALSE,FALSE
267,VNVH,Female,0.5999070845885385,0.09062751605576147,-0.041937422824306854,0.5332146847288357,0.06669239985970277,0.023332617626263537,0.03664212266051374,0.006699506102269142,1.8344404853623444,FALSE,FALSE,FALSE,FALSE
243,TSNP,Tenth instar,0.5320104219492452,0.014067257211435535,-0.03387668530607217,0.5656345256441705,-0.0336241036949253,0.07815241575784874,0.036793172071272376,0.006402441161607936,-0.9519667472627307,FALSE,TRUE,FALSE,TRUE
194,QIIV,Eighth instar,0.36425716219861837,-0.19119413529755303,0.0015909768708173868,0.42060460398171196,-0.05634744178309359,0.0304405203649795,0.03670027083055016,0.0063309890970495,-1.5555629768708492,FALSE,FALSE,FALSE,FALSE
155,NBFT,Ninth instar,0.5693970391504708,0.004434597067865864,0.049019343842861385,0.6132861383273889,-0.04388909917691808,0.04762130117210961,0.036757090543745596,0.006227521639636534,-1.2225100935502673,FALSE,FALSE,FALSE,FALSE
177,PAQJ,Ninth instar,0.4024560719453829,-0.13004541222858368,-0.06626983125807165,0.43004719075759085,-0.027591118812207938,0.10589358370732943,0.036810154900005575,0.0062094029853671994,-0.793186527058956,FALSE,TRUE,FALSE,TRUE
237,SYKW,Tenth instar,0.6478428061245678,-0.017089644098738033,0.03332106211270339,0.6226967941645445,0.025146011960023307,0.12251406062400085,0.036816077815345974,0.006195321346976749,0.7297089245260134,FALSE,TRUE,FALSE,TRUE
37,DSPJ,Eighth instar,0.5203150030648813,-0.15163070947315793,0.04367383724902268,0.4689739598963408,0.051341043168540546,0.03531401034979964,0.03672489108284395,0.006159202386925028,1.4209288304252394,FALSE,FALSE,FALSE,FALSE
270,WHQS,Female,0.6279504485931476,0.03841910990394459,0.006271199249202964,0.5450683967684445,0.0828820518247031,0.014066519096853362,0.0365321885402921,0.006121141209005675,2.2690147004183547,FALSE,FALSE,FALSE,FALSE
164,NUDB,Female,0.5165922416728271,0.14518200984449803,-0.022407510897878066,0.5769538769402001,-0.060361635267372926,0.02551657303953739,0.03667918348324135,0.006028585513926865,-1.6621659874699464,FALSE,FALSE,FALSE,FALSE
116,KORY,Eighth instar,0.43218282950461784,-0.21484474849951463,-0.024937256799865713,0.39081922622901877,0.04136360327559907,0.0514702576128783,0.03676700934565,0.006027138393035294,1.154498865707612,FALSE,FALSE,FALSE,FALSE
144,MKMF,Ninth instar,0.5096041329404206,-0.043719707356326465,0.03402539657390054,0.5712768722141484,-0.06167273927372774,0.02427610509307874,0.03667194764175209,0.005972162343970842,-1.6971897153213171,FALSE,FALSE,FALSE,FALSE
114,KEMO,Tenth instar,0.5264586647029901,-0.02988663375019951,-0.03321995174695907,0.5479303349459661,-0.021471670242976026,0.15024609070336598,0.036824137629056244,0.005907020744107834,-0.6331693245734257,FALSE,TRUE,FALSE,TRUE
230,SMXT,Eighth instar,0.34557258894463605,-0.2259251942760867,-0.028613126799885102,0.38242100647975275,-0.036848417535116695,0.06188439217795896,0.0367831621889938,0.005879306347933501,-1.0341684492645782,FALSE,FALSE,FALSE,FALSE
86,IEPT,Tenth instar,0.6604110354111142,0.1439800866228811,-0.011862040202490482,0.6429516276700032,0.017459407741110988,0.1979102503324538,0.0368314917852797,0.00577432695118557,0.5299301723789673,FALSE,TRUE,FALSE,TRUE
241,TKSH,Ninth instar,0.4961627090750763,-0.0015289460202752014,-0.005050173044525484,0.5612017986940533,-0.06503908961897698,0.021197359157706954,0.03665269387134761,0.005763156338243928,-1.7870121714633582,FALSE,FALSE,FALSE,FALSE
167,ODLJ,Eighth instar,0.5384388982610517,-0.11793929786468649,0.050688350856168525,0.49186737928736124,0.046571518973690496,0.039353274588611584,0.03674642502092069,0.005695269357488789,1.2916331206191045,FALSE,FALSE,FALSE,FALSE
138,LUXM,Female,0.5358774172491134,0.10810674132585141,0.03257319311765914,0.602028192458224,-0.06615077520911061,0.019626437907126437,0.03664624372819421,0.005502349577413651,-1.816100029906011,FALSE,FALSE,FALSE,FALSE
228,SGBK,Ninth instar,0.6356521482431107,-0.036923354104597905,0.04747015508467042,0.5873778653618311,0.04827428288127955,0.03500934223279886,0.03673929457486429,0.005394974491861705,1.335841402554512,FALSE,FALSE,FALSE,FALSE
215,RPNA,Eighth instar,0.37476375699802644,-0.11934675763256619,-0.01015267485167859,0.4524741184434996,-0.07771036144547316,0.013980487933677977,0.03657062381769763,0.005347233743042439,-2.1273394678275777,FALSE,FALSE,FALSE,FALSE
104,JUJH,Ninth instar,0.6374019925432637,-0.03390155167568132,0.0518707087847821,0.5931204737171938,0.0442815188260699,0.03946308331956944,0.03675623614483278,0.0051644955757105815,1.2281915387785647,FALSE,FALSE,FALSE,FALSE
295,YMRF,Eighth instar,0.44558901552953994,-0.1314700266365212,0.05505955489466252,0.48723645223105244,-0.0416474367015125,0.04412564786517662,0.03676652025975704,0.005158055739848843,-1.1579465029903713,FALSE,FALSE,FALSE,FALSE
95,JHFO,Female,0.5993042209133926,-0.03232233951774788,0.0889864401304447,0.5750948823909128,0.024209338522479862,0.11222157712979836,0.03681881329391439,0.005138697392339741,0.6984434576789778,FALSE,TRUE,FALSE,TRUE
189,PZFT,Ninth instar,0.6346695538785945,-0.03361423663276253,0.04120097995953753,0.5837104277110703,0.05095912616752418,0.0296396300861706,0.03672744338682668,0.005033506352941843,1.406229063859951,FALSE,FALSE,FALSE,FALSE
173,OTIL,Female,0.5721910114561493,0.07038079676179954,0.06830345940786403,0.6113119614201525,-0.03912094996400328,0.047268895862874,0.0367759568864643,0.004907649681321198,-1.0894940008900056,FALSE,FALSE,FALSE,FALSE
48,EMIY,Female,0.6212119953500944,0.16950833548157784,-0.034346415507545996,0.5798800291177943,0.041331966232300066,0.04254208086950854,0.036767895663973524,0.004881704304671774,1.148224584479524,FALSE,FALSE,FALSE,FALSE
225,SDVC,Ninth instar,0.5453740568056539,-0.0058504136781756255,0.03410395898568548,0.5937965690989416,-0.048422512293287756,0.030659465873664766,0.036739115399342936,0.004711145026942113,-1.3369333420349188,FALSE,FALSE,FALSE,FALSE
15,CAPF,Tenth instar,0.6038828012823162,0.00912490777700059,0.03202553687047207,0.6323129085531111,-0.02843010727079487,0.07921971390708518,0.036808960462814344,0.004650484932483039,-0.8053805093437755,FALSE,TRUE,FALSE,TRUE
217,RSFE,Tenth instar,0.6357222597204744,0.038686382389833573,-0.01762347899222567,0.5928891750117498,0.0428330847087246,0.03692229170701981,0.036762420646500635,0.004497225786791353,1.1864496427029283,FALSE,FALSE,FALSE,FALSE
89,INPV,Female,0.655178897514975,0.1437395285269416,0.004777647933347465,0.5980385210112371,0.05714037650373793,0.02099550433643696,0.03669753118343805,0.0044041604710137764,1.5698254938931333,FALSE,FALSE,FALSE,FALSE
12,BLLA,Ninth instar,0.5800104583983766,-0.07331768622132984,-0.0012372027730586834,0.5220686544983781,0.05794180389999848,0.019791544770011774,0.036693443672999385,0.004258403679275816,1.5908653138364834,FALSE,FALSE,FALSE,FALSE
251,UMXA,Female,0.6093075405314031,0.14722196975274415,-0.03726311123860078,0.5660757491538293,0.043231791377573825,0.03365424206526024,0.03676110282763205,0.004147641282499527,1.1954669730477028,FALSE,FALSE,FALSE,FALSE
258,VDVI,Tenth instar,0.6459231547880877,0.05722014032989153,-0.01365563293486389,0.6047823325860818,0.04114082220200588,0.03576292229375125,0.03676920534780684,0.0040089558942319635,1.1388897289539786,FALSE,FALSE,FALSE,FALSE
200,QUAR,Eighth instar,0.45714436460174107,-0.09553242672156381,-0.06891994696890182,0.4282020794822814,0.028942285119459676,0.0648622144027673,0.036808147893720874,0.0038258346439991714,0.8135713339184296,FALSE,FALSE,FALSE,FALSE
139,LYTH,Female,0.5463809374949671,0.03962127394373627,0.05496523476391281,0.5847824087811654,-0.03840147128619831,0.03838044059709324,0.03677925826059963,0.0037689389907439048,-1.0645028852315002,FALSE,FALSE,FALSE,FALSE
157,NFQJ,Female,0.515255937982089,0.12761112459264612,-0.016739840688626443,0.5724671597725226,-0.057211221790433586,0.01766534205635617,0.03669767011181204,0.003689653330493512,-1.5691053830215425,FALSE,FALSE,FALSE,FALSE
17,CBMA,Female,0.6162072389786195,0.040821994520255034,0.0193263181354046,0.5567860259752655,0.05942121300335401,0.016234446493355037,0.03668598886240583,0.003647180767979201,1.6285321262462313,FALSE,FALSE,FALSE,FALSE
134,LQLO,Female,0.5519657250728549,0.09959392076348927,0.03832499547223935,0.6022678429161795,-0.05030211784332461,0.02176053792124193,0.036731507520421376,0.003543005375748292,-1.382497339819913,FALSE,FALSE,FALSE,FALSE
257,VDBS,Female,0.6457170400479653,0.10335851298715304,-0.0012602641575958893,0.5724216727698915,0.07329536727807373,0.010139849198523652,0.03660238788901405,0.003423393841616877,2.002581630047897,FALSE,FALSE,FALSE,FALSE
176,OZHE,Female,0.5278523938284166,-0.017654935238720748,-0.022285251263315507,0.4933003848859046,0.034552008942512036,0.041590559943582864,0.036792301436295034,0.003328581606757599,0.959397064244475,FALSE,FALSE,FALSE,FALSE
90,IULK,Ninth instar,0.6421308177773696,0.03278982282299103,0.028077542940883462,0.6112916149073371,0.0308392028700325,0.05105323511118905,0.03680332679108259,0.003320212316686326,0.860563342084898,FALSE,FALSE,FALSE,FALSE
6,AQZC,Eighth instar,0.4509944735816477,-0.0646866802607402,0.006680367204621534,0.49307738935877765,-0.04208291577712997,0.027371137244747566,0.03676623780096439,0.00315522389412208,-1.159932907156937,FALSE,FALSE,FALSE,FALSE
197,QQJU,Ninth instar,0.5678737476651847,-0.010611660594594508,-0.035477708557965386,0.5284965709990558,0.039377176666128944,0.029869788242368092,0.03677632295473528,0.0030302693491364194,1.0867513351959728,FALSE,FALSE,FALSE,FALSE
165,NVHP,Eighth instar,0.45794532592640774,-0.08247622182423853,0.029401656164520795,0.49776440840218594,-0.0398190824757782,0.02864158774470098,0.03677478169974025,0.0029637432344571325,-1.09825229366572,FALSE,FALSE,FALSE,FALSE
75,HEDP,Eighth instar,0.4318667405677395,-0.08247622182423853,0.0011300738022191426,0.4798171312645217,-0.0479503906967822,0.019783648502796566,0.03674243852568722,0.0029151895727064403,-1.316533158389894,FALSE,FALSE,FALSE,FALSE
287,XRPL,Eighth instar,0.5599422119718247,-0.00501254182354427,0.024218571020792917,0.5368726798299289,0.023069532141895777,0.07514032196507832,0.036822648818745564,0.0028788493224133228,0.6520809116920884,FALSE,FALSE,FALSE,FALSE
152,MYTW,Female,0.6545716509657378,0.1169184644915553,0.04334559877935488,0.6152093128920755,0.039362338073662295,0.028116580832081354,0.03677650810092676,0.0028399842721632293,1.085361528852371,FALSE,FALSE,FALSE,FALSE
298,YNZS,Female,0.5501387839935854,0.08362602351182002,0.03961099429750877,0.5950876101583317,-0.04494882616474627,0.021465164075538088,0.03675517948013645,0.0027889346599950637,-1.2351816530258493,FALSE,FALSE,FALSE,FALSE
264,VJOC,Female,0.6064167163790662,0.11987960175702894,-0.02787061229567841,0.5595538903600937,0.046862826018972514,0.019709984889873747,0.0367472176580156,0.00277366548905528,1.2866244743411128,FALSE,FALSE,FALSE,FALSE
80,HOHH,Ninth instar,0.6073821827020675,-0.052024555846096776,0.03435621093189251,0.56665074456765685,0.0407314381344106,0.025401150075328425,0.03677161005700087,0.0027320024224546657,1.1215468505524555,FALSE,FALSE,FALSE,FALSE
44,ECOO,Ninth instar,0.532269154167179,-0.0737661502396092,0.04543844539350606,0.563712948321316,-0.031443794154137006,0.04042229720633446,0.03680205249054931,0.002672702280771788,-0.8725603888517857,FALSE,FALSE,FALSE,FALSE
236,SXDN,Female,0.47049167223226324,0.04812856970269341,-0.04629376509222242,0.5078586316799535,-0.03736695944769025,0.02926162380534974,0.03678356984096918,0.0026698665017591615,-1.030949243706456,FALSE,FALSE,FALSE,FALSE
117,KPNC,Female,0.46351641420302864,0.0015266119126129407,-0.028833685168680505,0.49790835922610344,-0.0343919450230748,0.0340785686584645,0.036793257793074886,0.002660303693332903,-0.9512320179253414,FALSE,FALSE,FALSE,FALSE
206,RCMK,Eighth instar,0.39286318092651923,-0.12814907790556163,-0.015267064494391039,0.4444095999346475,-0.051546419008128286,0.015266867023803388,0.036726441666917506,0.0025759048749620663,-1.4120167464769682,FALSE,FALSE,FALSE,FALSE
59,FRKH,Female,0.5222540148374544,0.1281000026273158,-0.024348884583967893,0.5666094172742302,-0.044355402436775826,0.020388190686219724,0.036757735409134344,0.0025738528311819186,-1.21820433637842,FALSE,FALSE,FALSE,FALSE
7,ASOK,Female,0.5261096245491996,0.05393563366563847,0.030772185518253357,0.5727204558646386,-0.04661083131543897,0.01836335161008638,0.036748445339350747,0.0025494360328029066,-1.2788278624534501,FALSE,FALSE,FALSE,FALSE
140,MAKB,Tenth instar,0.6173722314963448,0.010637663342939696,-0.010022050055971744,0.5890837151637697,0.02828851633257512,0.046927473762814975,0.0368106886461205,0.002545749196181187,0.78767637213279,FALSE,FALSE,FALSE,FALSE
289,XWCJ,Eighth instar,0.5074341476175744,-0.15341021329953453,0.06835948035395016,0.48367083765492686,0.023763309962647583,0.06408928904424206,0.03682138499844486,0.0025441955269255253,0.6677137924587367,FALSE,FALSE,FALSE,FALSE
278,WWFJ,Eighth instar,0.4295426290516879,-0.06113690578924302,-0.060244379254755114,0.4525353476838309,-0.022992718632143028,0.06588214823438777,0.036823078399548154,0.0024579048007801626,-0.6466810159858852,FALSE,FALSE,FALSE,FALSE
254,UQVJ,Ninth instar,0.4886929156169831,-0.07751119244160942,-0.062324487926905224,0.46473233745795295,0.023960578159030133,0.060102402256780846,0.03682104746444001,0.002405167563339771,0.6718272982986311,FALSE,FALSE,FALSE,FALSE
182,PQXQ,Female,0.5229572498338303,0.027263829921404303,0.03259680659227973,0.5604673525196677,-0.03751010268583743,0.025714166255298963,0.03678330868325742,0.0023470166904917713,-1.0330127509074776,FALSE,FALSE,FALSE,FALSE
60,FXZS,Ninth instar,0.5531248578986605,0.023879273789943145,0.003600859644786538,0.5840317286411706,-0.030906870742510084,0.036228959676697196,0.03680382857380611,0.0022942365300733136,-0.8557929861575656,FALSE,FALSE,FALSE,FALSE
293,YFAT,Female,0.6598101139259489,0.1748865783064366,0.027447723954102998,0.6322597921411497,0.027550321784799214,0.04203638726840435,0.036812830881366304,0.002140921333344884,0.7651609404427524,FALSE,FALSE,FALSE,FALSE
58,FRAY,Female,0.48072764191426437,0.029828453045389614,-0.015187790115041393,0.5234208804926233,-0.04269323857835888,0.018044377820135505,0.03676463315563361,0.002100372825097631,-1.1711534252349827,FALSE,FALSE,FALSE,FALSE
273,WKXK,Ninth instar,0.5658623200591559,0.007609860314141459,-0.03737839994345951,0.5375917691207036,0.02827055093845232,0.039353410329839175,0.03681103626801645,0.0020986674545565892,0.7840668141126329,FALSE,FALSE,FALSE,FALSE
19,CCQV,Female,0.5749694579167252,0.1505728584793744,0.015523734117135398,0.6101809662756427,-0.03521150835891751,0.025584411490266464,0.03679108941065835,0.0020571987144169528,-0.9696458453106331,FALSE,FALSE,FALSE,FALSE
222,SCBI,Tenth instar,0.658271136464716,0.10760798819830586,0.0012591251809286016,0.6414217967541478,0.016849339710568234,0.09462802317667633,0.036834499634171285,0.0020181407171998757,0.48135998569389105,FALSE,TRUE,FALSE,TRUE
77,HKWK,Eighth instar,0.38644107428939933,-0.19220355664840527,-0.0019260657282783543,0.4178194344344528,-0.03137836014505346,0.030988691840720808,0.03680269887248545,0.002000903019893217,-0.8664957637827164,FALSE,FALSE,FALSE,FALSE
207,RDRL,Eighth instar,0.45291813698514805,-0.06602110109779402,-0.0018382655374470744,0.48693924247753706,-0.034021105492389014,0.026325387044526447,0.0367948797459714,0.0019790825759528952,-0.9372212380276588,FALSE,FALSE,FALSE,FALSE
221,SBJVC,Ninth instar,0.5709157038940432,-0.10274049412361563,0.04928504400739306,0.5499906425888323,0.02092506130521088,0.06114492380058937,0.036827585105195744,0.001870323664562393,0.5870405249660934,FALSE,FALSE,FALSE,FALSE
175,OWAU,Ninth instar,0.47957931605066545,-0.04851936750482522,-0.01765911000585592,0.5220239946364348,-0.042444678585769335,0.016313974816719132,0.03676575641433417,0.0018703086524677493,-1.1633104290238765,FALSE,FALSE,FALSE,FALSE
202,QYFB,Female,0.46519542812646836,-0.010330958838365323,-0.0826788528280038,0.44857820364760936,0.016617224478858994,0.08973004908960558,0.036834962110421185,0.0018413420291503266,0.4734498754410945,FALSE,TRUE,FALSE,TRUE
291,YBYC,Ninth instar,0.49588459652503025,-0.03980977550533571,3.8750758655320774e-4,0.5433911850685609,-0.047506588543530626,0.012665968336894986,0.0367451517824082,0.001805667887463257,-1.2996380401651606,FALSE,FALSE,FALSE,FALSE
285,XQBJ,Tenth instar,0.5644090653625876,-0.00850831550168607,-0.0391263758194203,0.5507132079602791,0.013695857402308498,0.12070768291561972,0.03683903524600708,0.0018032951215298497,0.39702989553657314,FALSE,TRUE,FALSE,TRUE
310,ZRDE,Ninth instar,0.570596368101614,-0.010892441166423739,0.042522760940365334,0.5983668804783694,-0.02777051237675543,0.03522129492793009,0.03681251265242759,0.0017969570072706945,-0.7685474064801905,FALSE,FALSE,FALSE,FALSE
306,ZAVH,Eighth instar,0.40066435670223666,-0.12483912138059217,-0.0358051262478613,0.43318334703315564,-0.032518990330918984,0.025977088794880553,0.036799546840377936,0.0017829790477493568,-0.8956804391655127,FALSE,FALSE,FALSE,FALSE
113,KEHR,Female,0.6086419091928043,0.1562912443263691,-0.02638044635955974,0.5794778610295429,0.029164048163261347,0.0318911111057586,0.03680892654767192,0.0017821196093571964,0.8057240481230167,FALSE,FALSE,FALSE,FALSE
53,FFVD,Female,0.5104154555740394,0.07786084195524157,0.007761945617147028,0.5665512942918035,-0.056135838717764064,0.008986400978955287,0.03670458075967701,0.0017755258384736924,-1.5328548483177615,FALSE,FALSE,FALSE,FALSE
279,WYMS,Eighth instar,0.47350695225849776,-0.15130750326478526,-0.01251516088771217,0.43348113860376847,0.04002581365472929,0.01727860733470328,0.03677487584866495,0.0017650144008809114,1.09755321725237,FALSE,FALSE,FALSE,FALSE
262,VGLK,Ninth instar,0.6014861519961762,-0.05848281989035531,0.04814457418224928,0.575202840483643,0.02628331151253316,0.03794352160936482,0.036816193172675066,0.0017438802701915885,0.7284175842907619,FALSE,FALSE,FALSE,FALSE
150,MVOV,Eighth instar,0.3712067109314317,-0.15163070947315793,-0.08494354057307071,0.3873254799877386,-0.01611876905630688,0.08978461118773796,0.03683577241944328,0.001733793237972933,-0.45926189045981086,FALSE,TRUE,FALSE,TRUE
130,LKHO,Eighth instar,0.4832066706386829,-0.09293799565926908,0.05281212089577945,0.5068996714022453,-0.023693000763562455,0.045358734850450826,0.03682207903900413,0.0017204444847626899,-0.6591747906934999,FALSE,FALSE,FALSE,FALSE
282,XMEN,Eighth instar,0.4415737566404504,-0.07003508106539513,-0.02410286177970708,0.47060830978527707,-0.02903455314482667,0.03046474742158182,0.036809337032817385,0.0016823667068815767,-0.8015561805288499,FALSE,FALSE,FALSE,FALSE
261,VFPH,Ninth instar,0.550471452003196,0.030771658666753465,-0.011521760860402236,0.5745389503636679,-0.02406749836047184,0.04285622795259122,0.036821302793236116,0.0016685586999493171,-0.6687179565427698,FALSE,FALSE,FALSE,FALSE
269,WDBI,Ninth instar,0.5239225858072282,-0.09920665008344809,-0.011545665386680535,0.49746552722502374,0.02645705858220443,0.03577164903810471,0.03681583616992556,0.0016583732570181933,0.7324065737585383,FALSE,FALSE,FALSE,FALSE
286,XQHC,Ninth instar,0.558553435652137,-0.09065436826813089,0.069923673375811915,0.5756868354417779,-0.017133399789640902,0.07716910274969532,0.036834294757402956,0.0016379713272222849,-0.4848228816755687,FALSE,TRUE,FALSE,TRUE
312,ZVNV,Ninth instar,0.5454580410168197,-0.032896309974027815,0.03402416127018915,0.5776919410995017,-0.03223390008268201,0.0243370843896843,0.03680048641620445,0.0016357414651076254,-0.8870816170629822,FALSE,FALSE,FALSE,FALSE
106,JXVQ,Tenth instar,0.5697171415941824,0.04997993230502096,-0.02134974818906771,0.5937270568699555,-0.02400991527577312,0.042189495322129525,0.03682145269059155,0.0016324744544394222,-0.666885773418441,FALSE,FALSE,FALSE,FALSE
84,IEAL,Female,0.6295854823953492,0.11407245625984763,0.007618968255429984,0.5850611586944039,0.04452432370094528,0.012473405061728117,0.03675777590447929,0.001561356545720909,1.2179334390390009,FALSE,FALSE,FALSE,FALSE
85,IEJY,Eighth instar,0.5265458866831502,-0.06113690578924302,0.013069867304120311,0.4990764674651455,0.027469419218004665,0.030390435373374585,0.03681346957373769,0.0015019728931117725,0.758318506568559,FALSE,FALSE,FALSE,FALSE
83,HZFK,Eighth instar,0.41808234369743513,-0.11872097538435988,0.0022918752110376982,0.46071664114673233,-0.0426342974492972,0.013003304232872784,0.0367652939348191,0.001494034230935498,-1.1665460422655405,FALSE,FALSE,FALSE,FALSE
275,WQOI,Ninth instar,0.6378210455081479,-0.006688988150796549,0.06237054316327587,0.6186800722407881,0.01914097326735975,0.057357378062501484,0.036831101535224064,0.0014562742784862426,0.5359090652883859,FALSE,FALSE,FALSE,FALSE
149,MUVY,Tenth instar,0.5699570840126077,0.023879273789943145,-0.009891216284520547,0.5947601704087642,-0.02480308639615647,0.03561571875615916,0.03681982116640386,0.0014506843280508387,-0.6865644113108295,FALSE,FALSE,FALSE,FALSE
160,NMCP,Ninth instar,0.5645707468514664,0.005125729861981121,0.024506196970029714,0.591685448750765,-0.027114701899298654,0.030120338910190107,0.03681438317521293,0.0014496188196381037,-0.748421975979936,FALSE,FALSE,FALSE,FALSE
30,DFDF,Ninth instar,0.4948635249736687,-0.05129329438755059,-9.262837141192769e-4,0.5354040273169345,-0.04054050234326578,0.013600505981476264,0.03677324610059579,0.0014146455440777717,-1.1095920297280486,FALSE,FALSE,FALSE,FALSE
50,EWKB,Ninth instar,0.43155045168001793,-0.11840823105030185,-0.05501571174983339,0.44705087856624465,-0.015500426886226715,0.08049653876661013,0.036836864928189564,0.0014085679034906249,-0.43940763405110955,FALSE,TRUE,FALSE,TRUE
132,LMMX,Female,0.5151667239574075,0.043751034026134894,0.014584389076958292,0.5544852907880387,-0.039318566830631174,0.014234700102518063,0.03677768383291118,0.0013944939289744246,-1.076493815795951,FALSE,FALSE,FALSE,FALSE
145,MLES,Female,0.5211091442359729,0.10810674132585141,-0.019385072897393472,0.5603116861339895,-0.03920254189801664,0.013970169978202086,0.03677812160560062,0.0013597843496606626,-1.073173213028917,FALSE,FALSE,FALSE,FALSE
51,EXFC,Eighth instar,0.4107701976641722,-0.19001776342842502,-0.04564927170167394,0.3912595671914873,0.01951063047268492,0.051184444131297954,0.03683053453051492,0.0013327141405298094,0.5444788675771176,FALSE,FALSE,FALSE,FALSE
47,EJSA,Ninth instar,0.5692369110466201,-0.04779066383634856,-0.00871410090375037,0.5304877140716676,0.03874919697495249,0.013894712526335815,0.036779750990933315,0.0013211386700693283,1.0607222678722354,FALSE,FALSE,FALSE,FALSE
27,CWPJ,Ninth instar,0.6216448333514432,0.07141585960488883,-0.002057704733526533,0.607130880951327,0.014513952400116215,0.08519734779986804,0.03683826853195895,0.0013205736712397231,0.4124987245413072,FALSE,TRUE,FALSE,TRUE
294,YGFO,Eighth instar,0.44497337826727656,-0.07078018206104719,-0.022626425222815102,0.47113775677013486,-0.0261643785028583,0.029438909852922454,0.0368167689565034,0.0013173974465047506,-0.7219375114074712,FALSE,FALSE,FALSE,FALSE
305,ZAQJ,Eighth instar,0.42795179092953,-0.16743294430020406,-0.042740592577814,0.4054675071247634,0.02248428380476658,0.038865276880293224,0.036824887256769426,0.001309698555116576,0.6234297858667535,FALSE,FALSE,FALSE,FALSE
118,KSLC,Female,0.6230849265128621,0.13831161579751217,-0.0013106440300374906,0.5903585941937612,0.032726332319100826,0.01880891282310832,0.036799281626189666,0.0012884607011724586,0.898092690981969,FALSE,FALSE,FALSE,FALSE
111,KDQD,Female,0.6271665818324427,0.1524826227265612,1.6412589184476516e-4,0.5988312148622208,0.028335366970221876,0.024425372728745762,0.03681144238121265,0.0012688137888072907,0.7798287033524337,FALSE,FALSE,FALSE,FALSE
62,FZRV,Female,0.5707560614916652,0.0800427076735366,-0.03130537002189808,0.5363069324807128,0.03444912901095243,0.016564233320688296,0.036794064329796906,0.0012515719841528436,0.9442910414294982,FALSE,FALSE,FALSE,FALSE
63,GDWH,Tenth instar,0.6255236058559325,0.024286025880155604,-0.0035968250913623093,0.6014963630718348,0.024027242784097624,0.03254998669410806,0.036821685187813744,0.00123629359488436,0.6640339627500703,FALSE,FALSE,FALSE,FALSE
100,JPJT,Female,0.5516340501021518,0.08451984978597449,0.028999270550987468,0.5870273377472638,-0.03539328764511196,0.015477147493907295,0.03679109060856069,0.001231689191101088,-0.969635769599954,FALSE,FALSE,FALSE,FALSE
18,CBRE,Eighth instar,0.47428214621222536,-0.10845170822749917,-0.02965533964969307,0.44605673959867664,0.02822540661354872,0.022853787670117514,0.03681179048519744,0.0011741930259591058,0.7761775081408937,FALSE,FALSE,FALSE,FALSE
218,RTXD,Eighth instar,0.5551057122557309,-0.03160533941533106,0.05276067811220173,0.5404365224537077,0.014669189802023253,0.07540520644687085,0.03683815718842766,0.0011687744310782601,0.41469712948279275,FALSE,FALSE,FALSE,FALSE
181,PMTK,Eighth instar,0.43898280877624346,-0.16628417909633053,-0.03002166328222441,0.41417045725334445,0.024812351522899012,0.028983465752379207,0.03681999696206002,0.0011653407050973806,0.6844712891089966,FALSE,FALSE,FALSE,FALSE
24,CVHB,Female,0.4968110374052393,0.03761686357130656,-0.010210209643807693,0.531423104710826,-0.03461206730558669,0.014807392624939932,0.0367936444252978,0.0011254115881187538,-0.9479110599238642,FALSE,FALSE,FALSE,FALSE
13,BYLH,Female,0.6182441980013078,0.11419636432022551,0.0030132769203898902,0.5814270481708612,0.036817149830446594,0.012094870333647636,0.036786572920413145,0.0010344060829067662,1.0069158281817616,FALSE,FALSE,FALSE,FALSE
169,OHZZ,Eighth instar,0.5251485058609445,-0.06010392406970544,0.019142273024502363,0.5034967200185622,0.021651785842382365,0.03291818886522121,0.036826753177468294,0.0010160543702692848,0.5984980481157578,FALSE,FALSE,FALSE,FALSE
178,PBXK,Eighth instar,0.45301917770490185,-0.05921935965997127,-0.030266684652529106,0.4726152336965691,-0.01959605599166725,0.03901101541434058,0.03683060720193,9.988672615925734e-4,-0.54338805838075,FALSE,FALSE,FALSE,FALSE
34,DOCI,Ninth instar,0.5620587895382358,-0.06824910053410682,0.00782535848750015,0.5332106335885775,0.028848155949658394,0.018446926998665972,0.03681031674175052,9.811887711236368e-4,0.7915198062600063,FALSE,FALSE,FALSE,FALSE
159,NLMH,Female,0.5986251292825546,0.09417317001724945,-0.011195216726690129,0.5597207675178435,0.038904361764711126,0.010115875360464379,0.03677946280781084,9.621689579891243e-4,1.0629350755962763,FALSE,FALSE,FALSE,FALSE
266,VNSP,Eighth instar,0.48982052368745843,-0.1190338175580361,0.07111183352875039,0.504233481516691,-0.014412957829232576,0.06482940803769784,0.03683863677604695,9.482363629887101e-4,-0.405142980227492,FALSE,FALSE,FALSE,FALSE
1,ACGN,Female,0.6363528210035138,0.14578243015674164,0.021284723982860975,0.6123425249960055,0.02401029600750826,0.025350499251110957,0.036821922509288826,9.473372535342261e-4,0.6611102719279788,FALSE,FALSE,FALSE,FALSE
216,RQME,Ninth instar,0.5669897162527006,-0.06676321615968228,0.013593651789660315,0.5392708358381383,0.027718880414562275,0.01916177505326366,0.03681323744671568,9.423502323393442e-4,0.7608124601217675,FALSE,FALSE,FALSE,FALSE
9,AZJJ,Female,0.4975509561492224,0.05301403528561699,-0.02337154909803309,0.5287752656915642,-0.031224309542341788,0.015204652967201988,0.0368038798573883,9.412179993671779e-4,-0.8553039403496949,FALSE,FALSE,FALSE,FALSE
21,CHCF,Female,0.5348491392517337,0.1400034591013657,-0.04764842729890843,0.5540248514258153,-0.01917571217408154,0.03814361798735295,0.036831390243490934,9.335217205885299e-4,-0.5314923403250893,FALSE,FALSE,FALSE,FALSE
158,NFZB,Female,0.6033595149969806,0.10997485320857181,-0.010451575908129786,0.5684450786649318,0.034914436332048826,0.012099278194148256,0.03679283147094039,9.305997408295113e-4,0.9548804610540462,FALSE,FALSE,FALSE,FALSE
226,SEVZ,Female,0.6305072723465664,0.15284029784214792,0.059127304561232844,0.6463558221039833,-0.015848549757416897,0.05344121524257002,0.03683668119670047,9.225293671587023e-4,-0.44280891471379236,FALSE,FALSE,FALSE,FALSE
231,SNCY,Female,0.5812628072058813,0.15164754960913984,0.008667712573930215,0.6052291143056321,-0.023966307099750783,0.024679662950985143,0.03682203886523892,9.176285226552941e-4,-0.6596720795525719,FALSE,FALSE,FALSE,FALSE
26,CVQJ,Female,0.517392312960972,-0.011875794480193935,-0.019794081842328535,0.4982728829145055,0.01911943004646649,0.037394039112799635,0.036831505034332614,9.083959059644058e-4,0.5297260024651425,FALSE,FALSE,FALSE,FALSE
166,OCGB,Female,0.5226057559704973,0.016256040575005404,0.021744158023528876,0.5460923072385393,-0.023486551268042,0.024746819356518287,0.03682309360382099,8.837779017321212e-4,-0.646489068386943,FALSE,FALSE,FALSE,FALSE
123,KYRB,Ninth instar,0.5022423713050357,-0.048373584284215676,-0.004089305224469373,0.5342947672907795,-0.03205239598574383,0.013372629541674983,0.03680155799627437,8.69063468180017e-4,-0.8771715613089498,FALSE,FALSE,FALSE,FALSE
110,KAOK,Female,0.5809500139520141,0.14145133580218006,-0.03983310754666043,0.5610443375014849,0.01990567645052921,0.03303419005483663,0.03683014660030297,8.620159617302037e-4,0.5502651450586855,FALSE,FALSE,FALSE,FALSE
301,YSQQ,Eighth instar,0.4216449194948324,-0.22002342397796615,0.0029492080788974763,0.40568755408784823,0.01595736540698417,0.04898044236764961,0.03683657285487092,8.491534665932128e-4,0.4448023663582835,FALSE,FALSE,FALSE,FALSE
3,AGNG,Female,0.5168590743750597,0.02807442169775265,0.011709479733559009,0.5441141438478648,-0.027255069472805094,0.017816974647770163,0.036814461288830806,8.448190546825446e-4,-0.7475697239299418,FALSE,FALSE,FALSE,FALSE
74,HDZC,Tenth instar,0.6194768866105907,-0.025887770952127687,0.025155718449148722,0.6104981585459835,0.0089787280646072,0.12534145561057627,0.036844516177960536,8.133309236377146e-4,0.260973355766195,FALSE,TRUE,FALSE,TRUE
219,RWGW,Eighth instar,0.47640775327826373,-0.1649729184593416,0.03664170422144526,0.45720718568410285,0.01920056759416089,0.03308575006898379,0.0368314360936974,8.033655381785623e-4,0.5307875284325861,FALSE,FALSE,FALSE,FALSE
163,NSFR,Ninth instar,0.4956991021804803,-0.04517171864672109,-0.01859906436087825,0.5231645152830495,-0.027465413102569225,0.01632959530103318,0.036813983322282695,7.839141120558902e-4,-0.7527693988819821,FALSE,FALSE,FALSE,FALSE
4,AIZJ,Female,0.6000576869993156,0.08055539673885526,-3.586308289391949e-5,0.5616764374030674,0.038381249596248224,0.008475377482394743,0.036781425101220476,7.82006321402176e-4,1.0477748783905856,FALSE,FALSE,FALSE,FALSE
245,TWQN,Eighth instar,0.45714436460174107,-0.17600819473736262,0.011520094644724126,0.4352195717263266,0.02192479287541449,0.02468248127271603,0.03682638639374882,7.680469425474225e-4,0.6034803170297911,FALSE,FALSE,FALSE,FALSE
187,PXBQ,Eighth instar,0.46499818946513355,-0.08731445321562004,0.018707282757894246,0.48832730660654544,-0.023329117141411893,0.02185145247963761,0.03682351042701483,7.653979402982438e-4,-0.6412044382413846,FALSE,FALSE,FALSE,FALSE
14,BZCS,Ninth instar,0.4893509959977761,-0.04706249079026503,-0.029640279313103257,0.5121297274456681,-0.022778731447891998,0.02177312849252878,0.03682468658105255,7.269770948272891e-4,-0.6260519366080877,FALSE,FALSE,FALSE,FALSE
23,CTFK,Tenth instar,0.6445474488713792,-0.010892441166423739,0.04435991081102184,0.6368047722571586,0.007742676614220567,0.139309053456266,0.03684553477284729,6.942040025864862e-4,0.22686532746100369,FALSE,TRUE,FALSE,TRUE
148,MTZI,Female,0.5088818504023944,0.0196664524474639,0.0024448256413134497,0.5323512364294439,-0.02346938602704951,0.019606073100198355,0.03682326505206272,6.918514409181706e-4,-0.6443206424605009,FALSE,FALSE,FALSE,FALSE
92,IVMB,Ninth instar,0.5486390328274865,-0.059956442320304504,-0.009093664922833833,0.5229349528454034,0.025704079982083128,0.01615307933494768,0.03681829865487204,6.789290517772005e-4,0.7044317492538202,FALSE,FALSE,FALSE,FALSE
233,SQCA,Tenth instar,0.5790691339910684,0.052750565385528914,-0.02297352370200299,0.5931923766112245,-0.014123242620156073,0.045324607622035586,0.03683923389157082,6.108174507947944e-4,-0.3929227534589296,FALSE,FALSE,FALSE,FALSE
210,RJGO,Female,0.5309741521482592,0.061539236108976825,0.011450718624578726,0.5611182902544165,-0.030144138106157348,0.010597988098169357,0.036807122488159386,6.057641827401873e-4,-0.8237911070987823,FALSE,FALSE,FALSE,FALSE
201,QXSG,Female,0.5214616914037605,0.0718037321289835,-0.003309376340367587,0.5545469541350706,-0.03308526273131007,0.008771463139140663,0.036798702917090066,6.017465722858802e-4,-0.9033339082427255,FALSE,FALSE,FALSE,FALSE
224,SDBA,Ninth instar,0.5001320828251669,-0.03894297394860735,-0.02277949859730795,0.5231033351184269,-0.022971252293260025,0.017800508822140033,0.03682437781462283,5.995457802061892e-4,-0.6300651263739708,FALSE,FALSE,FALSE,FALSE
142,MEMQ,Eighth instar,0.4060203552501779,-0.15017710346738755,-0.023754015635110724,0.42696523146842,-0.020944876218242148,0.02122684510616256,0.03682840752676271,5.985451947604786e-4,-0.5754894898611475,FALSE,FALSE,FALSE,FALSE
108,JZJE,Female,0.5503883057487432,0.08770558041910559,-0.04250781937569848,0.5312538877121044,0.019134418036638845,0.02356818339383669,0.036831721784448775,5.573047959311704e-4,0.5263745945506162,FALSE,FALSE,FALSE,FALSE
211,RJVU,Female,0.5471347696169864,0.06492906986348834,-0.0346895996989589,0.5258164136825506,0.021318355934435762,0.019102437296371424,0.036827723214075604,5.556085114077734e-4,0.5851167145071173,FALSE,FALSE,FALSE,FALSE
203,QZHA,Eighth instar,0.5070715660208298,-0.07766128625052171,0.009150077614571987,0.48754374753654944,0.019527818484280368,0.02231632833672034,0.036831039540114734,5.482182357261986e-4,0.5368527370683692,FALSE,FALSE,FALSE,FALSE
136,LRSS,Ninth instar,0.5987006294714485,0.017894489876550512,0.005996901096579608,0.5826353208920731,0.01606530857937538,0.03219303087719408,0.0368366213922858,5.462387677573627e-4,0.44391040257134823,FALSE,FALSE,FALSE,FALSE
33,DNHH,Tenth instar,0.639911058304687,0.01104983618658495,0.028546978693601812,0.6294895821992507,0.010421476105436311,0.07015617453258967,0.03684340196582707,5.426556775584519e-4,0.29378177770351277,FALSE,FALSE,FALSE,FALSE
65,GMLX,Eighth instar,0.5124828742499055,-0.057011365828508076,0.005066269648749138,0.4962537010405009,0.016229173209404535,0.03102984078757991,0.03683638877625734,5.360083226816274e-4,0.4481690044198701,FALSE,FALSE,FALSE,FALSE
22,CPWC,Female,0.4992117807063387,-0.012860115729604882,8.532390906159234e-4,0.5143440404686132,-0.015132259762274447,0.03471891388247114,0.036837954190519495,5.253952150647993e-4,-0.41867546625625135,FALSE,FALSE,FALSE,FALSE
199,QSRM,Ninth instar,0.5659429327155177,-0.021620946102963723,-0.011717491805075711,0.5433045374556594,0.022638395259858224,0.01577773910720618,0.03682512590738724,5.140077653977902e-4,0.6202969841322401,FALSE,FALSE,FALSE,FALSE
87,IJNE,Ninth instar,0.5367327031230769,-0.11404004937754908,0.0290122971483514,0.5250892602824403,0.011643442840636564,0.054805426669145264,0.03684219734233038,5.121108240809898e-4,0.32555279542297644,FALSE,FALSE,FALSE,FALSE
190,PZMO,Eighth instar,0.39263523471787554,-0.18382268292022186,-0.02473715927634321,0.4079257129613387,-0.01529047824346319,0.033023226183679644,0.0368377477980738,5.084515225547606e-4,-0.422681919413572,FALSE,FALSE,FALSE,FALSE
72,HDAF,Tenth instar,0.5941503174658201,0.04494680909720494,-0.0024897679252312743,0.6112951751193119,-0.01714485765349172,0.02657709816434628,0.03683502456273959,5.076825178596155e-4,-0.4723715433926254,FALSE,FALSE,FALSE,FALSE
42,ECHF,Ninth instar,0.5823560451863168,-0.013986241974739855,0.002399005600302243,0.5605056658058502,0.021850379380466634,0.01638679440762481,0.036826724395915604,4.979471687665001e-4,0.5988905076411049,FALSE,FALSE,FALSE,FALSE
128,LIHW,Female,0.5120341620237931,0.07606042994627393,-0.03255946149852385,0.5332518431774775,-0.021217681153684387,0.017273631395903884,0.03682795943928575,4.958316750874571e-4,-0.5818114144185266,FALSE,FALSE,FALSE,FALSE
55,FJIV,Ninth instar,0.5026999534729655,-0.055395263221567737,-0.009630803872348557,0.525156550510981,-0.022456597038015502,0.015224095578467852,0.03682551593227004,4.8748871522918486e-4,-0.6151426827315709,FALSE,FALSE,FALSE,FALSE
45,EDIK,Eighth instar,0.47185566372507365,-0.13543797089510412,-0.0033597896402055593,0.44797907271332044,0.023876591011753212,0.013414287869332792,0.03682254015708648,4.837963857370594e-4,0.6534397240022576,FALSE,FALSE,FALSE,FALSE
313,ZWYP,Female,0.5632758286786756,0.11109404750558682,0.012734631808333693,0.5876365676548418,-0.024360738976166196,0.012743694088657265,0.036821487210719414,4.777893024968621e-4,-0.6664631221187993,FALSE,FALSE,FALSE,FALSE
308,ZFXN,Ninth instar,0.581497273798689,-0.022330820485013447,0.04694609298194232,0.5955578548260917,-0.014060581027402708,0.036114755174671664,0.036839407102353824,4.732172266137208e-4,-0.3893061141916446,FALSE,FALSE,FALSE,FALSE
28,CWRT,Eighth instar,0.41992077985537435,-0.18365577980709125,-0.028455181219700268,0.40565680185752834,0.014263977997846011,0.03497459192244563,0.03683914797702687,4.705182582080835e-4,0.39470434695507284,FALSE,FALSE,FALSE,FALSE
52,FDUO,Female,0.6229411037015729,0.13394797250973878,0.05761735511202416,0.6354266485602872,-0.012485544858714337,0.04470989221180652,0.0368413036880532,4.7029250837433864e-4,-0.3472485829810043,FALSE,FALSE,FALSE,FALSE
68,GVKA,Eighth instar,0.3881693857233549,-0.2038857347097951,-0.018072603683923612,0.40117527528927277,-0.01300588956591786,0.041091788342539695,0.03684070575717509,4.6548007034623697e-4,-0.3610373778374335,FALSE,FALSE,FALSE,FALSE
283,XNIH,Female,0.5286346625668636,-0.0078081824478117845,-0.003074387237710458,0.5137889610236807,0.014845701543182988,0.03201498017504045,0.0368383856811512,4.637003409499621e-4,0.41017296322021213,FALSE,FALSE,FALSE,FALSE
8,ATEZ,Female,0.5337327798356365,0.04095531896548965,0.016735247584417766,0.5547742671373862,-0.021041487301749706,0.015431419619775052,0.0368283404728087,4.339970775217076e-4,-0.5764399492307772,FALSE,FALSE,FALSE,FALSE
70,GXQD,Ninth instar,0.5374158800013531,-0.03865420698154165,0.016449979278850137,0.55849873478244,-0.021082854781086957,0.015339881633765411,0.03682826227566272,4.330401327771424e-4,-0.5775463804553386,FALSE,FALSE,FALSE,FALSE
82,HTCT,Ninth instar,0.5018760038220749,-0.04502642260578238,-0.05574497979307203,0.4898972652633589,0.011978738558715951,0.04368471014524086,0.036841898123068206,4.22055371990394e-4,0.33297464129508997,FALSE,FALSE,FALSE,FALSE
195,QMKN,Female,0.5832912075536884,0.06023238804007858,0.008245385520674284,0.557872627788373,0.025418579765315363,0.010229086326737868,0.03681914811978114,4.1542251644657104e-4,0.6945196868523658,FALSE,FALSE,FALSE,FALSE
121,KVWU,Female,0.597793873895748,0.11617680809167541,-0.005975656304440634,0.5752285678900636,0.022565306005684405,0.012737795355342548,0.036825349933664125,4.0976201767956537e-4,0.6173416733836241,FALSE,FALSE,FALSE,FALSE
284,XOAF,Ninth instar,0.47573240344090456,-0.029743541527017747,-0.09010066176809318,0.4681090263972465,0.007623377043658064,0.09359359770538714,0.03684578516088392,4.0767587597889763e-4,0.21766396742030633,FALSE,TRUE,FALSE,TRUE
101,JRYP,Eighth instar,0.48425180166054466,-0.12358106177135442,0.009522671943033958,0.4626467775669614,0.02160502409358328,0.013753960427849817,0.03682727229488149,4.064309160829828e-4,0.5913747016656474,FALSE,FALSE,FALSE,FALSE
191,PZWX,Eighth instar,0.5208445706342444,-0.04648033388254147,0.015230377026948244,0.5084700498634405,0.01237452077080392,0.03919069791187108,0.036841476050017564,4.002998040854399e-4,0.3431708675025174,FALSE,FALSE,FALSE,FALSE
196,QOGZ,Female,0.5582261033982203,0.03238651569915363,0.001847324987112312,0.5384138009545278,0.019812302443692476,0.01540738643605979,0.03683064902353713,3.84154324892359e-4,0.542759314771421,FALSE,FALSE,FALSE,FALSE
156,NDWV,Ninth instar,0.5116749020837814,-0.06187540371808753,0.001272841963885334,0.5311054851175221,-0.019430583033740678,0.015856666079611458,0.03683132957034368,3.806158196158914e-4,-0.5324235757070999,FALSE,FALSE,FALSE,FALSE
299,YRUA,Female,0.533130629225225,0.02753410019331981,-0.02157626857775238,0.5171116170614453,0.016019012163779767,0.020699568494421956,0.03683683162819786,3.4105220598959013e-4,0.44002604332608947,FALSE,FALSE,FALSE,FALSE
198,QRKY,Female,0.5116749020837814,0.07515900692470479,-0.07122480954127614,0.5017443923539202,0.009930509729861203,0.05042217826650561,0.03684398777714902,3.395655011659343e-4,0.27701729426013966,FALSE,FALSE,FALSE,FALSE
265,VJTT,Female,0.5654590617100125,0.12197178146302323,-0.039260043833364844,0.5514855552280655,0.013973506481946951,0.026541225531200124,0.03683961180780365,3.367570107905796e-4,0.3849880434013917,FALSE,FALSE,FALSE,FALSE
277,WSXA,Eighth instar,0.4335502438416916,-0.1459896275465642,0.01110841289760474,0.4513884408989829,-0.017838197057291283,0.015920927265063688,0.036834057281327375,3.2212933823279804e-4,-0.4888060608596053,FALSE,FALSE,FALSE,FALSE
99,JPJS,Female,0.4828260807059396,-0.028885417904565225,-0.015592684769095595,0.4928975900647859,-0.01007150935884632,0.04655222330695638,0.03684387303846411,3.1985690321262745e-4,-0.280379804487061,FALSE,FALSE,FALSE,FALSE
115,KIIU,Tenth instar,0.6060448862139417,0.051432173632270706,-0.020159124504072912,0.5955766436326196,0.010468242581322063,0.04091499611012778,0.03684351697953628,3.001482872730271e-4,0.2905667065661028,FALSE,FALSE,FALSE,FALSE
96,JONV,Ninth instar,0.6205620349783644,0.019530259052632948,0.05622048245210489,0.6287008566811296,-0.008138821702765253,0.06428120167326805,0.03684548326413611,2.994582947676245e-4,-0.2287122784568595,FALSE,FALSE,FALSE,FALSE
112,KECL,Female,0.5704366236913097,0.10235600663752753,0.02024881304751628,0.5891753682956012,-0.01873874460429159,0.013372178806108546,0.03683258441164426,2.97027352510524e-4,-0.5128193884234983,FALSE,FALSE,FALSE,FALSE
120,KTNC,Female,0.5517169894736617,0.0752878314015335,-0.030155242663544347,0.5347847848233483,0.01693220465031331,0.01604954690829833,0.03683550397957906,2.926599771537036e-4,0.4640101888572402,FALSE,FALSE,FALSE,FALSE
179,PFPR,Eighth instar,0.42901291187108975,-0.17435338714477777,-0.01991609638517641,0.4161690817220223,0.012843830149067426,0.026727999414747062,0.03684101825510692,2.866204024224395e-4,0.3538979622665669,FALSE,FALSE,FALSE,FALSE
247,UCYK,Female,0.5011424625205079,0.02170713066057295,-0.050447386497429574,0.49093445747893455,0.01020800504157332,0.03982756498477826,0.03684377633357584,2.7719605104593365e-4,0.2831828068151662,FALSE,FALSE,FALSE,FALSE
253,UPBJ,Female,0.5770234977781051,0.07657516422607302,-0.006238888575003691,0.5546489757041494,0.022374522073955738,0.00883248142405658,0.03682583340017515,2.771508054106626e-4,0.610915100183841,FALSE,FALSE,FALSE,FALSE
192,QDVU,Female,0.5394598276611868,0.06375696580275103,0.009146670746242536,0.5604090462320048,-0.020949218570817996,0.009971678955561045,0.03682862980213214,2.7493416233672095e-4,-0.5723275367503293,FALSE,FALSE,FALSE,FALSE
212,RMQE,Female,0.5499723669509442,0.11704202043166423,-0.016963701493504076,0.5668514357249745,-0.016879068774030337,0.015010757260442107,0.03683560041095895,2.714292162332825e-4,-0.4623100793500431,FALSE,FALSE,FALSE,FALSE
307,ZFKD,Eighth instar,0.4168891551498454,-0.14550758367123828,-0.019894867170063293,0.43197087547386037,-0.015081720324014947,0.018635263835990384,0.036838200485947686,2.710169263032504e-4,-0.4138436368265871,FALSE,FALSE,FALSE,FALSE
79,HNUV,Eighth instar,0.45079155150094025,-0.148081173639254,-0.012810470361277145,0.4350595542121123,0.01573199728882796,0.01671192010037408,0.03683729902652664,2.6342229423247294e-4,0.4312648859147392,FALSE,FALSE,FALSE,FALSE
119,KTFS,Ninth instar,0.5605944214235073,-0.07242136109409647,0.02749600025234645,0.5483995949181043,0.012194826505403045,0.02690358050639901,0.03684177233764647,2.601774097908798e-4,0.33604567622179243,FALSE,FALSE,FALSE,FALSE
281,XKES,Female,0.5683552886333842,0.127977805523235,-0.001904251417824959,0.584567024513851,-0.01621173588046676,0.015488618536616506,0.03683660891420381,2.5861293372683307e-4,-0.4441398813295313,FALSE,FALSE,FALSE,FALSE
292,YCTD,Eighth instar,0.4470225614634177,-0.17567701407528613,0.010272133588409171,0.4346086117663642,0.012413949697053506,0.024268977352989194,0.0368415409950457,2.4189740672175234e-4,0.3416217772416696,FALSE,FALSE,FALSE,FALSE
10,BBRM,Ninth instar,0.5349349099012278,-0.042124926300671106,-0.023332565425738683,0.5207204540715182,0.014214455829709594,0.01811962368296226,0.03683937669741758,2.3383660113291814e-4,0.38994339744718604,FALSE,FALSE,FALSE,FALSE
223,SCXD,Ninth instar,0.5568325456472011,0.0020811662038244805,-0.024625140601507788,0.5457654983326496,0.011067047314551437,0.028637411702183823,0.036842981764780465,2.2890461631577507e-4,0.3052401817095276,FALSE,FALSE,FALSE,FALSE
57,FLUS,Female,0.6166444293299945,0.12968720764888375,0.019998366442178117,0.6030314992133876,0.013612930116606914,0.019266987584847836,0.036840137966896565,2.285785424912059e-4,0.3736601992005631,FALSE,FALSE,FALSE,FALSE
64,GLXO,Female,0.6387277905428699,0.14410034397375715,0.04314885471059866,0.6290317604733636,0.009696030069506256,0.03631568762329994,0.036844272563988055,2.2637715666109487e-4,0.26848942336692533,FALSE,FALSE,FALSE,FALSE
16,CAXC,Eighth instar,0.4960700220787964,-0.10644134645863645,0.027417396478335028,0.48338781603545344,0.01268220604334297,0.021812719938393822,0.03684124758707158,2.2577477114227402e-4,0.3485655181340867,FALSE,FALSE,FALSE,FALSE
214,RNFD,Female,0.5709157038940432,0.13236752114435313,-0.004061745852741424,0.5850925599096781,-0.014176856015634898,0.01693267373958816,0.03683943706538377,2.168397380331135e-4,-0.388677070482609,FALSE,FALSE,FALSE,FALSE
94,JDYH,Ninth instar,0.5323553684962142,-0.06098927162642975,-0.013370961451597297,0.518482093101127,0.013873275395087203,0.017372686118092406,0.03683982498456456,2.1323933733698817e-4,0.38043916042719034,FALSE,FALSE,FALSE,FALSE
239,TART,Female,0.5245359215539868,0.08132393782958514,-0.029369532920792155,0.5385201597791419,-0.013984238225155154,0.015599652013532844,0.03683969888236693,1.9385143531004068e-4,-0.38313652640527873,FALSE,FALSE,FALSE,FALSE
32,DJFZ,Tenth instar,0.6626746877462247,0.05970917023873734,0.03498936143895451,0.6565678877934081,0.0061067999528165995,0.07139028901173075,0.03684686879475518,1.9011662038092824e-4,0.17226526087939625,FALSE,FALSE,FALSE,FALSE
204,RBAX,Ninth instar,0.5189000746356761,-0.07541224114627787,0.009530793709528015,0.5304955920330467,-0.011595517397370636,0.021566238468972404,0.03684246926159474,1.8651415933866535e-4,-0.3186581569834315,FALSE,FALSE,FALSE,FALSE
280,XDBU,Female,0.5766291448907173,0.03587645212724078,0.05736616452394982,0.5847840110752168,-0.008154866184499565,0.04156967023988209,0.036845546806092234,1.8531439678892358e-4,-0.22643167947148038,FALSE,FALSE,FALSE,FALSE
69,GWYL,Eighth instar,0.43112842169083476,-0.19574457712609528,0.03384827657829121,0.4385914657296472,-0.0074630440388124275,0.04465198715242268,0.03684604826336332,1.677913587206652e-4,-0.20755625461723023,FALSE,FALSE,FALSE,FALSE
213,RNCJ,Female,0.5380981246918888,0.04812856970269341,-0.023816300169974304,0.5259054484715314,0.012192676220357357,0.016253336312039377,0.036841849597020616,1.537425426604767e-4,0.33416274363028164,FALSE,FALSE,FALSE,FALSE
66,GRAC,Ninth instar,0.5198732679005367,-0.13687029389003724,0.03293310877046153,0.5150758513046113,0.004797416595925363,0.08083570384965173,0.0368475527347845,1.3559753603869766e-4,0.1360227287957075,FALSE,TRUE,FALSE,TRUE
141,MEAE,Female,0.5390346937183902,0.010087835150393909,0.006012006348641377,0.5302887177475348,0.008745975970855357,0.02365017748457959,0.03684514156430073,1.1685843364615535e-4,0.24060584706302254,FALSE,FALSE,FALSE,FALSE
41,EAXN,Eighth instar,0.47049167223226324,-0.11684597483504322,-0.002309274107840771,0.45882200736103035,0.011669664871232888,0.013102592542134202,0.03684244350125829,1.1281062052683403e-4,0.31931770794269854,FALSE,FALSE,FALSE,FALSE
171,ONAU,Female,0.5519657250728549,0.03252096948086858,0.005704513295356773,0.541579832525369,0.010385892547485898,0.015608928195857187,0.036843728769415766,1.0699054527870521e-4,0.2845513269122611,FALSE,FALSE,FALSE,FALSE
185,PVXU,Female,0.5684355003926,0.07051023822208013,-0.0025192274785642566,0.5545160721628299,0.013919428229770103,0.008803346457465257,0.03683984304854437,1.0690325578575036e-4,0.38005119780299584,FALSE,FALSE,FALSE,FALSE
168,OHRS,Female,0.5784405983960428,0.08694193013380835,0.02954845430173117,0.5887140135958794,-0.0102734151998366,0.015826280905377403,0.03684383448020909,1.0619034302452653e-4,-0.2815007665188316,FALSE,FALSE,FALSE,FALSE
161,NRDG,Eighth instar,0.48501052714756143,-0.12342391554646914,0.031403191081953434,0.4766229116430614,0.008387615504500012,0.022944506308189033,0.03684542838406342,1.0412074895088545e-4,0.23066384198173343,FALSE,FALSE,FALSE,FALSE
54,FHEO,Female,0.6105624315717508,0.12037227327826439,0.02389690248521034,0.601370640318062,0.009191791253688852,0.018132006011066366,0.03684479306332243,9.784980248475102e-5,0.2521588552954816,FALSE,FALSE,FALSE,FALSE
153,NACP,Ninth instar,0.5030657179369723,-0.12122645743414373,0.0035388238697556377,0.4979564361665784,0.005109281770393881,0.053353488824844926,0.03684743799316511,9.570328710402144e-5,0.1427468580498368,FALSE,FALSE,FALSE,FALSE
146,MONY,Eighth instar,0.5209327773911107,-0.046334847594367456,0.04251702841535008,0.525871705946829,-0.004938928555718314,0.055450469445361354,0.036847517194109156,9.335578652136822e-5,-0.13814049209995824,FALSE,FALSE,FALSE,FALSE
71,GYFU,Female,0.5379276507727467,0.08477508204871786,-0.018137362822751444,0.5493133205625625,-0.011385669789815811,0.011258020051727099,0.03684275471631817,9.192491537204526e-5,-0.31125599168135365,FALSE,FALSE,FALSE,FALSE
297,YNFN,Female,0.5263714275048276,0.06466872099453513,-0.020664292206322304,0.5369432162496653,-0.010571788744837773,0.012718120502279115,0.036843564774894706,8.979611671042838e-5,-0.28922012944695097,FALSE,FALSE,FALSE,FALSE
40,EAXA,Ninth instar,0.5775750698141838,-0.03677925150329653,0.043623526279126384,0.5840093955591055,-0.006434325744921643,0.03154032016386971,0.03684675169652233,8.572926426425217e-5,-0.17773088143498275,FALSE,FALSE,FALSE,FALSE
46,EFLR,Ninth instar,0.5378423920122025,-0.07706104613646159,0.01045249669296748,0.5303457687816335,0.007496623230568988,0.022485975740950796,0.036846084817325805,8.143612737751614e-5,0.2061127268791368,FALSE,FALSE,FALSE,FALSE
127,LHWT,Tenth instar,0.6607445688768875,0.06570971002803394,0.03280732521514361,0.6568021721320212,0.0039423967448662944,0.07035085573271038,0.036847929085709684,7.79061767872106e-5,0.11114793892313031,FALSE,FALSE,FALSE,FALSE
124,LAZJ,Ninth instar,0.4931881697204215,-0.04299449157285551,-0.04694686594909331,0.49900164857070334,-0.005813478850281828,0.03460472797123819,0.03684710183348648,7.72711362226792e-5,-0.16083632313032248,FALSE,FALSE,FALSE,FALSE
227,SFBL,Female,0.560838780799553,0.11753609158795997,-0.013533245227491558,0.5698598119903276,-0.009021031190774687,0.01425905385077244,0.0368449510724503,7.353557362019393e-5,-0.24698774732166348,FALSE,FALSE,FALSE,FALSE
174,OVOZ,Female,0.5423411915673058,-0.04851936750482522,0.054363059899576675,0.5389657036089227,0.00337548795838305,0.08311502776579821,0.03684812321162704,6.936541216740566e-5,0.09582520539598365,FALSE,TRUE,FALSE,TRUE
242,TRCQ,Female,0.576786923371042,0.07901654031822436,0.029986981108836963,0.5849898477075347,-0.008202924336492723,0.01590042605690229,0.03684559253941668,6.802805990315268e-5,-0.2247759318974645,FALSE,FALSE,FALSE,FALSE
172,OQDA,Ninth instar,0.49141362783719966,-0.026743324975510907,-0.061306634097723675,0.49574178144559755,-0.004328153608397889,0.050769194825968866,0.03684779266119533,6.499530105163154e-5,-0.1207584074371622,FALSE,FALSE,FALSE,FALSE
235,SVLP,Ninth instar,0.5211973043349406,-0.0521708723289096,-0.006919644090356991,0.5295023448288193,-0.008305040493878701,0.014202127087694617,0.03684552051710027,6.206991490929255e-5,-0.22737799840223402,FALSE,FALSE,FALSE,FALSE
248,UHRS,Ninth instar,0.5785978063835036,-0.021479031677124283,0.03376355613547279,0.5842261777027615,-0.005628371319257974,0.025743058999910785,0.036847214567770056,5.290523133579949e-5,-0.15500532218968732,FALSE,FALSE,FALSE,FALSE
137,LTEN,Female,0.5428479483674413,0.0606246218164348,9.049490430154046e-4,0.5521808392461115,-0.009332890878670175,0.009627870667867848,0.036844707101399435,5.2648475935711335e-5,-0.2549280395093165,FALSE,FALSE,FALSE,FALSE
183,PTRO,Female,0.49865878525826424,0.024692612590371477,-0.03625952231941444,0.5038611970544344,-0.005202411796170203,0.028641161138664592,0.03684742500797338,5.05895340719653e-5,-0.14348797304804625,FALSE,FALSE,FALSE,FALSE
271,WHVM,Tenth instar,0.6046294043775866,0.02496357858579712,0.0038158546205593244,0.6095123990518788,-0.004882994674292207,0.03219311186633749,0.03684757094050963,5.0463578312848125e-5,-0.13492502877272014,FALSE,FALSE,FALSE,FALSE
205,RBFY,Female,0.586705249371648,0.15069232565590984,-0.006752201132581725,0.5923573999638445,-0.005652150592196481,0.024022794035826855,0.03684720472835998,4.961255771871847e-5,-0.15552295882306774,FALSE,FALSE,FALSE,FALSE
129,LJJN,Tenth instar,0.6323457696803209,0.08935815818032045,-0.003271919176870135,0.6290599255119848,0.003285844168336105,0.06177125817254158,0.036848164785804875,4.665335787496568e-5,0.09221322684825316,FALSE,FALSE,FALSE,FALSE
311,ZSUF,Eighth instar,0.4297543588875853,-0.17435338714477777,0.009782097442622949,0.43502199587041146,-0.005267636982826174,0.02363953885455784,0.03684739982707994,4.237115562273124e-5,-0.14491434202615086,FALSE,FALSE,FALSE,FALSE
73,HDAI,Female,0.5975669278293659,0.17744859205208008,-0.012837768309417876,0.6012328956300038,-0.0036659678006378815,0.03867525195165161,0.03684805295788622,3.46330068189703e-5,-0.10163755470306567,FALSE,FALSE,FALSE,FALSE
288,XVQB,Ninth instar,0.4967184705254043,-0.05554207376282827,-0.03651067220174437,0.500934039518242,-0.004215568992837704,0.027543954425234978,0.036847858719593354,3.187269104784135e-5,-0.11620420243697104,FALSE,FALSE,FALSE,FALSE
229,SMVB,Eighth instar,0.4978281436274478,-0.0473536963834702,0.0048824115446914305,0.5014229650688083,-0.0035948214413605295,0.0365203818520486,0.03684807862302503,3.130580624964265e-5,-0.09955353380447293,FALSE,FALSE,FALSE,FALSE
290,YAKT,Eighth instar,0.39875359794209403,-0.2072975428641317,-0.02392987182921229,0.39558958079136486,0.0031640171507291703,0.04580259833643886,0.03684821074315374,3.10106817954647e-5,0.0880481706641352,FALSE,FALSE,FALSE,FALSE
220,SBJV,Tenth instar,0.5971884553262444,0.0389535834602277,-0.00995375248824084,0.6010016689106972,-0.003813213584452746,0.029879279679490535,0.0368480073452378,2.8426332100577712e-5,-0.10523952139637414,FALSE,FALSE,FALSE,FALSE
2,ACIU,Female,0.5314925555124793,0.06765864847381464,-0.02211190236093185,0.5373187563188131,-0.005826200806333781,0.012976927201083805,0.03684712974493386,2.7842495402287584e-5,-0.15941251723191613,FALSE,FALSE,FALSE,FALSE
20,CGRD,Eighth instar,0.4616331728052902,-0.12909679555665687,0.004036694136731077,0.4561452323560512,0.005487940449239004,0.013073526458785432,0.03684730499363226,2.4892122700816177e-5,0.15016461738263312,FALSE,FALSE,FALSE,FALSE
255,UWVR,Female,0.5200500088002208,0.041488439063415816,-0.021144750213922786,0.5246351883060519,-0.0045851795058311495,0.01668435460628363,0.03684771822169381,2.2338612705954578e-5,-0.12569282610278995,FALSE,FALSE,FALSE,FALSE
126,LGMD,Female,0.5999823914641986,0.10698419677392379,0.024895732745730745,0.5952867191326916,0.004695672331507028,0.01579673062453205,0.03684767196624294,2.2141812738367492e-5,0.12866369079904705,FALSE,FALSE,FALSE,FALSE
29,DESX,Female,0.6070110700894688,0.0915151088357733,0.0448526462958621,0.6033536333134407,0.0036574367760280335,0.025480615936789724,0.03684806441908635,2.210052614043735e-5,0.10071222935400224,FALSE,FALSE,FALSE,FALSE
184,PVUO,Ninth instar,0.5610830208109225,-0.040388060905288015,0.01592535030920368,0.5569998299980963,0.004083190812826265,0.015186777509548006,0.036847919547039525,1.607597195197631e-5,0.11184674848723745,FALSE,FALSE,FALSE,FALSE
107,JZEI,Ninth instar,0.45190660518152126,-0.13353139262452274,-0.03804814077178552,0.4533209848872537,-0.001414379705732438,0.08059018158307259,0.036848586866456555,1.1743995938616087e-5,-0.040097017556638144,FALSE,TRUE,FALSE,TRUE
81,HRBI,Eighth instar,0.4556390950253053,-0.12310969716210862,0.003674624258037255,0.4591923326354826,-0.0035532376101772845,0.012966011852487505,0.0368481067214123,1.0346910674127083e-5,-0.09722071699519429,FALSE,FALSE,FALSE,FALSE
276,WQRK,Ninth instar,0.5575707953096601,0.0030508968332563224,-0.014769180466658715,0.5551900445921878,0.0023807507174723463,0.025268596186728352,0.03684842226959595,9.282373648560453e-6,0.0655499051832477,FALSE,FALSE,FALSE,FALSE
122,KWNJ,Female,0.562789368448962,0.05551354326324476,0.02129961760156211,0.565926637875365,-0.003137269426403022,0.014048864808785949,0.03684823375825779,8.758991102440713e-6,-0.0858864682908519,FALSE,FALSE,FALSE,FALSE
234,SSQG,Tenth instar,0.6314980723876985,0.06570971002803394,0.010191975638854298,0.6332108873332344,-0.0017128149455358788,0.03814214682145064,0.03684854732391252,7.4477352670876755e-6,-0.047473977471661176,FALSE,FALSE,FALSE,FALSE
154,NAPZ,Ninth instar,0.502882869150879,-0.1109315607072816,9.460284747626064e-4,0.5017312402001234,0.001151628950755601,0.043738104479011504,0.036848622548929115,3.906172378355509e-6,0.032012881855613906,FALSE,FALSE,FALSE,FALSE
302,YUWR,Eighth instar,0.46034054008772396,-0.11637777349991985,0.0029142798142572936,0.46239427042449843,-0.002053730336774473,0.0131639421182547,0.036848491962094346,3.5107732567124516e-6,-0.05619808755673052,FALSE,FALSE,FALSE,FALSE
188,PXBW,Eighth instar,0.46568818464609796,-0.07301882190350462,-0.031060001288095895,0.4645586946157367,0.0011294900303612798,0.033156653460639084,0.03684862559798892,2.7863987613867804e-6,0.031225181292824488,FALSE,FALSE,FALSE,FALSE
103,JUGA,Female,0.560757340942707,0.1109697544223367,-0.022510235158959977,0.5592750693148757,0.001482271627831322,0.015564293598246322,0.036848584331445056,2.1728527263382315e-6,0.04061016370432485,FALSE,FALSE,FALSE,FALSE
300,YRUH,Female,0.5729069450762019,0.11704202043166423,-0.011172808817437487,0.57150085591297906,0.0014060891632228234,0.013665800956240018,0.03684859461619207,1.710143799485062e-6,0.03848588151158866,FALSE,FALSE,FALSE,FALSE
268,VUNA,Female,0.5804804568663225,0.100975917340002,0.0083316936373729,0.5788974742632771,0.0015829826030454575,0.010379299463947458,0.03684857075114242,1.6353201360283752e-6,0.04325560388865137,FALSE,FALSE,FALSE,FALSE
170,OLFY,Female,0.542763524559727,0.054593398604173116,-0.005736709481210301,0.5437463231149184,-9.827985551914553e-4,0.010715466487463837,0.03684864111836378,6.512049042026578e-7,-0.026859908123272595,FALSE,FALSE,FALSE,FALSE
36,DQAV,Eighth instar,0.475925453636353,-0.09232851826724997,0.004674065298922321,0.47667441040230885,-7.489567659558216e-4,0.017114063357254,0.036848659466019555,6.11899911423374e-7,-0.020535525036204386,FALSE,FALSE,FALSE,FALSE
162,NRVV,Eighth instar,0.45322119790967036,-0.1458289204349288,0.014778773829631638,0.4538064085230302,-5.852106133598656e-4,0.01686872497894119,0.03684866952317495,3.6804728787147834e-7,-0.01604379340733114,FALSE,FALSE,FALSE,FALSE
38,DUFU,Ninth instar,0.5632758286786756,0.004711107507896495,-0.007269454081370203,0.5629082453625918,3.6758331608388595e-4,0.024476429600957864,0.036848679014243456,2.1399524120414548e-7,0.010116668767480968,FALSE,FALSE,FALSE,FALSE
35,DQAS,Eighth instar,0.4625261187713639,-0.1279912122489073,0.01247710932011695,0.4621084746292012,4.1764414216272083e-4,0.014468007456233108,0.03684867727380946,1.5999265999342724e-7,0.01143593436271204,FALSE,FALSE,FALSE,FALSE
249,UKOQ,Tenth instar,0.6083457883668554,0.03252096948086858,-5.322119767283951e-4,0.6081385304178608,2.0725794899456584e-4,0.028160689758526817,0.03684868327975529,7.886726065393624e-8,0.005714978333202317,FALSE,FALSE,FALSE,FALSE
78,HNNH,Female,0.5912468863244059,0.09682418463553977,0.026056072457372712,0.5909927563676134,2.541299567925259e-4,0.01493453508605424,0.036848682313615634,6.120589400513574e-8,0.006960235575784598,FALSE,FALSE,FALSE,FALSE
11,BCSB,Female,0.5543638112046013,0.047731402821189706,0.011755617488080744,0.5542613292392088,1.024819653925313e-4,0.012789511783433686,0.036848684797763376,8.48690491650241e-9,0.002803775190092993,FALSE,FALSE,FALSE,FALSE
