ID,sex,morph,pronotum,head_length,head_width,forefemur,foretibia,midfemur,midtibia,hindfemur,hindtibia,ear,eye,group,foreleg,midleg,hindleg,head_size,ear_linear,logP_c,log_head_size,log_foreleg,log_midleg,log_hindleg,log_foretibia,log_ear_linear,log_eye,current_label,legacy_2010_label,differs_from_2010,distance_to_inferred_cutpoint,within_0_25_mm,within_0_50_mm
AKPI,m,tenth,7.192,25.798,12.47,13.37,14.0175,12.7785,13.8105,20.117,21.4955,2.889,3.0155000000000003,Tenth instar,27.3875,26.589,41.6125,17.936026873307252,1.6997058569058352,-0.0011117288526905078,2.8868113646174445,3.3100867049215847,3.2804975964243703,3.7284006029011434,2.6403065490156905,0.530455210742049,1.1037656539089045,Tenth instar,Tenth instar,FALSE,1.6479999999999997,FALSE,FALSE
AQZC,m,eighth,6.749,18.409,9.902,11.873,12.3415,11.0315,11.8935,17.7905,18.365,2.4645,2.5195,Eighth instar,24.2145,22.924999999999997,36.1555,13.501330230758745,1.5698726062964472,-0.0646866802607402,2.6027882162018283,3.1869516272835567,3.1322280181425284,3.587829080877163,2.5129675670056413,0.4509944735816477,0.9240604691385157,Eighth instar,Eighth instar,FALSE,0.09100000000000108,TRUE,TRUE
BBRM,m,ninth,6.903,20.034,10.194,12.3275,12.8505,11.123,12.1475,18.287,18.8825,2.915,2.934,Ninth instar,25.178,23.2705,37.1695,14.2907871021858,1.7073371078963873,-0.042124926300671106,2.6596150710537114,3.2259705973440678,3.1471864639763556,3.6154885325103185,2.5533827210900713,0.5349349099012278,1.07636667972079,Ninth instar,Ninth instar,FALSE,1.533999999999999,FALSE,FALSE
BLLA,m,ninth,6.691,20.491,10.363,12.736,12.9105,11.4605,12.561,17.796,19.1,3.19,2.541,Ninth instar,25.646500000000003,24.0215,36.896,14.572173242176337,1.786057109949175,-0.07331768622132984,2.679113767778388,3.2444071100646092,3.178949262662078,3.6081031440866487,2.558040933775502,0.5800104583983766,0.932557704338027,Ninth instar,Ninth instar,FALSE,1.9909999999999997,FALSE,FALSE
BZCS,m,ninth,6.869,19.498,9.905,12.1185,12.7345,11.21,12.386,18.5725,19.1965,2.661,2.9155,Ninth instar,24.853,23.596,37.769000000000005,13.897038893231896,1.6312571838922274,-0.04706249079026503,2.631675788178797,3.212978469602117,3.161077206140829,3.6314886603346848,2.544314845783935,0.4893509959977761,1.0700413316800736,Ninth instar,Ninth instar,FALSE,0.9980000000000011,FALSE,FALSE
CAPF,m,tenth,7.266,24.737,12.276,14.031,14.585,12.821000000000002,14.6375,20.261000000000003,22.6085,3.346,3.093,Tenth instar,28.616,27.4585,42.8695,17.426170319378837,1.8292074786639159,0.00912490777700059,2.8579731176267527,3.353966001956717,3.3126757739388717,3.758160617374154,2.679993603319685,0.6038828012823162,1.1291414937029325,Tenth instar,Tenth instar,FALSE,0.5869999999999997,FALSE,FALSE
CAXC,m,eighth,6.473,16.148,8.853,11.798,12.271999999999998,10.7455,11.9505,17.185000000000002,17.819000000000003,2.697,2.4130000000000003,Eighth instar,24.07,22.695999999999998,35.004000000000005,11.95651470956315,1.6422545478700918,-0.10644134645863645,2.481276293809803,3.1809662517949806,3.1221886975065503,3.555462340673585,2.5073202446249003,0.4960700220787964,0.8808707866428948,Eighth instar,Eighth instar,FALSE,2.3520000000000003,FALSE,FALSE
CBRE,m,eighth,6.46,16.408,8.671,11.156,11.5765,10.401,11.044,16.825,17.5895,2.582,2.5385,Eighth instar,22.7325,21.445,34.414500000000004,11.927856806652231,1.6068602926203635,-0.10845170822749917,2.4788765725825512,3.123795618617931,3.065491517968844,3.538477987196189,2.448977181209116,0.47428214621222536,0.9315733554053119,Eighth instar,Eighth instar,FALSE,2.0919999999999987,FALSE,FALSE
CGRD,m,eighth,6.328,17.017,9.461,11.467,11.818,10.679,11.856,17.317,18.849,2.5175,2.6935,Eighth instar,23.285,22.535,36.166,12.688492306022809,1.5866631652622432,-0.12909679555665687,2.5406954650558036,3.1478093764343407,3.1150696561426114,3.588119450962788,2.4696237929234828,0.4616331728052902,0.9908414631384513,Eighth instar,Eighth instar,FALSE,1.4830000000000005,FALSE,FALSE
CTFK,m,tenth,7.122,26.838,12.826,14.3145,14.654,13.1615,14.496,20.6975,22.375,3.6295,3.2925,Tenth instar,28.9685,27.6575,43.072500000000005,18.553279710067436,1.9051246678367273,-0.010892441166423739,2.9206465772027186,3.3662090327396776,3.319896938926929,3.7628847424244243,2.684713335737772,0.6445474488713792,1.1916471546352991,Tenth instar,Tenth instar,FALSE,2.6880000000000024,FALSE,FALSE
CVLU,m,eighth,5.88,13.811,7.781,9.4925,10.5685,9.0935,10.5185,15.413,16.1815,2.341,2.455,Eighth instar,20.061,19.612000000000002,31.5945,10.36645508358571,1.5300326793895613,-0.20252426411147417,2.3385751203652925,2.998777631739951,2.976141623788987,3.452983054811386,2.3578778787427543,0.4252890942543869,0.8981267612464839,Eighth instar,Eighth instar,FALSE,4.689,FALSE,FALSE
CWPJ,m,ninth,7.733,23.673,12.241,13.9025,13.987,12.709,13.9135,20.3035,21.4205,3.467,3.111,Ninth instar,27.889499999999998,26.622500000000002,41.724000000000004,17.022960758927923,1.8619881847100963,0.07141585960488883,2.8345630656501912,3.32825027390609,3.281756722907402,3.7310765028137247,2.6381283267971667,0.6216448333514432,1.1349442179155,Ninth instar,Ninth instar,FALSE,0.4770000000000003,FALSE,TRUE
CWRT,m,eighth,5.992,13.646,8.33,10.303999999999998,11.0525,9.447500000000002,11.044,14.744,16.674,2.316,2.3665000000000003,Eighth instar,21.356499999999997,20.491500000000002,31.418,10.661668724922942,1.5218409903797439,-0.18365577980709125,2.3666549472859915,3.061356142987955,3.0200101660135146,3.447380977077748,2.402656646718261,0.41992077985537435,0.8614120703641658,Eighth instar,Eighth instar,FALSE,4.853999999999999,FALSE,FALSE
DFDF,m,ninth,6.84,19.521,10.133,12.6735,13.0745,11.6775,12.501,17.8485,19.395,2.6905,2.6014999999999997,Ninth instar,25.748,24.1785,37.2435,14.064362516658903,1.640274367293472,-0.05129329438755059,2.6436441168235687,3.2483569541903696,3.1854638085229583,3.6174774329549626,2.570663768302002,0.4948635249736687,0.9560882017482211,Ninth instar,Ninth instar,FALSE,1.0210000000000008,FALSE,FALSE
DFME,m,eighth,5.926,14.686,8.208,11.0265,12.04,10.4015,11.589,17.1935,16.5685,2.8325,2.5325,Eighth instar,23.066499999999998,21.9905,33.762,10.97919341299715,1.6830032679706834,-0.19473157687063614,2.396001973728916,3.1383813484958845,3.090610541916178,3.5193359096791967,2.488234439880675,0.5205798569600122,0.9292069571407015,Eighth instar,Eighth instar,FALSE,3.814,FALSE,FALSE
DJFZ,m,tenth,7.643,26.156,12.783,14.999,14.9125,13.4045,14.7145,20.8005,22.9435,3.7635,3.5225,Tenth instar,29.9115,28.119,43.744,18.28529868500922,1.939974226632921,0.05970917023873734,2.906097386442457,3.398243021835719,3.3364455044324584,3.778354460541539,2.7021997874240347,0.6626746877462247,1.2591709647906981,Tenth instar,Tenth instar,FALSE,2.0060000000000002,FALSE,FALSE
DNHH,m,tenth,7.28,24.24,11.685,13.449,14.545,12.198,14.0505,18.821,21.094,3.596,2.9375,Tenth instar,27.994,26.2485,39.915000000000006,16.829866309629438,1.8963122105813695,0.01104983618658495,2.8231550645959675,3.331990201498454,3.2676088445477744,3.6867521930977625,2.677247291947165,0.639911058304687,1.0775588794702773,Tenth instar,Tenth instar,FALSE,0.08999999999999986,TRUE,TRUE
DOCI,m,ninth,6.725,19.216,10.791,12.4,13.065,11.516,12.757,18.1505,21.131,3.0775,2.753,Ninth instar,25.465,24.273,39.2815,14.399994999999132,1.7542804792848834,-0.06824910053410682,2.667227859359612,3.237304960336568,3.1893646214938123,3.6707536701298547,2.5699368989725757,0.5620587895382358,1.0126912261604704,Ninth instar,Ninth instar,FALSE,0.7160000000000011,FALSE,FALSE
DQAS,m,eighth,6.335,15.589,8.733,11.28,11.9265,10.398,11.678999999999998,16.9105,17.3535,2.522,2.4235,Eighth instar,23.2065,22.076999999999998,34.263999999999996,11.66785057326327,1.5880806024884253,-0.1279912122489073,2.45683724538107,3.144432411845096,3.0945363426125714,3.5340952403130697,2.478762815027511,0.4625261187713639,0.8852127763032938,Eighth instar,Eighth instar,FALSE,2.9109999999999996,FALSE,FALSE
DQAV,m,eighth,6.565,16.318,9.046,11.243,12.1035,10.489,11.8435,17.097,17.9535,2.5905,2.591,Eighth instar,23.3465,22.332500000000003,35.0505,12.149593738063837,1.60950302888811,-0.09232851826724997,2.4972957320311298,3.1504470799462188,3.106043016593857,3.5567898787140857,2.493494666974534,0.475925453636353,0.952043901579973,Eighth instar,Eighth instar,FALSE,2.1819999999999986,FALSE,FALSE
DSPJ,m,eighth,6.187,16.443,8.969,11.523,12.122,10.8375,11.791,17.0205,17.2025,2.831,2.4290000000000003,Eighth instar,23.645,22.628500000000003,34.223,12.144021862628543,1.6825575770237404,-0.15163070947315793,2.496837020933978,3.163151676095839,3.119210173754374,3.5328979326518217,2.495021983529093,0.5203150030648813,0.8874796500200356,Eighth instar,Eighth instar,FALSE,2.0569999999999986,FALSE,FALSE
DUFU,m,ninth,7.234,22.16,11.341,12.699,13.405,11.6855,13.0835,18.2705,19.706,3.085,3.035,Ninth instar,26.104,24.769,37.9765,15.852966914745013,1.7564168070250297,0.004711107507896495,2.763356669856138,3.2620885592910196,3.2095928712692836,3.6369675473725813,2.5956277716879224,0.5632758286786756,1.1102114245114616,Ninth instar,Ninth instar,FALSE,1.9899999999999984,FALSE,FALSE
DYFV,m,tenth,7.603,25.875,12.758,13.829,15.121,12.837,14.6595,20.625,22.425,4.066,3.3535,Tenth instar,28.950000000000003,27.496499999999997,43.05,18.169018960857517,2.0164324932910596,0.054461880224289994,2.8997178887026482,3.3655702040190043,3.314058723845392,3.7623622308737397,2.716084506130532,0.7013298576030773,1.2100045765576548,Tenth instar,Tenth instar,FALSE,1.7250000000000014,FALSE,FALSE
EAXA,m,ninth,6.94,23.399,11.795,13.4245,13.7815,12.4475,13.358,18.822000000000003,20.8015,3.1745,3.0839999999999996,Ninth instar,27.206,25.805500000000002,39.62350000000001,16.61298302533293,1.7817126592130395,-0.03677925150329653,2.8101844996336958,3.3034375372112383,3.2505876475028814,3.6794223765913405,2.62332711307215,0.5775750698141838,1.126227455701083,Ninth instar,Ninth instar,FALSE,0.7509999999999977,FALSE,FALSE
EAXN,m,eighth,6.406,16.246,8.682,11.241,11.834499999999998,10.658,11.9685,16.6295,17.381999999999998,2.5625,2.398,Eighth instar,23.075499999999998,22.6265,34.0115,11.876353480761676,1.6007810593582121,-0.11684597483504322,2.474549320753082,3.1387714486265303,3.1191217857308935,3.526698702721617,2.4710189945027285,0.47049167223226324,0.8746350566053226,Eighth instar,Eighth instar,FALSE,2.2540000000000013,FALSE,FALSE
ECHF,m,ninth,7.1,20.794,10.833,13.0075,13.3945,11.734,13.008500000000002,18.462,19.7935,3.205,2.9155,Ninth instar,26.402,24.7425,38.2555,15.00871087069106,1.7902513789968157,-0.013986241974739855,2.7086307572596042,3.273439764858568,3.2085224127887093,3.6442873407853047,2.5948441749389333,0.5823560451863168,1.0700413316800736,Ninth instar,Ninth instar,FALSE,2.2940000000000005,FALSE,FALSE
ECJN,m,tenth,7.26,24.824,12.285,13.27,13.561,12.263,13.2395,19.6975,20.965,3.3145,3.1125,Tenth instar,26.831,25.502499999999998,40.6625,17.46318527646088,1.8205768316662716,0.008298802814695083,2.8600949665596107,3.289557935453731,3.2387764865745368,3.7053062917994697,2.607198026105808,0.5991533913496546,1.135426261790826,Tenth instar,Tenth instar,FALSE,0.674000000000003,FALSE,FALSE
ECOO,m,ninth,6.688,22.248,11.687,12.7035,13.524,11.57,13.66,18.4245,20.6055,2.8994999999999997,3.0345,Ninth instar,26.2275,25.23,39.03,16.12489925549924,1.7027918252094116,-0.0737661502396092,2.780364614941342,3.2668084786235037,3.2280337626529665,3.6643305811925235,2.6044658848456397,0.532269154167179,1.1100466662937727,Ninth instar,Ninth instar,FALSE,1.9019999999999975,FALSE,FALSE
EDIK,m,eighth,6.288,16.078,8.695,11.1845,11.684,10.407,11.844,15.8895,18.29,2.5695,2.506,Eighth instar,22.868499999999997,22.250999999999998,34.1795,11.8236293074504,1.6029660008871056,-0.13543797089510412,2.4701000128560078,3.1297604177770055,3.1023869514225306,3.531626049142765,2.4582203845254944,0.47185566372507365,0.9186878564738765,Eighth instar,Eighth instar,FALSE,2.4220000000000006,FALSE,FALSE
EFLR,m,ninth,6.666,20.882,10.93,12.113,13.035,11.526,12.727,17.642,19.3405,2.932,2.974,Ninth instar,25.148,24.253,36.9825,15.107622579347156,1.7123083834403194,-0.07706104613646159,2.715199423028183,3.2247783705208146,3.1885403210720815,3.610444827784254,2.567638047385465,0.5378423920122025,1.0899078480379634,Ninth instar,Ninth instar,FALSE,2.3820000000000014,FALSE,FALSE
EJSA,m,ninth,6.864,20.491,10.505,12.2135,12.9985,11.3915,12.221,18.4905,19.589,3.122,2.708,Ninth instar,25.212,23.6125,38.079499999999996,14.67167185429118,1.7669182210843828,-0.04779066383634856,2.68591854982583,3.2273200716508637,3.161776232827628,3.639676079584861,2.5648339661888353,0.5692369110466201,0.9962103550500286,Ninth instar,Ninth instar,FALSE,1.9909999999999997,FALSE,FALSE
EMMR,m,tenth,7.644,24.245,12.084,14.203,15.097,12.8045,14.3555,20.174,21.9955,3.5374999999999996,2.995,Tenth instar,29.299999999999997,27.16,42.1695,17.1165586494482,1.8808242873804026,0.05984000035601711,2.840046337040871,3.3775875160230213,3.3017453026904953,3.7416972109179607,2.714496048585599,0.6317101314846779,1.0969442315674127,Tenth instar,Tenth instar,FALSE,0.09500000000000242,TRUE,TRUE
EWKB,m,ninth,6.396,18.923,10.094,11.4345,11.93,10.519,11.265,17.259999999999998,17.958,2.3705,2.615,Ninth instar,23.3645,21.784,35.217999999999996,13.820591955484394,1.5396428157205813,-0.11840823105030185,2.626159650669992,3.1512177763942057,3.0811757553714583,3.561557315538586,2.4790562361098245,0.43155045168001793,0.9612640975168864,Ninth instar,Eighth instar,TRUE,0.42299999999999827,FALSE,TRUE
EXFC,m,eighth,5.954,13.333,7.562,10.0475,10.8205,9.568,10.663,14.934,16.3155,2.274,2.2184999999999997,Eighth instar,20.868,20.231,31.249499999999998,10.041122745988119,1.5079787796915447,-0.19001776342842502,2.306688935301031,3.0382168851601463,3.007216081495277,3.442003376054409,2.38144248307154,0.4107701976641722,0.796831291836827,Eighth instar,Eighth instar,FALSE,5.167,FALSE,FALSE
FJIV,m,ninth,6.812,18.828,10.451,12.422,12.9315,11.738,12.5645,18.155,19.7375,2.733,2.5854999999999997,Ninth instar,25.3535,24.302500000000002,37.8925,14.02752394401806,1.6531787562148264,-0.055395263221567737,2.641021395575631,3.2329167875679565,3.190579225713087,3.6347532033236747,2.5596661953359523,0.5026999534729655,0.949918912854139,Ninth instar,Eighth instar,TRUE,0.3279999999999994,FALSE,TRUE
FKWM,m,eighth,6.233,15.281,8.863,11.676,12.3645,10.802,11.7315,16.44,18.037999999999997,3.0090000000000003,2.563,Eighth instar,24.0405,22.5335,34.477999999999994,11.637676013706518,1.734646938140439,-0.14422326819529618,2.4542477671896905,3.1797399081196027,3.1150030908031594,3.5403214394727867,2.5148294634392547,0.5508038988239541,0.9411784473819341,Eighth instar,Eighth instar,FALSE,3.2189999999999994,FALSE,FALSE
FXZS,m,ninth,7.374,23.797,11.911,13.1725,13.6975,12.147,13.8415,19.484,20.581,3.0229999999999997,2.911,Ninth instar,26.869999999999997,25.988500000000002,40.065,16.835856586464498,1.7386776584519628,0.023879273789943145,2.8235109326055015,3.2910104226273997,3.2576541324822736,3.690503135230034,2.6172133344304336,0.5531248578986605,1.0684966647634861,Ninth instar,Ninth instar,FALSE,0.352999999999998,FALSE,TRUE
GDWH,m,tenth,7.377,24.154,11.71,13.6745,14.156,12.286,13.5095,19.4105,20.3145,3.494,3.1975,Tenth instar,27.8305,25.795499999999997,39.724999999999994,16.81794696150514,1.8692244381026053,0.024286025880155604,2.8224465877314047,3.326132541599909,3.250200058110227,3.6819807124227797,2.650138562483217,0.6255236058559325,1.1623692544708606,Tenth instar,Ninth instar,TRUE,0.004000000000001336,TRUE,TRUE
GMLX,m,eighth,6.801,17.369,9.272,11.8105,12.3815,10.7,12.0725,16.842,18.4045,2.787,2.7595,Eighth instar,24.192,22.7725,35.2465,12.690365164170808,1.6694310408040218,-0.057011365828508076,2.540843057054663,3.1860219999971227,3.125553667636828,3.56236623354848,2.516203423083184,0.5124828742499055,1.015049503897419,Eighth instar,Eighth instar,FALSE,1.1310000000000002,FALSE,FALSE
GRAC,m,ninth,6.279,18.594,9.852,12.0255,12.893,10.808,12.2975,17.000999999999998,18.7955,2.8285,2.7190000000000003,Ninth instar,24.9185,23.1055,35.796499999999995,13.534699405601884,1.6818144963104582,-0.13687029389003724,2.605256714145979,3.215610499491232,3.14007068442567,3.5778501232641813,2.5566845284287005,0.5198732679005367,1.0002641656503337,Ninth instar,Eighth instar,TRUE,0.0940000000000012,TRUE,TRUE
GVKA,m,eighth,5.872,13.478,7.521,10.1655,11.026,9.719,10.623,15.133,16.374000000000002,2.1735,2.3495,Eighth instar,21.191499999999998,20.342,31.507,10.068169545652278,1.4742794850366738,-0.2038857347097951,2.3093789171841457,3.0536001578824457,3.0126877142034045,3.450209743366109,2.4002561201674917,0.3881693857233549,0.8542025395607333,Eighth instar,Eighth instar,FALSE,5.022,FALSE,FALSE
GWYL,m,eighth,5.92,16.774,8.731,10.914,11.6735,10.323,11.751,16.380499999999998,18.251,2.3685,2.7264999999999997,Eighth instar,22.5875,22.073999999999998,34.6315,12.101809534115137,1.5389931773727914,-0.19574457712609528,2.4933549896954452,3.117396655918347,3.094400445350692,3.54476367252102,2.4573213156433553,0.43112842169083476,1.003018735383979,Eighth instar,Eighth instar,FALSE,1.725999999999999,FALSE,FALSE
GXQD,m,ninth,6.927,18.852,9.86,12.7465,13.398,11.3985,12.549,18.4855,19.9245,2.9295,2.553,Ninth instar,26.1445,23.947499999999998,38.41,13.63380797869766,1.7115782190715094,-0.03865420698154165,2.6125525888380143,3.2636388433417163,3.1758639342749095,3.6483178423578133,2.595105442086076,0.5374158800013531,0.9372691382593468,Ninth instar,Eighth instar,TRUE,0.3520000000000003,FALSE,TRUE
HDAF,m,tenth,7.531,26.841,13.06,14.228,14.2835,13.025,13.937,20.3855,22.454500000000003,3.2815,3.261,Tenth instar,28.511499999999998,26.962,42.84,18.72280587946155,1.8114910985152535,0.04494680909720494,2.9297423465409267,3.350307514658763,3.2944284672688724,3.757472245579548,2.6591050249190364,0.5941503174658201,1.1820338968071822,Tenth instar,Tenth instar,FALSE,2.6910000000000025,FALSE,FALSE
HDZC,m,tenth,7.016,26.317,12.597,14.1885,14.2935,12.6905,13.972,19.216,21.682,3.452,3.3075,Tenth instar,28.482,26.6625,40.897999999999996,18.207560215470934,1.8579558659989748,-0.025887770952127687,2.9018369042839747,3.349272308797236,3.283258083797469,3.7110811620976225,2.6598048884742154,0.6194768866105907,1.1961926170069737,Tenth instar,Tenth instar,FALSE,2.1670000000000016,FALSE,FALSE
HEDP,m,eighth,6.63,17.281,9.623,11.7425,12.136,10.809,12.348,17.186,18.021,2.372,2.668,Eighth instar,23.8785,23.157,35.207,12.895544308015849,1.5401298646542765,-0.08247622182423853,2.556881849223059,3.172978472481163,3.1422971106358264,3.561244926469663,2.4961762420462312,0.4318667405677395,0.9813291280533774,Eighth instar,Eighth instar,FALSE,1.2190000000000012,FALSE,FALSE
HIHW,m,eighth,6.642,17.722,9.652,11.618,11.822,10.412,11.255,17.735999999999997,17.418,2.2345,2.8165,Eighth instar,23.439999999999998,21.667,35.153999999999996,13.078713392379235,1.494824404403407,-0.08066790306745486,2.570985976693948,3.1544439647088116,3.07579036572457,3.5597384097907065,2.469962202402178,0.4020087446956846,1.0354949793526316,Eighth instar,Eighth instar,FALSE,0.7779999999999987,FALSE,FALSE
HKWK,m,eighth,5.941,13.855,7.876,10.115,11.2885,9.4915,10.7415,14.873,16.634,2.166,2.2825,Eighth instar,21.4035,20.233,31.506999999999998,10.446146657978721,1.4717336715588183,-0.19220355664840527,2.3462331695459104,3.0635544600566025,3.0073149347970576,3.4502097433661087,2.42378450839589,0.38644107428939933,0.8252713334869866,Eighth instar,Eighth instar,FALSE,4.645,FALSE,FALSE
HNUV,m,eighth,6.209,14.297,7.959,10.4925,11.482,9.7135,10.987,15.4,16.8415,2.4635,2.3935,Eighth instar,21.9745,20.700499999999998,32.2415,10.667231271515584,1.569554076800159,-0.148081173639254,2.36717654443537,3.089882690183829,3.030157854568978,3.473254442610715,2.440780591745445,0.45079155150094025,0.8727567298504266,Eighth instar,Eighth instar,FALSE,4.202999999999999,FALSE,FALSE
HOHH,m,ninth,6.835,19.834,10.69,13.0115,13.5385,11.911,13.198,19.243,20.935,3.3695000000000004,2.9690000000000003,Ninth instar,26.55,25.109,40.178,14.561094052302526,1.8356197863392083,-0.052024555846096776,2.6783531809004435,3.279029747687948,3.223226347605459,3.6933195821399574,2.6055374784816707,0.6073821827020675,1.088225195781623,Ninth instar,Ninth instar,FALSE,1.3339999999999996,FALSE,FALSE
HRBI,m,eighth,6.366,16.236,8.936,10.8595,11.8585,10.066,11.3515,16.026,16.828,2.4875,2.661,Eighth instar,22.718,21.4175,32.854,12.0451191774926,1.5771810295587503,-0.12310969716210862,2.4886595303717756,3.1231575618092298,3.064208344856062,3.492073503119008,2.473044910022812,0.4556390950253053,0.9787019919955522,Eighth instar,Eighth instar,FALSE,2.2639999999999993,FALSE,FALSE
HTCT,m,ninth,6.883,19.441,10.022,12.1655,12.4205,11.061,11.8425,17.391,19.044,2.7285000000000004,2.8555,Ninth instar,24.586,22.9035,36.435,13.958427633512308,1.651817181167456,-0.04502642260578238,2.636083457288018,3.2021771752451493,3.131289737309539,3.5955298511222455,2.519348333343969,0.5018760038220749,1.0492469591227807,Ninth instar,Ninth instar,FALSE,0.940999999999999,FALSE,FALSE
HZFK,m,eighth,6.394,15.555,8.729,10.8295,11.875,10.2625,11.204,16.522,18.53,2.3075,2.5535,Eighth instar,22.7045,21.4665,35.052,11.652450171530448,1.5190457530963313,-0.11872097538435988,2.4555164730514063,3.1225631427262863,3.0664935804369033,3.5568326731936044,2.474435349920705,0.41808234369743513,0.9374649671055616,Eighth instar,Eighth instar,FALSE,2.9450000000000003,FALSE,FALSE
IEJY,m,eighth,6.773,17.49,9.377,12.2005,12.4485,10.864,12.065,18.0015,19.6885,2.8665000000000003,2.7675,Eighth instar,24.649,22.929000000000002,37.69,12.806394106070607,1.6930741271426955,-0.06113690578924302,2.5499445857339995,3.204736331714479,3.132402484928857,3.629394807279044,2.5216001337244753,0.5265458866831502,1.017944385600655,Eighth instar,Eighth instar,FALSE,1.0100000000000016,FALSE,FALSE
IEPT,m,tenth,8.315,26.643,13.137,14.4845,14.6935,13.0695,14.533,20.6805,21.8,3.7465,3.2235,Tenth instar,29.178,27.6025,42.4805,18.708529899487026,1.9355877660287069,0.1439800866228811,2.9289795642159238,3.373415000649704,3.317906348331155,3.7490451471092356,2.6874052191249223,0.6604110354111142,1.1704677257685379,Tenth instar,Tenth instar,FALSE,2.493000000000002,FALSE,FALSE
IJNE,m,ninth,6.424,19.308,10.008,11.959499999999998,13.0075,11.045,12.278,17.7025,19.3755,2.9255,2.6609999999999996,Ninth instar,24.967,23.323,37.078,13.900879972145647,1.71040930773894,-0.11404004937754908,2.6319521454814283,3.2175549529007847,3.149439998148207,3.613023801810401,2.5655261141823216,0.5367327031230769,0.978701991995552,Ninth instar,Ninth instar,FALSE,0.8079999999999998,FALSE,FALSE
ILNB,m,tenth,7.986,28.721,13.475,14.826,15.2115,13.407,14.9305,21.793,23.204,4.2485,3.4415,Tenth instar,30.0375,28.3375,44.997,19.672708888203474,2.0611889772653065,0.10360898261902007,2.9792323396552116,3.4024466010625876,3.3441860158336474,3.806595820881332,2.7220517207380235,0.7232829897307295,1.2359074228562819,Tenth instar,Tenth instar,FALSE,4.5710000000000015,FALSE,FALSE
IULK,m,ninth,7.44,21.772,11.028,13.452,14.107,12.4105,13.4985,18.819000000000003,20.582500000000003,3.612,2.895,Ninth instar,27.558999999999997,25.909,39.401500000000006,15.495212680050571,1.900526242912736,0.03278982282299103,2.740531116866752,3.3163291610169137,3.2545903986921942,3.6738038866451936,2.646671128092365,0.6421308177773696,1.0629851110249586,Ninth instar,Ninth instar,FALSE,2.378,FALSE,FALSE
IVMB,m,ninth,6.781,18.67,10.015,12.5145,12.9055,11.458,12.684,17.556,19.359,2.996,2.8095,Ninth instar,25.42,24.142,36.915000000000006,13.674064867478142,1.7308957218735044,-0.059956442320304504,2.6155009633357063,3.2355362657613083,3.183953062278935,3.608617972511129,2.5576535770926294,0.5486390328274865,1.0330065315701158,Ninth instar,Eighth instar,TRUE,0.1700000000000017,TRUE,TRUE
JDYH,m,ninth,6.774,19.74,10.168,11.907,12.843,10.84,12.246,17.551499999999997,18.9925,2.9000000000000004,2.792,Ninth instar,24.75,23.086,36.544,14.167438724060181,1.7029386365926402,-0.06098927162642975,2.650946283946244,3.2088254890146994,3.1392263731927206,3.5985170140335447,2.552798915830919,0.5323553684962142,1.026758184900126,Ninth instar,Ninth instar,FALSE,1.2399999999999984,FALSE,FALSE
JONV,m,ninth,7.342,23.156,11.785,13.6955,14.4025,12.39,13.526,19.381,20.695,3.4595,2.8935000000000004,Ninth instar,28.098,25.916,40.076,16.519487280179128,1.8599731180853125,0.019530259052632948,2.8045407313024264,3.3356983994294596,3.2548605385877107,3.6907776513970165,2.667401802624401,0.6205620349783644,1.0624668420317565,Ninth instar,Ninth instar,FALSE,0.9939999999999998,FALSE,FALSE
JOYH,m,tenth,7.414,24.457,12.21,13.416,13.832,12.1225,13.2905,19.512,21.011,3.519,3.1275,Tenth instar,27.248,25.413,40.522999999999996,17.28062412067342,1.8758997841036178,0.029289078706530747,2.8495858808181933,3.3049801239203327,3.2352608541175236,3.701869714152181,2.6269847483809894,0.6290884291697241,1.1402339633589291,Tenth instar,Tenth instar,FALSE,0.30700000000000216,FALSE,TRUE
JOZD,m,eighth,7.256,16.209,9.412,11.2775,11.95,10.3275,11.4135,17.057,17.9255,3.1285,2.7855,Eighth instar,23.2275,21.741,34.9825,12.351482016341198,1.7687566254292872,0.007747686790825936,2.5137760571975774,3.1453369215333304,3.079199878795254,3.5548479364477314,2.4807312783775197,0.5702768282281405,1.024427390478733,Eighth instar,Eighth instar,FALSE,2.2910000000000004,FALSE,FALSE
JRYP,m,eighth,6.363,16.788,8.989,11.1125,11.924499999999998,10.4475,11.5195,16.532,17.594,2.634,2.576,Eighth instar,23.037,21.967,34.126000000000005,12.284434541320982,1.622960258293468,-0.12358106177135442,2.5083329765313036,3.137101619016516,3.0895413272320487,3.5300595571050732,2.4785951071741974,0.48425180166054466,0.9462378082421072,Eighth instar,Eighth instar,FALSE,1.7119999999999997,FALSE,FALSE
JUCL,m,ninth,6.851,19.717,10.705,12.4775,12.639500000000002,11.792000000000002,12.4715,18.661,19.8905,3.168,2.744,Ninth instar,25.117,24.2635,38.551500000000004,14.528265037505339,1.7798876369029593,-0.049686399001247716,2.676096064912888,3.2235449077164633,3.188973163513887,3.6519950097581813,2.536826830974289,0.5765502369760898,1.0094167098636389,Ninth instar,Ninth instar,FALSE,1.2169999999999987,FALSE,FALSE
JUJH,m,ninth,6.96,22.524,11.538,12.855,13.918,11.905,13.329,18.9465,20.903,3.578,2.946,Ninth instar,26.773,25.234,39.8495,16.120853327290092,1.8915602025840996,-0.03390155167568132,2.780113671613535,3.2873939169986017,3.2281922915055494,3.6851098581060664,2.6331829664226585,0.6374019925432637,1.0804483180404385,Ninth instar,Ninth instar,FALSE,1.6259999999999977,FALSE,FALSE
JXVQ,m,tenth,7.569,24.528,11.963,13.0375,14.0435,12.0875,13.6655,18.5095,20.92,3.125,2.8555,Tenth instar,27.081,25.753,39.429500000000004,17.12975376355422,1.7677669529663689,0.04997993230502096,2.840816937659113,3.2988323749841277,3.2485511251779506,3.6745142671091604,2.642159655279925,0.5697171415941824,1.0492469591227807,Tenth instar,Tenth instar,FALSE,0.3780000000000001,FALSE,TRUE
JZEI,m,ninth,6.3,19.836,10.188,11.535,12.032,10.6675,11.831,17.2205,18.424,2.469,2.6265,Ninth instar,23.567,22.4985,35.6445,14.215806976742474,1.5713051899615174,-0.13353139262452274,2.654354512872049,3.1598474284059583,3.1134486403213866,3.5735948572584166,2.487569767207484,0.45190660518152126,0.9656521614118792,Ninth instar,Ninth instar,FALSE,1.3359999999999985,FALSE,FALSE
KAIL,m,ninth,6.203,20.802,10.235,11.9675,12.533,11.3315,11.9735,17.9195,18.843,2.4604999999999997,2.7845,Ninth instar,24.5005,23.305,36.7625,14.591383416249467,1.5685981002156033,-0.14904798003102915,2.680431177522097,3.198693525505703,3.1486679298247044,3.6044783038801134,2.5283651656293853,0.4501822906619479,1.0240683240475863,Ninth instar,Ninth instar,FALSE,2.3019999999999996,FALSE,FALSE
KEMO,m,tenth,6.988,24.995,12.657,13.3995,13.4625,12.033,13.303999999999998,19.667,21.167,2.866,2.9855,Tenth instar,26.862000000000002,25.336999999999996,40.834,17.786559954077685,1.692926460304759,-0.02988663375019951,2.8784431133379225,3.2907126484868834,3.23226577798696,3.709515067714008,2.599908042482507,0.5264586647029901,1.09376723700491,Tenth instar,Tenth instar,FALSE,0.8450000000000024,FALSE,FALSE
KIIU,m,tenth,7.58,25.714,12.751,13.7775,14.068,12.627,13.87,19.7915,21.3825,3.3605,2.9025,Tenth instar,27.8455,26.497,41.174,18.107435323645365,1.8331666590902203,0.051432173632270706,2.896322645281731,3.326671373425576,3.277031519036549,3.7178069891871166,2.643902714611736,0.6060448862139417,1.0655724345899094,Tenth instar,Tenth instar,FALSE,1.564,FALSE,FALSE
KORY,m,eighth,5.808,13.152,7.449,9.427,10.875,9.096,10.1915,14.8015,16.798000000000002,2.3735,2.2115,Eighth instar,20.302,19.2875,31.599500000000003,9.897941604192257,1.5406167596128506,-0.21484474849951463,2.2923268167539814,3.0107194033622395,2.9594572176892795,3.453141297682875,2.386466576974748,0.43218282950461784,0.7936710183262444,Eighth instar,Eighth instar,FALSE,5.348000000000001,FALSE,FALSE
KTFS,m,ninth,6.697,19.238,10.176,12.694,13.2935,11.4395,12.689,17.930500000000002,20.328000000000003,3.0685,2.572,Ninth instar,25.9875,24.128500000000003,38.258500000000005,13.99163635891099,1.7517134468856486,-0.07242136109409647,2.6384597481640952,3.257615653184131,3.183393714422502,3.6443657578070665,2.5872751939597713,0.5605944214235073,0.944683806375373,Ninth instar,Ninth instar,FALSE,0.7379999999999995,FALSE,FALSE
KYRB,m,ninth,6.86,20.106,10.316,12.75,13.0545,11.557,13.2275,18.8615,20.1225,2.7305,2.6575,Ninth instar,25.8045,24.7845,38.983999999999995,14.401857380213151,1.6524224641416614,-0.048373584284215676,2.6673571830011635,3.2505488953230666,3.2102184577770183,3.663151305541205,2.569132901915541,0.5022423713050357,0.977385831233966,Ninth instar,Ninth instar,FALSE,1.6060000000000016,FALSE,FALSE
LAZJ,m,ninth,6.897,23.07,11.614,12.329,12.5445,11.236,12.1275,18.7345,20.194,2.6815,3.0010000000000003,Ninth instar,24.8735,23.363500000000002,38.9285,16.368719558963676,1.6375286257039907,-0.04299449157285551,2.7953721695677602,3.21380297971891,3.151174975503941,3.661726630183917,2.529282322507553,0.4931881697204215,1.0989455664582302,Ninth instar,Ninth instar,FALSE,1.0799999999999983,FALSE,FALSE
LEZS,m,eighth,6.478,17.353,9.359,12.491,12.8715,11.3505,12.361,17.8905,19.2015,2.566,2.3685,Eighth instar,25.362499999999997,23.7115,37.092,12.743889790797786,1.6018739026527649,-0.10566920527287205,2.545051924641743,3.233271705151933,3.165960162521585,3.6134013129379796,2.5550155649331483,0.47117413309672224,0.8622568433816694,Eighth instar,Eighth instar,FALSE,1.1469999999999985,FALSE,FALSE
LHWT,m,tenth,7.689,26.757,12.899,14.4475,14.914,13.104,14.0835,20.8675,22.2285,3.749,3.0835,Tenth instar,29.3615,27.1875,43.096000000000004,18.57790469886203,1.9362334569984065,0.06570971002803394,2.9219729551675893,3.3796842923595256,3.302757308848903,3.763430185378233,2.702300369121603,0.6607445688768875,1.1260653154494105,Tenth instar,Tenth instar,FALSE,2.607000000000003,FALSE,FALSE
LJJN,m,tenth,7.873,27.681,13.043,13.927499999999998,14.5155,12.719,14.3845,19.988,22.312,3.542,3.5460000000000003,Tenth instar,28.442999999999998,27.103499999999997,42.3,19.00113899217623,1.8820201911775547,0.08935815818032045,2.944498924326337,3.347902084603932,3.299662870837858,3.744787086052232,2.67521704400697,0.6323457696803209,1.2658202076520162,Tenth instar,Tenth instar,FALSE,3.5310000000000024,FALSE,FALSE
LKHO,m,eighth,6.561,17.2,9.208,11.6565,12.6955,10.8,12.0175,17.203,19.0755,2.6285,2.5665,Eighth instar,24.351999999999997,22.817500000000003,36.2785,12.584816248161909,1.6212649382503774,-0.09293799565926908,2.5324910276194945,3.1926139816792753,3.1275277854088954,3.5912252792984884,2.5412475999659256,0.4832066706386829,0.9425431030182209,Eighth instar,Eighth instar,FALSE,1.3000000000000007,FALSE,FALSE
LLJC,m,tenth,7.639,27.183,13.245,13.469,14.7275,12.9305,13.8935,19.615,21.677,3.9895,3.287,Tenth instar,28.1965,26.823999999999998,41.292,18.97468932551993,1.9973732750790474,0.05918567853721313,2.943105950316033,3.3391978567661758,3.2892970091639273,3.7206687766033437,2.6897164944137053,0.6918329548830993,1.1899752946820823,Tenth instar,Tenth instar,FALSE,3.0330000000000013,FALSE,FALSE
LRRL,m,tenth,7.505,25.553,12.528,13.9385,14.567,12.885,13.945,19.5425,20.4675,3.1710000000000003,3.193,Tenth instar,28.505499999999998,26.83,40.010000000000005,17.892120723938792,1.7807301873108121,0.041488439063415816,2.884360432917545,3.3500970511120265,3.2895206644375325,3.6891294228691436,2.6787586964668106,0.5770234977781051,1.160960913732645,Tenth instar,Tenth instar,FALSE,1.4030000000000022,FALSE,FALSE
LRSS,m,ninth,7.33,21.951,11.401,13.2435,13.6845,12.229,13.325,20.1825,21.399500000000003,3.3115,2.639,Ninth instar,26.927999999999997,25.554,41.58200000000001,15.81971399867899,1.819752730455432,0.017894489876550512,2.7612568837107925,3.2931666374484503,3.2407938601691315,3.7276673813211967,2.6162638054715015,0.5987006294714485,0.970400057521187,Ninth instar,Ninth instar,FALSE,2.198999999999998,FALSE,FALSE
MAKB,m,tenth,7.277,24.642,12.115,13.383,13.9925,12.006,13.2345,19.493,21.207500000000003,3.4375,3.034,Tenth instar,27.3755,25.2405,40.700500000000005,17.278247306946383,1.8540496217739157,0.010637663342939696,2.8494483292354826,3.3096484528100474,3.228449847302474,3.7062403773853743,2.6385214717833776,0.6173722314963448,1.1098818809263404,Tenth instar,Tenth instar,FALSE,0.4920000000000009,FALSE,TRUE
MEMQ,m,eighth,6.196,15.978,8.865,10.5075,11.342,10.0605,11.2525,16.558999999999997,17.62,2.2525,2.4735,Eighth instar,21.8495,21.313,34.179,11.901469237031199,1.5008331019803633,-0.15017710346738755,2.476661857793011,3.084178037984578,3.0593172151791017,3.5316114203840883,2.4285126495918363,0.4060203552501779,0.9056341516856262,Eighth instar,Eighth instar,FALSE,2.5220000000000002,FALSE,FALSE
MJSX,m,eighth,6.586,13.104,8.215,10.418,11.3995,10.01,11.041,16.310499999999998,17.945,2.69,2.176,Eighth instar,21.8175,21.051000000000002,34.2555,10.3754209553155,1.6401219466856725,-0.08913484206783706,2.3394396392999726,3.082712400055329,3.0469480649382614,3.533847135757619,2.4335694947894644,0.49477059680687385,0.7774883289936962,Eighth instar,Eighth instar,FALSE,5.396000000000001,FALSE,FALSE
MKMF,m,ninth,6.892,21.856,10.745,12.788,13.597,11.707999999999998,13.797,19.055,21.194000000000003,2.771,2.6065,Ninth instar,26.384999999999998,25.505,40.249,15.324578950170213,1.6646320914844817,-0.043719707356326465,2.7294580067414267,3.2727956668576312,3.23887451137489,3.6950851588354405,2.609849180173549,0.5096041329404206,0.9580083252260235,Ninth instar,Ninth instar,FALSE,2.293999999999997,FALSE,FALSE
MONY,m,eighth,6.874,18.497,9.554,12.4495,12.941,12.1035,12.8155,18.463,19.6055,2.8345,2.606,Eighth instar,25.390500000000003,24.919,38.0685,13.293620199178251,1.6835973390332974,-0.046334847594367456,2.587284235870091,3.2343750883151245,3.2156305647031713,3.639387168514931,2.560400565839533,0.5209327773911107,0.9578164787026533,Eighth instar,Eighth instar,FALSE,0.0030000000000001137,TRUE,TRUE
MUVY,m,tenth,7.374,25.853,12.644,13.5175,14.065,12.5225,13.963,19.707500000000003,22.128500000000003,3.1265,3.0345,Tenth instar,27.5825,26.485500000000002,41.836000000000006,18.079970464577645,1.7681911661356076,0.023879273789943145,2.894804721366327,3.317181513652324,3.2765974134288256,3.733757212892022,2.64368944194182,0.5699570840126077,1.1100466662937727,Tenth instar,Tenth instar,FALSE,1.703000000000003,FALSE,FALSE
MVOV,m,eighth,6.187,13.219,8.007,9.8585,10.659,9.4995,10.754,15.1625,16.192500000000003,2.101,2.2735000000000003,Eighth instar,20.5175,20.2535,31.355000000000004,10.288077225604402,1.449482666333061,-0.15163070947315793,2.3309856738438794,3.0212781805217297,3.0083276181236944,3.4453737439949843,2.366404605707,0.3712067109314317,0.8213204942829283,Eighth instar,Eighth instar,FALSE,5.281000000000001,FALSE,FALSE
NACP,m,ninth,6.378,19.432,9.991,12.2,12.6295,11.0445,12.3085,18.1735,19.4185,2.735,2.5835,Ninth instar,24.8295,23.353,37.592,13.933596520640318,1.6537835408541228,-0.12122645743414373,2.6343029397253765,3.2120324623861927,3.1507254555194897,3.6267912618005145,2.5360353472968944,0.5030657179369723,0.9491450687451022,Ninth instar,Ninth instar,FALSE,0.9319999999999986,FALSE,FALSE
NAPZ,m,ninth,6.444,19.13,9.955,11.615,12.6695,11.086,12.2975,17.508499999999998,19.121,2.734,2.6845,Ninth instar,24.2845,23.383499999999998,36.62949999999999,13.799969202864185,1.6534811761855652,-0.1109315607072816,2.6246663604841607,3.189838286744907,3.152030645438708,3.6008539266839104,2.5391975302552194,0.502882869150879,0.9874944908804871,Ninth instar,Ninth instar,FALSE,0.629999999999999,FALSE,FALSE
NBFT,m,ninth,7.232,22.166,11.334,13.4985,14.178999999999998,11.973,13.397,18.3905,20.2765,3.123,2.7615,Ninth instar,27.6775,25.37,38.667,15.850219052114074,1.767201177002777,0.004434597067865864,2.763183320550444,3.3206198087514847,3.2335673736111907,3.654986523090752,2.651761996755421,0.5693970391504708,1.015774010359105,Ninth instar,Ninth instar,FALSE,1.9839999999999982,FALSE,FALSE
NDWV,m,ninth,6.768,22.145,11.591,12.6065,13.026,11.8615,12.957,18.1355,20.5755,2.7825,2.7735000000000003,Ninth instar,25.6325,24.8185,38.711,16.02132001428097,1.6680827317612277,-0.06187540371808753,2.773920336140885,3.243861077562109,3.2115893428172275,3.6561237973739447,2.56694736012421,0.5116749020837814,1.0201100605131523,Ninth instar,Ninth instar,FALSE,2.004999999999999,FALSE,FALSE
NMCP,m,ninth,7.237,22.578,11.322,13.261500000000002,13.841,11.9435,13.151,19.005,20.4285,3.093,3.0164999999999997,Ninth instar,27.1025,25.0945,39.433499999999995,15.988374401420552,1.7586926962946086,0.005125729861981121,2.7718618582269117,3.29962597455331,3.222648698620699,3.6746157088499873,2.627635201914565,0.5645707468514664,1.1040972188986793,Ninth instar,Ninth instar,FALSE,1.5719999999999992,FALSE,FALSE
NRDG,m,eighth,6.364,15.594,8.86,11.647,12.1895,10.872,12.0505,16.368000000000002,18.118,2.638,2.5439999999999996,Eighth instar,23.8365,22.9225,34.486000000000004,11.754269011725059,1.6241921068642096,-0.12342391554646914,2.4642164947521987,3.1712180193386637,3.1321189609419187,3.54055344457794,2.5005749254247154,0.48501052714756143,0.9337376454778755,Eighth instar,Eighth instar,FALSE,2.9060000000000006,FALSE,FALSE
NRVV,m,eighth,6.223,16.524,8.97,11.1995,11.82,10.6235,11.4625,16.8245,18.4855,2.4755,2.5890000000000004,Eighth instar,23.0195,22.086,35.31,12.17457514659136,1.5733721746617995,-0.1458289204349288,2.4993497728026117,3.136341682814582,3.094943923624939,3.564166209940295,2.469793011977952,0.45322119790967036,0.9512717007694007,Eighth instar,Eighth instar,FALSE,1.975999999999999,FALSE,FALSE
NSFR,m,ninth,6.882,21.072,10.902,12.32,12.8895,11.5455,12.838,18.278,19.6755,2.6950000000000003,2.8095,Ninth instar,25.2095,24.383499999999998,37.9535,15.156745824879428,1.6416455159382004,-0.04517171864672109,2.718445701821507,3.2272209076036993,3.1939066740446562,3.636361726202992,2.5564130264392504,0.4956991021804803,1.0330065315701158,Ninth instar,Ninth instar,FALSE,2.571999999999999,FALSE,FALSE
NVHP,m,eighth,6.63,17.934,9.571,12.0635,12.484,11.049,12.146999999999998,16.759999999999998,18.7815,2.499,2.7234999999999996,Eighth instar,24.5475,23.195999999999998,35.5415,13.10138595721842,1.5808225706890702,-0.08247622182423853,2.5727180228718125,3.200610016061308,3.143979850014194,3.5707010278009683,2.524447824408533,0.45794532592640774,1.001917817841592,Eighth instar,Eighth instar,FALSE,0.565999999999999,FALSE,FALSE
ODLJ,m,eighth,6.399,16.864,9.409,11.519,12.47,11.074,12.4145,17.421,18.859,2.9355,2.4000000000000004,Eighth instar,23.989,23.488500000000002,36.28,12.596562070660392,1.713330090788112,-0.11793929786468649,2.5334239251917903,3.177595391947785,3.1565109396714703,3.591266625246936,2.523325759691945,0.5384388982610517,0.8754687373539001,Eighth instar,Eighth instar,FALSE,1.6359999999999992,FALSE,FALSE
OHZZ,m,eighth,6.78,17.619,9.462,11.9265,12.5325,11.4925,12.427,17.46,18.2325,2.8585000000000003,2.4595,Eighth instar,24.459000000000003,23.9195,35.6925,12.91166054386499,1.690709910067366,-0.06010392406970544,2.558130821208724,3.1969982463488837,3.1746940258539267,3.574940582681238,2.5283252701555217,0.5251485058609445,0.8999580772532574,Eighth instar,Eighth instar,FALSE,0.8810000000000002,FALSE,FALSE
OQDA,m,ninth,7.01,19.668,10.283,12.0715,12.4785,11.3475,12.024,18.287,19.242,2.672,2.7005,Ninth instar,24.55,23.371499999999997,37.528999999999996,14.22132356709459,1.634625339336204,-0.026743324975510907,2.6547424978983734,3.2007118542405295,3.1515173313433817,3.6251139674415493,2.524007163409915,0.49141362783719966,0.9934369410508087,Ninth instar,Ninth instar,FALSE,1.1679999999999993,FALSE,FALSE
OWAU,m,ninth,6.859,22.281,11.248,12.7205,12.8775,11.888,12.5835,19.094,20.687,2.6094999999999997,2.9835000000000003,Ninth instar,25.598,24.4715,39.781000000000006,15.830877676237662,1.6153946886132813,-0.04851936750482522,2.7619623162117892,3.2425142234336,3.1975091751263096,3.683389411370298,2.5554816024576033,0.47957931605066545,1.0930971079799996,Ninth instar,Ninth instar,FALSE,1.8689999999999998,FALSE,FALSE
PAQJ,m,ninth,6.322,18.731,9.473,10.928,11.72,10.1825,11.395,16.6485,18.3905,2.2365,2.611,Ninth instar,22.648000000000003,21.5775,35.039,13.320614212565426,1.4954932296737422,-0.13004541222858368,2.5893127761035766,3.120071547809599,3.0716511051116755,3.5564617268481657,2.4612967841488667,0.4024560719453829,0.9597332897169919,Ninth instar,Eighth instar,TRUE,0.23100000000000165,TRUE,TRUE
PBXK,m,eighth,6.786,16.509,9.14,11.009,11.935,10.6075,11.9755,16.556,17.7575,2.4745,2.527,Eighth instar,22.944000000000003,22.583,34.313500000000005,12.283821066752806,1.5730543537970962,-0.05921935965997127,2.508283036105895,3.13305646441721,3.1171974108351668,3.5355388627430706,2.4794752597907936,0.45301917770490185,0.9270328284060573,Eighth instar,Eighth instar,FALSE,1.9909999999999997,FALSE,FALSE
PFPR,m,eighth,6.048,15.255,8.383,10.5875,11.213,9.8065,11.0225,15.8185,16.868000000000002,2.3585000000000003,2.487,Eighth instar,21.8005,20.829,32.6865,11.308521786688125,1.5357408635573908,-0.17435338714477777,2.4255565819121765,3.081932905311839,3.036346246439246,3.4869621486229487,2.417073819478744,0.42901291187108975,0.9110771648212677,Eighth instar,Eighth instar,FALSE,3.244999999999999,FALSE,FALSE
PIKP,m,tenth,7.657,25.808,12.814,13.437,14.281,12.408,14.087,19.162,21.762500000000003,2.8994999999999997,3.0425,Tenth instar,27.718,26.494999999999997,40.9245,18.185260844981027,1.7027918252094116,0.061539236108976825,2.9006114222998414,3.3220820216466107,3.276956035944725,3.711728905711581,2.658929982470796,0.532269154167179,1.112679545879545,Tenth instar,Tenth instar,FALSE,1.6580000000000013,FALSE,FALSE
PMTK,m,eighth,6.097,14.922,8.338,10.3385,11.157,9.5595,10.839,15.248,17.235500000000002,2.4059999999999997,2.3975,Eighth instar,21.4955,20.3985,32.4835,11.154355023935718,1.551128621359299,-0.16628417909633053,2.4118300067539638,3.0678436109012472,3.0154613687349863,3.480732268108624,2.412067103611043,0.43898280877624346,0.8744265277754563,Eighth instar,Eighth instar,FALSE,3.5779999999999994,FALSE,FALSE
PVUO,m,ninth,6.915,20.205,10.555,12.5585,13.378,12.0305,12.972,18.906,20.0565,3.0715,2.919,Ninth instar,25.936500000000002,25.002499999999998,38.9625,14.603553505910812,1.7525695421294984,-0.040388060905288015,2.68126488991536,3.2556512430308167,3.218975819868534,3.6625996450934553,2.5936115666962163,0.5610830208109225,1.0712410918719777,Ninth instar,Ninth instar,FALSE,1.7049999999999983,FALSE,FALSE
PWML,m,eighth,5.861,14.381,7.991,10.073,11.0125,9.572,11.062,14.8295,16.5455,2.002,2.3535,Eighth instar,21.0855,20.634,31.375,10.720007975743302,1.4149204924659193,-0.2057607885277175,2.372111899648284,3.0485856004577934,3.026940200678184,3.446011397451948,2.399030991262298,0.34707334044651433,0.8559035818590599,Eighth instar,Eighth instar,FALSE,4.119,FALSE,FALSE
PXBQ,m,eighth,6.598,18.131,9.48,11.676,12.3135,10.7415,11.93,16.7535,19.075,2.5345,2.7985,Eighth instar,23.9895,22.6715,35.8285,13.11037299240567,1.5920113064925137,-0.08731445321562004,2.573403748355301,3.177616234616898,3.121108629070701,3.5787436660810505,2.5106962214742934,0.46499818946513355,1.0290835593492773,Eighth instar,Eighth instar,FALSE,0.3689999999999998,FALSE,TRUE
PXBW,m,eighth,6.693,16.881,9.384,11.3895,11.822,11.017499999999998,12.069,17.364,17.8555,2.5380000000000003,2.7195,Eighth instar,23.2115,23.0865,35.2195,12.586155250909629,1.5931101656822104,-0.07301882190350462,2.532597420235213,3.144647845513903,3.1392480311059816,3.561599906488016,2.469962202402178,0.46568818464609796,1.0004480398808784,Eighth instar,Eighth instar,FALSE,1.6189999999999998,FALSE,FALSE
PZFT,m,ninth,6.962,23.843,11.726,13.2975,13.7725,12.202,13.464,19.563,20.985,3.5585,3.1055,Ninth instar,27.07,25.666,40.548,16.720736168004088,1.88639868532609,-0.03361423663276253,2.8166496358741466,3.29842610362621,3.2451671588222695,3.7024864575201533,2.6226738503647344,0.6346695538785945,1.1331747330172206,Ninth instar,Ninth instar,FALSE,0.3069999999999986,FALSE,TRUE
PZMO,m,eighth,5.991,14.349,8.032,10.2865,11.0925,9.7945,10.7765,15.5825,16.672,2.193,2.3565,Eighth instar,21.378999999999998,20.570999999999998,32.2545,10.735509675837474,1.4808781178746615,-0.18382268292022186,2.3735569081578216,3.0624091318182707,3.023882316970337,3.473657568391416,2.4062692042709273,0.39263523471787554,0.8571774673816485,Eighth instar,Eighth instar,FALSE,4.151,FALSE,FALSE
PZWX,m,eighth,6.873,17.052,9.27,12.1225,12.5915,11.1825,12.2615,17.976,18.634,2.834,2.5774999999999997,Eighth instar,24.714,23.444,36.61,12.572670360746757,1.6834488409215174,-0.04648033388254147,2.531525439240364,3.2073698846819987,3.1546145986141827,3.600321427132145,2.533021983135721,0.5208445706342444,0.9468199369089778,Eighth instar,Eighth instar,FALSE,1.4480000000000004,FALSE,FALSE
QDXY,m,ninth,7.613,23.862,11.444,13.6055,13.8645,12.709,13.9065,19.709,21.222,2.88,3.093,Ninth instar,27.47,26.615499999999997,40.931,16.525033373642547,1.697056274847714,0.0557762863020661,2.8048764053207362,3.3130945001071823,3.281493752846906,3.711887722162856,2.6293316163908047,0.5288951470739273,1.1291414937029325,Ninth instar,Ninth instar,FALSE,0.28800000000000026,FALSE,TRUE
QIIV,m,eighth,5.947,14.201,8.016,10.574,11.3355,9.9945,11.139,15.5355,17.0225,2.072,2.234,Eighth instar,21.9095,21.133499999999998,32.558,10.669358743617163,1.4394443372357266,-0.19119413529755303,2.3673759645026924,3.0869203327171313,3.050859459179304,3.483023114186318,2.427939394146747,0.36425716219861837,0.803793700647009,Eighth instar,Eighth instar,FALSE,4.2989999999999995,FALSE,FALSE
QQJU,m,ninth,7.124,20.466,10.728,11.057,12.921,11.08,12.364,17.488999999999997,19.42,3.1135,2.6665,Ninth instar,23.978,23.444000000000003,36.909,14.817531778268606,1.7645112637781601,-0.010611660594594508,2.6958110593219704,3.177136743285462,3.1546145986141827,3.6084554237461415,2.558853894740083,0.5678737476651847,0.9807667510585198,Ninth instar,Ninth instar,FALSE,1.966000000000001,FALSE,FALSE
QSRM,m,ninth,7.046,22.9,11.347,12.9225,13.1505,11.9865,12.9435,17.7925,20.333,3.1015,2.7865,Ninth instar,26.073,24.93,38.1255,16.119748757347306,1.7611076060252537,-0.021620946102963723,2.780045151184523,3.260900296123433,3.2160718975354663,3.6408833495956765,2.576459780714613,0.5659429327155177,1.024786328027454,Ninth instar,Ninth instar,FALSE,1.25,FALSE,FALSE
QUAR,m,eighth,6.544,15.959,8.818,10.925,11.222,NA,NA,NA,NA,2.495,2.3505000000000003,Eighth instar,22.147,NA,NA,11.862818467800981,1.5795568998931315,-0.09553242672156381,2.4734090101763977,3.0977020471377084,NA,NA,2.41787613732878,0.45714436460174107,0.8546280714820482,Eighth instar,Eighth instar,FALSE,2.5410000000000004,FALSE,FALSE
QZHA,m,eighth,6.662,16.89,9.094,11.2155,12.271,10.666,11.611,16.811500000000002,17.676499999999997,2.7569999999999997,2.4495,Eighth instar,23.4865,22.277,34.488,12.39345230353512,1.660421633200435,-0.07766128625052171,2.5171682931112636,3.156425787994995,3.103554756082737,3.5406114374448334,2.5072387549944106,0.5070715660208298,0.8958839220964925,Eighth instar,Eighth instar,FALSE,1.6099999999999994,FALSE,FALSE
RBAX,m,ninth,6.677,19.692,10.349,12.4515,13.035,11.5015,12.846,17.5285,20.968,2.823,2.606,Ninth instar,25.4865,24.3475,38.4965,14.275591336263448,1.6801785619391767,-0.07541224114627787,2.658551179290995,3.238148900211786,3.1924291748532174,3.6505673280703475,2.567638047385465,0.5189000746356761,0.9578164787026533,Ninth instar,Ninth instar,FALSE,1.1920000000000002,FALSE,FALSE
RCMK,m,eighth,6.334,15.19,8.629,11.132,11.599,10.478000000000002,11.5155,16.726,17.575,2.194,2.457,Eighth instar,22.731,21.9935,34.301,11.44877766401287,1.481215716902842,-0.12814907790556163,2.437882970066926,3.123729631617346,3.0907469551575684,3.53517450826586,2.450918887499739,0.39286318092651923,0.8989410935390421,Eighth instar,Eighth instar,FALSE,3.3100000000000005,FALSE,FALSE
RDRL,m,eighth,6.74,17.552,9.405,11.849,12.2265,11.0745,12.0285,17.424500000000002,17.4235,2.474,2.7655000000000003,Eighth instar,24.075499999999998,23.103,34.848,12.848212327012655,1.5728954192825408,-0.06602110109779402,2.553204683142934,3.1811947259005118,3.1399624792252228,3.5509957467505497,2.5036057272204846,0.45291813698514805,1.0172214504525958,Eighth instar,Eighth instar,FALSE,0.9480000000000004,FALSE,FALSE
RIWP,m,ninth,6.941,19.517,10.604,12.234,13.359,12.087,13.2275,18.5745,20.4995,3.629,2.6784999999999997,Ninth instar,25.593,25.3145,39.074,14.386044209580339,1.9049934383089093,-0.03663516966456304,2.666258584537922,3.2423188765946676,3.231377354091126,3.6654572841694435,2.592190315007675,0.6444785641154667,0.9852569363388779,Ninth instar,Ninth instar,FALSE,1.0169999999999995,FALSE,FALSE
RPNA,m,eighth,6.39,17.927,9.447,11.2865,11.7235,10.761500000000002,11.494,16.695999999999998,18.175,2.1159999999999997,2.7075,Eighth instar,23.009999999999998,22.2555,34.870999999999995,13.013699281910581,1.4546477236774544,-0.11934675763256619,2.5660025935298494,3.135928904047274,3.102589169076821,3.5516555382230144,2.4615953743786534,0.37476375699802644,0.9960256998930086,Eighth instar,Eighth instar,FALSE,0.5730000000000004,FALSE,FALSE
RQME,m,ninth,6.735,19.876,10.146,12.18,13.1515,11.5335,12.941,17.9205,19.6035,3.108,2.694,Ninth instar,25.3315,24.4745,37.524,14.200770964986374,1.7629520696831211,-0.06676321615968228,2.653296256442286,3.232048680578448,3.197631759198706,3.6249807282637048,2.576535820559528,0.5669897162527006,0.9910270779881722,Ninth instar,Ninth instar,FALSE,1.3760000000000012,FALSE,FALSE
RSFE,m,tenth,7.484,26.64,13.488,13.657,14.0355,12.5595,13.937,20.9995,22.174,3.566,3.3785,Tenth instar,27.692500000000003,26.496499999999997,43.173500000000004,18.955746358294626,1.8883855538528143,0.038686382389833573,2.942107123465844,3.3211616184089507,3.2770126487977453,3.7652268811014777,2.64158983440194,0.6357222597204744,1.217431824010092,Tenth instar,Tenth instar,FALSE,2.490000000000002,FALSE,FALSE
RTXD,m,eighth,6.976,18.452,10.528,12.3445,13.1965,11.8115,13.3035,18.585,20.295499999999997,3.035,2.628,Eighth instar,25.541,25.115000000000002,38.8805,13.93781388884211,1.7421251390184347,-0.03160533941533106,2.634605570139268,3.2402850041057003,3.223465277202008,3.6604928395918526,2.579951642918296,0.5551057122557309,0.9662231006223642,Eighth instar,Eighth instar,FALSE,0.047999999999998266,TRUE,TRUE
RWGW,m,eighth,6.105,15.679,8.506,11.1135,11.936,10.4625,12.036,16.186,17.435499999999998,2.593,2.6405000000000003,Eighth instar,23.049500000000002,22.4985,33.6215,11.54840136122745,1.6102794788483148,-0.1649729184593416,2.4465470171048778,3.1376440772334138,3.1134486403213866,3.5151657432850136,2.479559043461405,0.47640775327826373,0.9709682931648509,Eighth instar,Eighth instar,FALSE,2.8209999999999997,FALSE,FALSE
SBJV,m,tenth,7.486,26.997,12.715,13.6935,14.145,12.146,13.9865,19.179499999999997,20.728,3.3015,3.2845,Tenth instar,27.8385,26.1325,39.9075,18.527462184551883,1.8170030269650075,0.0389535834602277,2.9192540737970023,3.326419954704332,3.263179750424725,3.686564276156497,2.6493612047535304,0.5971884553262444,1.1892144333503907,Tenth instar,Tenth instar,FALSE,2.8470000000000013,FALSE,FALSE
SBJVC,m,ninth,6.497,23.893,12.284,13.3365,13.358,12.382,13.331499999999998,19.18,21.249,3.1325000000000003,3.083,Ninth instar,26.694499999999998,25.713499999999996,40.429,17.13188874584469,1.769887002042786,-0.10274049412361563,2.840941565793485,3.2844575516774692,3.247016145812511,3.699547349238451,2.592115456303444,0.5709157038940432,1.1259031489040134,Ninth instar,Ninth instar,FALSE,0.2569999999999979,FALSE,TRUE
SCBI,m,tenth,8.018,26.219,13.339,14.0855,14.683,12.708,14.482,19.556,22.0385,3.7305,3.416,Tenth instar,28.7685,27.189999999999998,41.5945,18.701209613284377,1.9314502323383846,0.10760798819830586,2.9285882069709164,3.359281038560864,3.3028492586443794,3.72796794698804,2.6866903619808005,0.658271136464716,1.2284702759263235,Tenth instar,Tenth instar,FALSE,2.0690000000000026,FALSE,FALSE
SCXD,m,ninth,7.215,20.147,10.41,11.892,13.155,11.091,12.686,17.4755,18.2585,3.0454999999999997,2.613,Ninth instar,25.046999999999997,23.777,35.734,14.482067186696794,1.7451360978445205,0.0020811662038244805,2.672911138280325,3.220754059879973,3.1687187268702655,3.5761026165109757,2.576801914492256,0.5568325456472011,0.9604989865384754,Ninth instar,Ninth instar,FALSE,1.6469999999999985,FALSE,FALSE
SDBA,m,ninth,6.925,20.561,10.144,12.616,12.8805,11.6105,12.551,18.5615,19.6385,2.7190000000000003,2.9475,Ninth instar,25.496499999999997,24.1615,38.2,14.441979919664755,1.6489390528457988,-0.03894297394860735,2.6701392376156674,3.2385411878421033,3.1847604572320676,3.6428355156125294,2.555714539798512,0.5001320828251669,1.0809573534293888,Ninth instar,Ninth instar,FALSE,2.061,FALSE,FALSE
SDVC,m,ninth,7.158,22.423,11.32,13.482,13.889,12.565,13.629,19.7995,21.649,2.9765,3.0195,Ninth instar,27.371,26.194,41.448499999999996,15.931991714785694,1.7252536045462998,-0.0058504136781756255,2.7683291452832153,3.3094840587388235,3.2655303769072113,3.7244516927479676,2.631097159934082,0.5453740568056539,1.1050912547658187,Ninth instar,Ninth instar,FALSE,1.7270000000000003,FALSE,FALSE
SGBK,m,ninth,6.939,21.57,10.906,12.9785,13.8335,12.4335,13.7955,19.2225,20.5245,3.5655,3.098,Ninth instar,26.812,26.229,39.747,15.337614547249517,1.8882531609929851,-0.036923354104597905,2.7303082784524673,3.2888495484957114,3.266865668866864,3.682534366554096,2.627093186688735,0.6356521482431107,1.130756741994677,Ninth instar,Ninth instar,FALSE,2.5799999999999983,FALSE,FALSE
SMVB,m,eighth,6.867,18.044,9.605,11.9315,12.455,10.919,12.35,15.525,16.313000000000002,2.7065,2.755,Eighth instar,24.386499999999998,23.269,31.838,13.164825103281851,1.6451443705644804,-0.0473536963834702,2.5775485078833347,3.1940297004954985,3.14712200260481,3.4606605449329444,2.5221221487141436,0.4978281436274478,1.0134174426048779,Eighth instar,Eighth instar,FALSE,0.4559999999999995,FALSE,TRUE
SMXT,m,eighth,5.744,12.156,7.891,10.303,10.7595,9.685,10.431,15.433,16.095,1.996,2.2430000000000003,Eighth instar,21.0625,20.116,31.528,9.794028588890273,1.4127986409959488,-0.2259251942760867,2.281772872296722,3.0474942081125804,3.001515518309718,3.4508760398927025,2.3757890852524617,0.34557258894463605,0.8078142555380714,Eighth instar,Eighth instar,FALSE,6.343999999999999,FALSE,FALSE
SNDZ,m,ninth,7.488,19.541,10.706,12.8195,13.6485,11.94,13.488,18.637500000000003,21.3585,3.744,2.551,Ninth instar,26.468,25.427999999999997,39.996,14.463953332336217,1.9349418595916519,0.03922071315328135,2.671659577174498,3.275936456149813,3.235850929074162,3.688779449113603,2.613629625482718,0.6600772793076728,0.9364854391596744,Ninth instar,Ninth instar,FALSE,1.0410000000000004,FALSE,FALSE
SQCA,m,tenth,7.59,25.214,12.477,13.524,14.0355,12.04,13.683,19.8295,21.6225,3.184,3.224,Tenth instar,27.5595,25.723,41.452,17.736828295949646,1.784376641855637,0.052750565385528914,2.875643172618981,3.3163473037457623,3.2473855333139166,3.724536131321971,2.64158983440194,0.5790691339910684,1.170622824644382,Tenth instar,Tenth instar,FALSE,1.064,FALSE,FALSE
SSQG,m,tenth,7.689,25.91,12.393,13.901,14.5805,12.96,14.8785,19.8045,21.711,3.536,2.925,Tenth instar,28.4815,27.838500000000003,41.5155,17.919336762280015,1.8804254837669054,0.06570971002803394,2.885880395828378,3.349254753696162,3.326419954704332,3.7260668514810438,2.679685019545314,0.6314980723876985,1.0732944806838198,Tenth instar,Tenth instar,FALSE,1.7600000000000016,FALSE,FALSE
SVLP,m,ninth,6.834,19.358,10.085,12.5315,12.99,11.806,12.7335,18.0635,20.4315,2.8360000000000003,2.6895,Ninth instar,25.5215,24.539499999999997,38.495000000000005,13.972309401097588,1.6840427548016708,-0.0521708723289096,2.637077471066536,3.239521234178731,3.200284064177069,3.650528362730013,2.5641798306825083,0.5211973043349406,0.9893553027311601,Ninth instar,Ninth instar,FALSE,0.8580000000000005,FALSE,FALSE
SYKW,m,tenth,7.078,25.874,12.88,14.0205,14.459,12.8175,14.418,19.7595,22.225499999999997,3.6535,3.3525,Tenth instar,28.4795,27.235500000000002,41.985,18.25533127609576,1.9114130898369406,-0.017089644098738033,2.9044571620859587,3.349184530209888,3.3045212693966945,3.7373124116355263,2.671317058045989,0.6478428061245678,1.2097063361736966,Tenth instar,Tenth instar,FALSE,1.7240000000000002,FALSE,FALSE
TABC,m,ninth,7.063,20.5,10.691,12.253,12.7985,11.7015,12.872,18.2955,20.46,2.507,2.8760000000000003,Ninth instar,25.0515,24.5735,38.7555,14.804239257726147,1.5833508770957876,-0.01921113559522447,2.694913576087863,3.220933705977645,3.2016686265304797,3.657272681211339,2.54932797655858,0.45954340958807816,1.0564004398588003,Ninth instar,Ninth instar,FALSE,2,FALSE,FALSE
TKBC,m,ninth,7.242,23.755,12.282,12.856,13.011500000000002,12.0055,13.152,19.136000000000003,21.079,2.5615,2.8065,Ninth instar,25.8675,25.1575,40.215,17.080951671379438,1.6004686813555584,0.00581638532143991,2.837963905273046,3.2529873544969687,3.2251560628253513,3.6942400603560324,2.56583358180456,0.47029651219855995,1.031938155400117,Ninth instar,Ninth instar,FALSE,0.3949999999999996,FALSE,TRUE
TKSH,m,ninth,7.189,21.423,11.301,13.167,13.388,12.132,13.7945,19.6005,22.3575,2.6975,3.115,Ninth instar,26.555,25.926499999999997,41.958,15.559605489857383,1.6424067705656842,-0.0015289460202752014,2.7446781643065483,3.2792180538743625,3.255265611651069,3.7366691179497846,2.59435878334908,0.4961627090750763,1.1362291522394166,Ninth instar,Ninth instar,FALSE,2.7270000000000003,FALSE,FALSE
TSNP,m,tenth,7.302,24.837,12.365,13.0085,13.6805,12.331499999999998,13.694,19.0585,21.1635,2.8979999999999997,3.1710000000000003,Tenth instar,26.689,26.0255,40.221999999999994,17.52454007955701,1.7023513150933327,0.014067257211435535,2.8636021888990792,3.2842514954983333,3.259076826612348,3.694414109612411,2.6159714612340825,0.5320104219492452,1.1540469955562103,Tenth instar,Tenth instar,FALSE,0.6870000000000012,FALSE,FALSE
TWQN,m,eighth,6.038,15.802,8.783,11.053,11.559,10.716,11.601,16.979,NA,2.495,2.4524999999999997,Eighth instar,22.612000000000002,22.317,NA,11.780872887863614,1.5795568998931315,-0.17600819473736262,2.466477274617761,3.1184807388130444,3.105348719877314,NA,2.44746435431213,0.45714436460174107,0.897107912457381,Eighth instar,Eighth instar,FALSE,2.6980000000000004,FALSE,FALSE
TYRB,m,eighth,7.488,16.907,9.596,12.237,12.459,11.1215,12.2455,18.244999999999997,18.698,3.157,2.5415,Eighth instar,24.695999999999998,23.366999999999997,36.943,12.737329861474107,1.7767948671695335,0.03922071315328135,2.5445370411661385,3.206641287199858,3.151324770605921,3.609376184250992,2.5224432533167263,0.5748111047879273,0.9327544579048201,Eighth instar,Eighth instar,FALSE,1.593,FALSE,FALSE
UHRS,m,ninth,7.047,18.62,10.853,12.5485,13.7635,12.0895,13.2755,18.722,20.312,3.181,2.927,Ninth instar,26.312,25.365,39.034000000000006,14.215585109308726,1.7835358140502815,-0.021479031677124283,2.6543389056563993,3.270025108886756,3.233370271018653,3.66443306120901,2.6220201606261755,0.5785978063835036,1.0739780077097487,Ninth instar,Eighth instar,TRUE,0.120000000000001,TRUE,TRUE
UKOQ,m,tenth,7.438,26.978,12.939,13.5745,14.244,12.6895,14.102,19.551,21.6545,3.3760000000000003,3.2065,Tenth instar,27.8185,26.7915,41.2055,18.683370734425843,1.8373894524569363,0.03252096948086858,2.927633862690652,3.3257012669970947,3.288084673030511,3.7185717425914278,2.6563357654155313,0.6083457883668554,1.1651799996067806,Tenth instar,Tenth instar,FALSE,2.828000000000003,FALSE,FALSE
ULBD,m,ninth,7.331,22.949,11.905,13.3755,14.3005,12.3235,13.7725,19.3745,21.3795,3.8,2.9225000000000003,Ninth instar,27.676000000000002,26.096,40.754000000000005,16.529000120999456,1.9493588689617927,0.018030906219439924,2.8051164212556503,3.3205656116365647,3.261782045878658,3.707553994378745,2.660294501689564,0.66750053336617,1.0724394143640865,Ninth instar,Ninth instar,FALSE,1.200999999999997,FALSE,FALSE
UNBX,m,eighth,6.437,16.453,9.195,11.173,12.506,10.74,11.986,16.4795,18.2405,2.4145000000000003,2.7125,Eighth instar,23.679000000000002,22.726,34.72,12.299810364391803,1.5538661461013945,-0.1120184329515308,2.5095838447303986,3.1645885793943753,3.1235096434958174,3.5473158897921495,2.5262085291451064,0.4407461131657298,0.9978707188665779,Eighth instar,Eighth instar,FALSE,2.0470000000000006,FALSE,FALSE
UQVJ,m,ninth,6.663,20.062,10.446,12.045,12.117,10.8845,12.559,17.347,19.4805,2.6575,2.6445,Ninth instar,24.162,23.4435,36.8275,14.476451637055263,1.6301840386901107,-0.07751119244160942,2.6725233042377003,3.184781151097372,3.154593270968221,3.6062448487069565,2.4946094252493856,0.4886929156169831,0.9724820115238975,Ninth instar,Ninth instar,FALSE,1.5620000000000012,FALSE,FALSE
UYSP,m,tenth,7.95,26.57,12.62,13.749,13.94,12.6795,13.8095,19.699,20.93,3.4685,3.3545,Tenth instar,27.689,26.489,40.629000000000005,18.311564651880516,1.8623909364040623,0.09909090264423104,2.9075328084423946,3.321035222410119,3.2767295524770503,3.704482097341344,2.6347624053323777,0.6218611119216094,1.2103027280208056,Tenth instar,Tenth instar,FALSE,2.4200000000000017,FALSE,FALSE
VDVI,m,tenth,7.624,26,12.603,14.0195,14.191,13.0485,13.834,20.8075,22.163,3.6395,3.299,Tenth instar,28.210500000000003,26.8825,42.9705,18.101878355574044,1.9077473627291428,0.05722014032989153,2.8960157094384185,3.339694249068106,3.2914755172825445,3.76051383374434,2.6526079608524005,0.6459231547880877,1.1936193922464444,Tenth instar,Tenth instar,FALSE,1.8500000000000014,FALSE,FALSE
VECM,m,ninth,7.074,19.196,10.295,12.039,12.9925,11.2655,12.5845,17.9895,19.339,2.4219999999999997,2.6630000000000003,Ninth instar,25.0315,23.85,37.3285,14.057838382909374,1.5562776101968439,-0.017654935238720748,2.643180132237876,3.220135031734363,3.1717842173343502,3.6197571099600463,2.5643722679004597,0.44229682256545017,0.9794533068317953,Ninth instar,Ninth instar,FALSE,0.6960000000000015,FALSE,FALSE
VFCQ,m,eighth,5.713,15.057,8.296,10.4285,11.4165,10.0935,11.107,16.2835,17.0465,2.683,2.4210000000000003,Eighth instar,21.845,21.200499999999998,33.33,11.176442725661865,1.6379865689315036,-0.23133674627968404,2.4138082351340664,3.083972062403399,3.0540247663055076,3.506457892319648,2.435059677393419,0.49346778572174343,0.8841806779559216,Eighth instar,Eighth instar,FALSE,3.4429999999999996,FALSE,FALSE
VFPH,m,ninth,7.425,24.147,12.393,13.282,13.544,12.5325,13.832,20.076,20.8155,3.007,3.0540000000000003,Ninth instar,26.826,26.3645,40.8915,17.298952887385987,1.7340703561274555,0.030771658666753465,2.850645972931222,3.2893715664798986,3.272018408266287,3.710922217489484,2.6059436448308344,0.550471452003196,1.1164522067964409,Ninth instar,Ninth instar,FALSE,0.0030000000000001137,TRUE,TRUE
VGLK,m,ninth,6.791,20.267,10.42,12.958,13.677,12.207,13.419,18.5555,20.646,3.33,2.7584999999999997,Ninth instar,26.634999999999998,25.626,39.201499999999996,14.532107211275315,1.8248287590894658,-0.05848281989035531,2.6763604919311987,3.2822261403689623,3.2436074610873846,3.668715011370441,2.615715589899414,0.6014861519961762,1.0146870537303483,Ninth instar,Ninth instar,FALSE,1.7669999999999995,FALSE,FALSE
VHBT,m,tenth,8.111,26.878,13.09,13.549,15.029,12.7555,14.2435,20.3195,23.47,3.291,3.286,Tenth instar,28.578,26.999,43.789500000000004,18.757212479470397,1.8141113527013715,0.11914013906619814,2.9315783440233405,3.3526371910467785,3.295799828281404,3.779394062616126,2.7099816679519573,0.5955957349806014,1.1896710196150764,Tenth instar,Tenth instar,FALSE,2.7280000000000015,FALSE,FALSE
VNSP,m,eighth,6.392,18.458,9.43,11.1465,12.7185,10.594,12.268,16.6545,19.1545,2.6635,2.774,Eighth instar,23.865000000000002,22.862000000000002,35.809,13.193139884045799,1.6320232841476252,-0.1190338175580361,2.5796969887443755,3.17241295045786,3.1294761436035867,3.578199258459857,2.54305762643003,0.48982052368745843,1.0202903218926398,Eighth instar,Eighth instar,FALSE,0.04200000000000159,TRUE,TRUE
WDBI,m,ninth,6.52,19.023,10.36,11.7215,12.5945,11.14,12.745,18.188,19.172,2.8514999999999997,2.6334999999999997,Ninth instar,24.316000000000003,23.884999999999998,37.36,14.038457180188995,1.688638504831629,-0.09920665008344809,2.6418005051086704,3.191134569886476,3.1732506468419253,3.620600613360642,2.533260210723602,0.5239225858072282,0.9683137599413069,Ninth instar,Eighth instar,TRUE,0.5229999999999997,FALSE,FALSE
WHVM,m,tenth,7.382,25.282,12.289,13.5615,14.265,12.32,13.5205,18.847,19.8945,3.351,3.087,Tenth instar,27.826500000000003,25.8405,38.7415,17.626414780096376,1.8305736805712027,0.02496357858579712,2.869398616687913,3.3259888040644006,3.2519430285723963,3.656911376898855,2.6578089846654636,0.6046294043775866,1.1271997455200222,Tenth instar,Tenth instar,FALSE,1.1320000000000014,FALSE,FALSE
WKXK,m,ninth,7.255,23.899,11.507,12.704,13.0285,11.956,12.88,18.999,20.545,3.101,2.83,Ninth instar,25.7325,24.836,39.544,16.58329861637907,1.7609656441850305,0.007609860314141459,2.808396081449622,3.2477547844185777,3.212294213502646,3.677413976004658,2.5671392655538035,0.5658623200591559,1.0402767116551463,Ninth instar,Ninth instar,FALSE,0.25099999999999767,FALSE,TRUE
WNVZ,m,ninth,7.017,19.242,10.117,12.021,12.3975,11.1965,12.65,17.118499999999997,18.269,2.8979999999999997,2.635,Ninth instar,24.4185,23.8465,35.387499999999996,13.952466233609025,1.7023513150933327,-0.02574524975185799,2.635656283581413,3.195341041734537,3.1716374560413296,3.566358650438018,2.517494839381152,0.5320104219492452,0.9688831819933256,Ninth instar,Ninth instar,FALSE,0.7420000000000009,FALSE,FALSE
WQOI,m,ninth,7.152,23.9,12.061,13.7635,14.2805,12.68,14.3855,19.9685,22.1175,3.581,3.0615,Ninth instar,28.044,27.0655,42.086,16.978159499780887,1.8923530326025322,-0.006688988150796549,2.8319277827692853,3.3337747053447213,3.2982598541222665,3.7397151438164316,2.6588949703040647,0.6378210455081479,1.1189049919358722,Ninth instar,Ninth instar,FALSE,0.25,TRUE,TRUE
WQRK,m,ninth,7.222,20.953,10.415,12.287,13.2925,11.62,12.995,17.560499999999998,20.431,3.05,2.857,Ninth instar,25.579500000000003,24.615,37.9915,14.772457310820023,1.746424919657298,0.0030508968332563224,2.692764454459953,3.2417912494389416,3.203356013210164,3.637362450494815,2.5871999663963567,0.5575707953096601,1.0497721232486361,Ninth instar,Ninth instar,FALSE,2.4529999999999994,FALSE,FALSE
WSXA,m,eighth,6.222,14.539,8.082,10.975,11.7755,10.655,11.4715,16.576999999999998,17.7815,2.38,2.2355,Eighth instar,22.7505,22.1265,34.3585,10.839935331910427,1.5427248620541512,-0.1459896275465642,2.3832370303027854,3.1245871231774243,3.0967759852060763,3.536849440749858,2.466021101845971,0.4335502438416916,0.8044649166918982,Eighth instar,Eighth instar,FALSE,3.9610000000000003,FALSE,FALSE
WWFJ,m,eighth,6.773,15.47,8.732,10.760000000000002,11.5685,10.1935,11.2315,16.305999999999997,17.351,2.361,2.364,Eighth instar,22.328500000000002,21.425,33.657,11.622565981744307,1.536554587380481,-0.06113690578924302,2.4529485516363363,3.1058638893906734,3.0645584644838437,3.5162210582309372,2.4482858871656,0.4295426290516879,0.8603550995438517,Eighth instar,Eighth instar,FALSE,3.0299999999999994,FALSE,FALSE
WYMS,m,eighth,6.189,17.471,9.43,11.012,11.462,10.053999999999998,11.2275,16.1385,17.2,2.578,2.5380000000000003,Eighth instar,22.474,21.281499999999998,33.338499999999996,12.835557253193178,1.605615146914104,-0.15130750326478526,2.552219230068837,3.1123590854857106,3.057838150711035,3.5067128853087226,2.4390372161295457,0.47350695225849776,0.931376369292196,Eighth instar,Eighth instar,FALSE,1.029,FALSE,FALSE
XMEN,m,eighth,6.713,15.675,8.762,11.167,11.927,10.334,11.722,16.6425,18.069000000000003,2.4185,2.4035,Eighth instar,23.094,22.055999999999997,34.7115,11.719400581941041,1.5551527256189341,-0.07003508106539513,2.461245637955346,3.139572843529664,3.0935846737214954,3.547071044151699,2.478804737596532,0.4415737566404504,0.8769260083518784,Eighth instar,Eighth instar,FALSE,2.8249999999999993,FALSE,FALSE
XOAF,m,ninth,6.989,19.1,10.228,11.5045,12.104,10.282,11.887,17.9925,19.955,2.5895,2.7055,Ninth instar,23.6085,22.169,37.9475,13.976938148249781,1.609192344003662,-0.029743541527017747,2.637408696240762,3.161606816677628,3.0986949166118163,3.636203625518877,2.4935359764860547,0.47573240344090456,0.9952867381006528,Ninth instar,Ninth instar,FALSE,0.6000000000000014,FALSE,FALSE
XQBJ,m,tenth,7.139,25.668,12.88,13.3015,13.4925,12.264,13.3,20.5875,21.4435,3.0919999999999996,3.0975,Tenth instar,26.794,25.564,42.031,18.182514677568665,1.7584083712266612,-0.00850831550168607,2.9004604002822383,3.288177981854794,3.2411851117880355,3.7384074412631336,2.602133975510661,0.5644090653625876,1.1305953345211606,Tenth instar,Tenth instar,FALSE,1.5180000000000007,FALSE,FALSE
XQHC,m,ninth,6.576,18.516,9.762,12.55,13.729,11.5435,12.653,17.843,19.387,3.056,2.7569999999999997,Ninth instar,26.279,24.1965,37.230000000000004,13.444448370981979,1.7481418706729726,-0.09065436826813089,2.5985662603169897,3.268770141142043,3.1862079946038153,3.6171148878846258,2.619510383915468,0.558553435652137,1.0141431320416596,Ninth instar,Eighth instar,TRUE,0.015999999999998238,TRUE,TRUE
XRPL,m,eighth,7.164,18.377,10.717,12.1305,13.0425,11.692,12.789,18.4315,19.7075,3.0645,2.634,Eighth instar,25.173000000000002,24.481,38.138999999999996,14.03375605459921,1.750571335307419,-0.00501254182354427,2.6414655742220736,3.225771991556042,3.1978973064830027,3.641237380636095,2.5682132559144106,0.5599422119718247,0.9685036033210893,Eighth instar,Eighth instar,FALSE,0.12300000000000111,TRUE,TRUE
XVQB,m,ninth,6.811,20.394,10.841,11.683,12.5875,11.1305,12.5125,17.092,19.206000000000003,2.7005,2.5725,Ninth instar,24.2705,23.643,36.298,14.869140997381118,1.6433198106272557,-0.05554207376282827,2.699287991310594,3.1892616210920197,3.163067088039622,3.591762643334209,2.5327042580446806,0.4967184705254043,0.9448781887260675,Ninth instar,Ninth instar,FALSE,1.8939999999999984,FALSE,FALSE
XWCJ,m,eighth,6.176,16.224,8.741,11.819,12.411,10.9715,12.0995,16.4425,17.551000000000002,2.759,2.4385,Eighth instar,24.23,23.071,33.9935,11.908567672058634,1.6610237806846715,-0.15341021329953453,2.4772581135035616,3.1875915348284343,3.1385764175834714,3.526169329869022,2.5185831761473843,0.5074341476175744,0.8913830961679702,Eighth instar,Eighth instar,FALSE,2.276,FALSE,FALSE
YAKT,m,eighth,5.852,13.189,7.468,10.0185,10.938,9.366499999999998,10.915500000000002,16.891,19.0195,2.22,2.2535,Eighth instar,20.9565,20.282,35.9105,9.924487493064818,1.489966442575134,-0.2072975428641317,2.295005187261612,3.0424488607765143,3.0097337931898047,3.581029731839192,2.392242964924581,0.39875359794209403,0.8124845631485659,Eighth instar,Eighth instar,FALSE,5.311,FALSE,FALSE
YBYC,m,ninth,6.919,21.106,10.603,13.077,13.176,11.8805,12.8145,17.740499999999997,19.5885,2.6959999999999997,2.4025,Ninth instar,26.253,24.695,37.32899999999999,14.95950928339563,1.6419500601419033,-0.03980977550533571,2.70534717009628,3.2677802682218036,3.206600793992588,3.6197705044616035,2.5783969928753394,0.49588459652503025,0.8765098618623104,Ninth instar,Ninth instar,FALSE,2.6060000000000016,FALSE,FALSE
YCTD,m,eighth,6.04,14.576,7.82,10.325500000000002,11.547,9.852,10.754,16.204,16.22,2.445,2.3034999999999997,Eighth instar,21.872500000000002,20.606,32.424,10.676343943504255,1.563649577111189,-0.17567701407528613,2.368030447537411,3.0852301399982824,3.0255822955228764,3.4788988893260075,2.4464256629697188,0.4470225614634177,0.8344297053938344,Eighth instar,Eighth instar,FALSE,3.9239999999999995,FALSE,FALSE
YGFO,m,eighth,6.708,17.202,9.184,11.188,11.939,10.685,12.018,16.9855,18.661,2.435,2.7750000000000004,Eighth instar,23.127000000000002,22.703000000000003,35.6465,12.569135531133396,1.5604486534327235,-0.07078018206104719,2.531244247853249,3.141000766145235,3.1224970743454885,3.573650965322563,2.479810352363251,0.44497337826727656,1.0206507471983979,Eighth instar,Eighth instar,FALSE,1.2979999999999983,FALSE,FALSE
YMRF,m,eighth,6.313,16.32,8.967,11.003,12.418,10.1465,11.741,16.615000000000002,17.849,2.438,2.5805,Eighth instar,23.421,21.8875,34.464,12.097166610409232,1.5614096195425466,-0.1314700266365212,2.4929712607529355,3.1536330558062637,3.0859156976119704,3.539915300973978,2.519147032942701,0.44558901552953994,0.9479831786066447,Eighth instar,Eighth instar,FALSE,2.1799999999999997,FALSE,FALSE
YNBA,m,ninth,7.613,19.932,11.51,12.657,12.906,11.882,12.7155,19.479,19.02,3.266,3.1635,Ninth instar,25.563000000000002,24.5975,38.498999999999995,15.14652831509584,1.8072077910411963,0.0557762863020661,2.7177713515764745,3.241145993513929,3.2026448117577835,3.6506322669304336,2.557692319513648,0.5917829972741367,1.151679009604802,Ninth instar,Ninth instar,FALSE,1.4319999999999986,FALSE,FALSE
YSQQ,m,eighth,5.778,14.376,8.27,9.866,11.146,9.7375,11.4235,14.994,16.217,2.324,2.1925,Eighth instar,21.012,21.161,31.211,10.903647096270127,1.5244671200127604,-0.22002342397796615,2.389097329258429,3.045093703091715,3.0521598648526345,3.440770596781882,2.4110806891473446,0.4216449194948324,0.785042445264201,Eighth instar,Eighth instar,FALSE,4.1240000000000006,FALSE,FALSE
YUWR,m,eighth,6.409,16.218,8.652,11.0165,11.9,10.5355,11.915,16.607,18.3865,2.511,2.4124999999999996,Eighth instar,22.9165,22.450499999999998,34.9935,11.845595637197817,1.5846135175493108,-0.11637777349991985,2.471956122306589,3.1318571751248516,3.1113128856551744,3.555162329956666,2.4765384001174837,0.46034054008772396,0.8806635542310038,Eighth instar,Eighth instar,FALSE,2.282,FALSE,FALSE
YZUH,m,eighth,6.293,15.195,8.306,10.6585,11.34,10.086,11.32,16.4875,16.921,1.969,2.4105,Eighth instar,21.9985,21.406,33.408500000000004,11.234307722329845,1.4032106042928838,-0.13464312147721302,2.418972285788659,3.090974269215648,3.0636712565621838,3.508810358623273,2.428336298299606,0.3387628998284943,0.8798341948635399,Eighth instar,Eighth instar,FALSE,3.3049999999999997,FALSE,FALSE
ZAQJ,m,eighth,6.09,13.583,7.527,10.058,11.008,9.4095,10.5755,14.666,16.2135,2.3535,2.2615,Eighth instar,21.066,19.985,30.8795,10.111342195772034,1.5341121210654716,-0.16743294430020406,2.3136577834463745,3.04766036641435,2.9949819921632868,3.430092533315644,2.398622281190988,0.42795179092953,0.8160283099357607,Eighth instar,Eighth instar,FALSE,4.917,FALSE,FALSE
ZAVH,m,eighth,6.355,15.115,8.541,10.4525,11.387,9.8705,11.1555,16.3965,17.253999999999998,2.2285,2.3505000000000003,Eighth instar,21.8395,21.026,33.650499999999994,11.362095537355774,1.4928161306738348,-0.12483912138059217,2.430282862597716,3.0837202568417443,3.045759767153639,3.5160279148213553,2.432472353828468,0.40066435670223666,0.8546280714820482,Eighth instar,Eighth instar,FALSE,3.385,FALSE,FALSE
ZFKD,m,eighth,6.225,16.372,8.969,10.293500000000002,11.4195,9.736999999999998,11.072500000000002,15.452,17.231,2.302,2.484,Eighth instar,21.713,20.8095,32.683,12.117774878252195,1.5172343260024141,-0.14550758367123828,2.4946733728830113,3.077911159511635,3.035409613206753,3.4868550650441135,2.43532242043224,0.4168891551498454,0.9098701640712323,Eighth instar,Eighth instar,FALSE,2.128,FALSE,FALSE
ZFXN,m,ninth,7.041,21.004,10.869,12.6635,13.9395,11.6935,13.392,18.394,20.876,3.1995,2.6340000000000003,Ninth instar,26.603,25.0855,39.269999999999996,15.109350614768328,1.7887146222916612,-0.022330820485013447,2.7153137981783315,3.281023991383134,3.2222899899679884,3.670460868589918,2.6347265366833668,0.581497273798689,0.9685036033210894,Ninth instar,Ninth instar,FALSE,2.5040000000000013,FALSE,FALSE
ZIER,m,tenth,7.789,26.584,12.816,13.5485,13.643,12.7115,13.5685,19.946,21.2905,2.8680000000000003,3.2475,Tenth instar,27.1915,26.28,41.23650000000001,18.458075305946718,1.693517050401324,0.0786314559158019,2.915501960689148,3.3029044244636516,3.26880819361641,3.7193237864880113,2.6132265695807373,0.5268074613686871,1.1778854695626175,Tenth instar,Tenth instar,FALSE,2.434000000000001,FALSE,FALSE
ZRDE,m,ninth,7.122,24.105,11.822,13.4945,13.967,12.257,13.8105,19.2475,21.3265,3.1304999999999996,3.061,Ninth instar,27.4615,26.0675,40.574,16.88103403230975,1.769321904007295,-0.010892441166423739,2.8261907451298818,3.3127850237568977,3.260689327681611,3.7031274673791374,2.6366974043236344,0.570596368101614,1.1187416599632753,Ninth instar,Ninth instar,FALSE,0.04499999999999815,TRUE,TRUE
ZSUF,m,eighth,6.048,15.317,8.304,10.717,11.551,10.0145,11.292,15.8315,17.049500000000002,2.362,2.6790000000000003,Eighth instar,22.268,21.3065,32.881,11.277959389889645,1.5368799562750501,-0.17435338714477777,2.422850324552975,3.1031506703212615,3.059012190481468,3.4928949833507983,2.446772013306543,0.4297543588875853,0.9854435905624718,Eighth instar,Eighth instar,FALSE,3.183,FALSE,FALSE
ZVNV,m,ninth,6.967,23.168,11.715,13.5295,13.6795,12.1795,13.219,19.795499999999997,20.875,2.9770000000000003,3.0605,Ninth instar,27.209000000000003,25.3985,40.6705,16.474620481212913,1.7253985046939158,-0.032896309974027815,2.8018210440815325,3.3035478009253993,3.2346901171625584,3.705503013917818,2.615898361818845,0.5454580410168197,1.1185783013089876,Ninth instar,Ninth instar,FALSE,0.9819999999999993,FALSE,FALSE
